Using pre-set license
Built from '2022.3/staging' branch; Version is '2022.3.34f1 (4886f5360533) revision 4753141'; Using compiler version '192829333'; Build Type 'Release'
OS: 'Windows 11  (10.0.22631) 64bit Education' Language: 'ko' Physical Memory: 16320 MB
BatchMode: 1, IsHumanControllingUs: 0, StartBugReporterOnCrash: 0, Is64bit: 1, IsPro: 1

COMMAND LINE ARGUMENTS:
C:\Program Files\Unity\Hub\Editor\2022.3.34f1\Editor\Unity.exe
-adb2
-batchMode
-noUpm
-name
AssetImportWorker1
-projectPath
C:/Users/PUS_DESK/OneDrive/Documents/Far Fly/FarFlyUnity/Far Fly
-logFile
Logs/AssetImportWorker1.log
-srvPort
8513
Successfully changed project path to: C:/Users/PUS_DESK/OneDrive/Documents/Far Fly/FarFlyUnity/Far Fly
C:/Users/PUS_DESK/OneDrive/Documents/Far Fly/FarFlyUnity/Far Fly
[UnityMemory] Configuration Parameters - Can be set up in boot.config
    "memorysetup-bucket-allocator-granularity=16"
    "memorysetup-bucket-allocator-bucket-count=8"
    "memorysetup-bucket-allocator-block-size=33554432"
    "memorysetup-bucket-allocator-block-count=8"
    "memorysetup-main-allocator-block-size=16777216"
    "memorysetup-thread-allocator-block-size=16777216"
    "memorysetup-gfx-main-allocator-block-size=16777216"
    "memorysetup-gfx-thread-allocator-block-size=16777216"
    "memorysetup-cache-allocator-block-size=4194304"
    "memorysetup-typetree-allocator-block-size=2097152"
    "memorysetup-profiler-bucket-allocator-granularity=16"
    "memorysetup-profiler-bucket-allocator-bucket-count=8"
    "memorysetup-profiler-bucket-allocator-block-size=33554432"
    "memorysetup-profiler-bucket-allocator-block-count=8"
    "memorysetup-profiler-allocator-block-size=16777216"
    "memorysetup-profiler-editor-allocator-block-size=1048576"
    "memorysetup-temp-allocator-size-main=16777216"
    "memorysetup-job-temp-allocator-block-size=2097152"
    "memorysetup-job-temp-allocator-block-size-background=1048576"
    "memorysetup-job-temp-allocator-reduction-small-platforms=262144"
    "memorysetup-allocator-temp-initial-block-size-main=262144"
    "memorysetup-allocator-temp-initial-block-size-worker=262144"
    "memorysetup-temp-allocator-size-background-worker=32768"
    "memorysetup-temp-allocator-size-job-worker=262144"
    "memorysetup-temp-allocator-size-preload-manager=33554432"
    "memorysetup-temp-allocator-size-nav-mesh-worker=65536"
    "memorysetup-temp-allocator-size-audio-worker=65536"
    "memorysetup-temp-allocator-size-cloud-worker=32768"
    "memorysetup-temp-allocator-size-gi-baking-worker=262144"
    "memorysetup-temp-allocator-size-gfx=262144"
Player connection [13348] Host "[IP] 192.168.55.159 [Port] 0 [Flags] 2 [Guid] 2369197684 [EditorId] 2369197684 [Version] 1048832 [Id] WindowsEditor(7,PUS-DESK) [Debug] 1 [PackageName] WindowsEditor [ProjectName] Editor" joined multi-casting on [225.0.0.222:54997]...

Player connection [13348] Host "[IP] 192.168.55.159 [Port] 0 [Flags] 2 [Guid] 2369197684 [EditorId] 2369197684 [Version] 1048832 [Id] WindowsEditor(7,PUS-DESK) [Debug] 1 [PackageName] WindowsEditor [ProjectName] Editor" joined alternative multi-casting on [225.0.0.222:34997]...

[PhysX] Initialized MultithreadedTaskDispatcher with 6 workers.
Refreshing native plugins compatible for Editor in 59.25 ms, found 0 plugins.
Preloading 0 native plugins for Editor in 0.00 ms.
Initialize engine version: 2022.3.34f1 (4886f5360533)
[Subsystems] Discovering subsystems at path C:/Program Files/Unity/Hub/Editor/2022.3.34f1/Editor/Data/Resources/UnitySubsystems
[Subsystems] Discovering subsystems at path C:/Users/PUS_DESK/OneDrive/Documents/Far Fly/FarFlyUnity/Far Fly/Assets
GfxDevice: creating device client; threaded=0; jobified=0
Direct3D:
    Version:  Direct3D 11.0 [level 11.1]
    Renderer: NVIDIA GeForce GTX 1070 (ID=0x1b81)
    Vendor:   NVIDIA
    VRAM:     8067 MB
    Driver:   32.0.15.6109
Initialize mono
Mono path[0] = 'C:/Program Files/Unity/Hub/Editor/2022.3.34f1/Editor/Data/Managed'
Mono path[1] = 'C:/Program Files/Unity/Hub/Editor/2022.3.34f1/Editor/Data/MonoBleedingEdge/lib/mono/unityjit-win32'
Mono config path = 'C:/Program Files/Unity/Hub/Editor/2022.3.34f1/Editor/Data/MonoBleedingEdge/etc'
Using monoOptions --debugger-agent=transport=dt_socket,embedding=1,server=y,suspend=n,address=127.0.0.1:56580
Begin MonoManager ReloadAssembly
Registering precompiled unity dll's ...
Register platform support module: C:/Program Files/Unity/Hub/Editor/2022.3.34f1/Editor/Data/PlaybackEngines/AndroidPlayer/UnityEditor.Android.Extensions.dll
Register platform support module: C:/Program Files/Unity/Hub/Editor/2022.3.34f1/Editor/Data/PlaybackEngines/iOSSupport/UnityEditor.iOS.Extensions.dll
Register platform support module: C:/Program Files/Unity/Hub/Editor/2022.3.34f1/Editor/Data/PlaybackEngines/WindowsStandaloneSupport/UnityEditor.WindowsStandalone.Extensions.dll
Registered in 0.145840 seconds.
- Loaded All Assemblies, in  1.365 seconds
Native extension for WindowsStandalone target not found
[usbmuxd] Start listen thread
[usbmuxd] Listen thread started
Native extension for iOS target not found
Native extension for Android target not found
Android Extension - Scanning For ADB Devices 1080 ms
Mono: successfully reloaded assembly
- Finished resetting the current domain, in  1.741 seconds
Domain Reload Profiling: 3099ms
	BeginReloadAssembly (361ms)
		ExecutionOrderSort (0ms)
		DisableScriptedObjects (0ms)
		BackupInstance (0ms)
		ReleaseScriptingObjects (0ms)
		CreateAndSetChildDomain (1ms)
	RebuildCommonClasses (64ms)
	RebuildNativeTypeToScriptingClass (33ms)
	initialDomainReloadingComplete (548ms)
	LoadAllAssembliesAndSetupDomain (352ms)
		LoadAssemblies (356ms)
		RebuildTransferFunctionScriptingTraits (0ms)
		AnalyzeDomain (345ms)
			TypeCache.Refresh (343ms)
				TypeCache.ScanAssembly (317ms)
			ScanForSourceGeneratedMonoScriptInfo (0ms)
			ResolveRequiredComponents (0ms)
	FinalizeReload (1742ms)
		ReleaseScriptCaches (0ms)
		RebuildScriptCaches (0ms)
		SetupLoadedEditorAssemblies (1610ms)
			LogAssemblyErrors (0ms)
			InitializePlatformSupportModulesInManaged (1338ms)
			SetLoadedEditorAssemblies (6ms)
			RefreshPlugins (0ms)
			BeforeProcessingInitializeOnLoad (4ms)
			ProcessInitializeOnLoadAttributes (170ms)
			ProcessInitializeOnLoadMethodAttributes (90ms)
			AfterProcessingInitializeOnLoad (0ms)
			EditorAssembliesLoaded (0ms)
		ExecutionOrderSort2 (0ms)
		AwakeInstancesAfterBackupRestoration (0ms)
========================================================================
Worker process is ready to serve import requests
Begin MonoManager ReloadAssembly
Symbol file LoadedFromMemory is not a mono symbol file
- Loaded All Assemblies, in  0.928 seconds
Refreshing native plugins compatible for Editor in 15.87 ms, found 0 plugins.
Native extension for WindowsStandalone target not found
Native extension for iOS target not found
Native extension for Android target not found
GPGSUpgrader start
0x00007ff65e96af9d (Unity) StackWalker::GetCurrentCallstack
0x00007ff65e970069 (Unity) StackWalker::ShowCallstack
0x00007ff65f95ff31 (Unity) GetStacktrace
0x00007ff66001b63e (Unity) DebugStringToFile
0x00007ff65da39108 (Unity) DebugLogHandler_CUSTOM_Internal_Log
0x0000020e11cdf7a3 (Mono JIT Code) (wrapper managed-to-native) UnityEngine.DebugLogHandler:Internal_Log (UnityEngine.LogType,UnityEngine.LogOption,string,UnityEngine.Object)
0x0000020e11cdf47b (Mono JIT Code) UnityEngine.DebugLogHandler:LogFormat (UnityEngine.LogType,UnityEngine.Object,string,object[])
0x0000020e11cdf200 (Mono JIT Code) UnityEngine.Logger:Log (UnityEngine.LogType,object)
0x0000020e11cdf0c8 (Mono JIT Code) UnityEngine.Debug:Log (object)
0x0000020e11cdea2b (Mono JIT Code) GooglePlayGames.Editor.GPGSUpgrader:.cctor () (at C:/Users/PUS_DESK/OneDrive/Documents/Far Fly/FarFlyUnity/Far Fly/Assets/GooglePlayGames/com.google.play.games/Editor/GPGSUpgrader.cs:40)
0x0000020e11cdee15 (Mono JIT Code) (wrapper runtime-invoke) object:runtime_invoke_void (object,intptr,intptr,intptr)
0x00007ff8a4fe4c1e (mono-2.0-bdwgc) mono_jit_runtime_invoke (at C:/build/output/Unity-Technologies/mono/mono/mini/mini-runtime.c:3445)
0x00007ff8a4f1d254 (mono-2.0-bdwgc) do_runtime_invoke (at C:/build/output/Unity-Technologies/mono/mono/metadata/object.c:3068)
0x00007ff8a4f17ff9 (mono-2.0-bdwgc) mono_runtime_class_init_full (at C:/build/output/Unity-Technologies/mono/mono/metadata/object.c:563)
0x00007ff8a4e4de07 (mono-2.0-bdwgc) ves_icall_System_Runtime_CompilerServices_RuntimeHelpers_RunClassConstructor (at C:/build/output/Unity-Technologies/mono/mono/metadata/icall.c:1292)
0x00007ff8a4e7feec (mono-2.0-bdwgc) ves_icall_System_Runtime_CompilerServices_RuntimeHelpers_RunClassConstructor_raw (at C:/build/output/Unity-Technologies/mono/mono/metadata/icall-def.h:756)
0x0000020e0b76b13a (Mono JIT Code) (wrapper managed-to-native) System.Runtime.CompilerServices.RuntimeHelpers:RunClassConstructor (intptr)
0x0000020e0b76b04b (Mono JIT Code) System.Runtime.CompilerServices.RuntimeHelpers:RunClassConstructor (System.RuntimeTypeHandle)
0x0000020e0b76737b (Mono JIT Code) UnityEditor.EditorAssemblies:ProcessInitializeOnLoadAttributes (System.Type[])
0x0000020e088ee5f8 (Mono JIT Code) (wrapper runtime-invoke) <Module>:runtime_invoke_void_object (object,intptr,intptr,intptr)
0x00007ff8a4fe4c1e (mono-2.0-bdwgc) mono_jit_runtime_invoke (at C:/build/output/Unity-Technologies/mono/mono/mini/mini-runtime.c:3445)
0x00007ff8a4f1d254 (mono-2.0-bdwgc) do_runtime_invoke (at C:/build/output/Unity-Technologies/mono/mono/metadata/object.c:3068)
0x00007ff8a4f1d3cc (mono-2.0-bdwgc) mono_runtime_invoke (at C:/build/output/Unity-Technologies/mono/mono/metadata/object.c:3115)
0x00007ff65e883464 (Unity) scripting_method_invoke
0x00007ff65e861154 (Unity) ScriptingInvocation::Invoke
0x00007ff65e85bca5 (Unity) ScriptingInvocation::Invoke<void>
0x00007ff65e9ad383 (Unity) Scripting::UnityEditor::EditorAssembliesProxy::ProcessInitializeOnLoadAttributes
0x00007ff65e855b28 (Unity) MonoManager::SetupLoadedEditorAssemblies
0x00007ff65e84b8a9 (Unity) MonoManager::FinalizeReload
0x00007ff65fc592da (Unity) ScriptingInitializer::FinalizeReload
0x00007ff65f7fde7b (Unity) LoadUserAssemblies
0x00007ff65fd066cf (Unity) <lambda_e4c09a862f47a773e31babb76239f51f>::operator()
0x00007ff65fd407b2 (Unity) asio::detail::completion_handler<core::mutable_function<void __cdecl(void)>,asio::io_context::basic_executor_type<std::allocator<void>,0> >::do_complete
0x00007ff65fd2c75e (Unity) asio::detail::win_iocp_io_context::do_one
0x00007ff65fd2e38e (Unity) asio::detail::win_iocp_io_context::run
0x00007ff65fd3eb5c (Unity) IOService::Run
0x00007ff65fd126bf (Unity) AssetImportWorkerClient::Run
0x00007ff65fcdd597 (Unity) RunAssetImportWorkerClientV2
0x00007ff65fcdd61b (Unity) RunAssetImporterV2
0x00007ff65f4d60e1 (Unity) Application::InitializeProject
0x00007ff65f96a715 (Unity) WinMain
0x00007ff660d4f4be (Unity) __scrt_common_main_seh
0x00007ff99d68257d (KERNEL32) BaseThreadInitThunk
0x00007ff99e48af28 (ntdll) RtlUserThreadStart

System.IO.IOException: Sharing violation on path C:\Users\PUS_DESK\OneDrive\Documents\Far Fly\FarFlyUnity\Far Fly\ProjectSettings\GooglePlayGameSettings.txt
  at System.IO.FileStream..ctor (System.String path, System.IO.FileMode mode, System.IO.FileAccess access, System.IO.FileShare share, System.Int32 bufferSize, System.Boolean anonymous, System.IO.FileOptions options) [0x0019e] in <51fded79cd284d4d911c5949aff4cb21>:0 
  at System.IO.FileStream..ctor (System.String path, System.IO.FileMode mode, System.IO.FileAccess access, System.IO.FileShare share, System.Int32 bufferSize, System.IO.FileOptions options) [0x00000] in <51fded79cd284d4d911c5949aff4cb21>:0 
  at (wrapper remoting-invoke-with-check) System.IO.FileStream..ctor(string,System.IO.FileMode,System.IO.FileAccess,System.IO.FileShare,int,System.IO.FileOptions)
  at System.IO.StreamWriter..ctor (System.String path, System.Boolean append, System.Text.Encoding encoding, System.Int32 bufferSize) [0x00055] in <51fded79cd284d4d911c5949aff4cb21>:0 
  at System.IO.StreamWriter..ctor (System.String path, System.Boolean append) [0x00008] in <51fded79cd284d4d911c5949aff4cb21>:0 
  at (wrapper remoting-invoke-with-check) System.IO.StreamWriter..ctor(string,bool)
  at GooglePlayGames.Editor.GPGSProjectSettings.Save () [0x00035] in C:\Users\PUS_DESK\OneDrive\Documents\Far Fly\FarFlyUnity\Far Fly\Assets\GooglePlayGames\com.google.play.games\Editor\GPGSProjectSettings.cs:182 
  at GooglePlayGames.Editor.GPGSUpgrader..cctor () [0x0003a] in C:\Users\PUS_DESK\OneDrive\Documents\Far Fly\FarFlyUnity\Far Fly\Assets\GooglePlayGames\com.google.play.games\Editor\GPGSUpgrader.cs:43 
0x00007ff65e96af9d (Unity) StackWalker::GetCurrentCallstack
0x00007ff65e970069 (Unity) StackWalker::ShowCallstack
0x00007ff65f95ff31 (Unity) GetStacktrace
0x00007ff66001b63e (Unity) DebugStringToFile
0x00007ff65da39108 (Unity) DebugLogHandler_CUSTOM_Internal_Log
0x0000020e11cdf7a3 (Mono JIT Code) (wrapper managed-to-native) UnityEngine.DebugLogHandler:Internal_Log (UnityEngine.LogType,UnityEngine.LogOption,string,UnityEngine.Object)
0x0000020e11cdf47b (Mono JIT Code) UnityEngine.DebugLogHandler:LogFormat (UnityEngine.LogType,UnityEngine.Object,string,object[])
0x0000020e11cdf200 (Mono JIT Code) UnityEngine.Logger:Log (UnityEngine.LogType,object)
0x0000020e12f9e1b5 (Mono JIT Code) UnityEngine.Debug:LogError (object)
0x0000020e0b76742b (Mono JIT Code) UnityEditor.EditorAssemblies:ProcessInitializeOnLoadAttributes (System.Type[])
0x0000020e088ee5f8 (Mono JIT Code) (wrapper runtime-invoke) <Module>:runtime_invoke_void_object (object,intptr,intptr,intptr)
0x00007ff8a4fe4c1e (mono-2.0-bdwgc) mono_jit_runtime_invoke (at C:/build/output/Unity-Technologies/mono/mono/mini/mini-runtime.c:3445)
0x00007ff8a4f1d254 (mono-2.0-bdwgc) do_runtime_invoke (at C:/build/output/Unity-Technologies/mono/mono/metadata/object.c:3068)
0x00007ff8a4f1d3cc (mono-2.0-bdwgc) mono_runtime_invoke (at C:/build/output/Unity-Technologies/mono/mono/metadata/object.c:3115)
0x00007ff65e883464 (Unity) scripting_method_invoke
0x00007ff65e861154 (Unity) ScriptingInvocation::Invoke
0x00007ff65e85bca5 (Unity) ScriptingInvocation::Invoke<void>
0x00007ff65e9ad383 (Unity) Scripting::UnityEditor::EditorAssembliesProxy::ProcessInitializeOnLoadAttributes
0x00007ff65e855b28 (Unity) MonoManager::SetupLoadedEditorAssemblies
0x00007ff65e84b8a9 (Unity) MonoManager::FinalizeReload
0x00007ff65fc592da (Unity) ScriptingInitializer::FinalizeReload
0x00007ff65f7fde7b (Unity) LoadUserAssemblies
0x00007ff65fd066cf (Unity) <lambda_e4c09a862f47a773e31babb76239f51f>::operator()
0x00007ff65fd407b2 (Unity) asio::detail::completion_handler<core::mutable_function<void __cdecl(void)>,asio::io_context::basic_executor_type<std::allocator<void>,0> >::do_complete
0x00007ff65fd2c75e (Unity) asio::detail::win_iocp_io_context::do_one
0x00007ff65fd2e38e (Unity) asio::detail::win_iocp_io_context::run
0x00007ff65fd3eb5c (Unity) IOService::Run
0x00007ff65fd126bf (Unity) AssetImportWorkerClient::Run
0x00007ff65fcdd597 (Unity) RunAssetImportWorkerClientV2
0x00007ff65fcdd61b (Unity) RunAssetImporterV2
0x00007ff65f4d60e1 (Unity) Application::InitializeProject
0x00007ff65f96a715 (Unity) WinMain
0x00007ff660d4f4be (Unity) __scrt_common_main_seh
0x00007ff99d68257d (KERNEL32) BaseThreadInitThunk
0x00007ff99e48af28 (ntdll) RtlUserThreadStart

Mono: successfully reloaded assembly
- Finished resetting the current domain, in  1.931 seconds
Domain Reload Profiling: 2851ms
	BeginReloadAssembly (225ms)
		ExecutionOrderSort (0ms)
		DisableScriptedObjects (6ms)
		BackupInstance (0ms)
		ReleaseScriptingObjects (0ms)
		CreateAndSetChildDomain (25ms)
	RebuildCommonClasses (53ms)
	RebuildNativeTypeToScriptingClass (17ms)
	initialDomainReloadingComplete (54ms)
	LoadAllAssembliesAndSetupDomain (569ms)
		LoadAssemblies (565ms)
		RebuildTransferFunctionScriptingTraits (0ms)
		AnalyzeDomain (156ms)
			TypeCache.Refresh (145ms)
				TypeCache.ScanAssembly (121ms)
			ScanForSourceGeneratedMonoScriptInfo (7ms)
			ResolveRequiredComponents (3ms)
	FinalizeReload (1932ms)
		ReleaseScriptCaches (0ms)
		RebuildScriptCaches (0ms)
		SetupLoadedEditorAssemblies (1725ms)
			LogAssemblyErrors (0ms)
			InitializePlatformSupportModulesInManaged (55ms)
			SetLoadedEditorAssemblies (3ms)
			RefreshPlugins (0ms)
			BeforeProcessingInitializeOnLoad (79ms)
			ProcessInitializeOnLoadAttributes (1536ms)
			ProcessInitializeOnLoadMethodAttributes (32ms)
			AfterProcessingInitializeOnLoad (20ms)
			EditorAssembliesLoaded (0ms)
		ExecutionOrderSort2 (0ms)
		AwakeInstancesAfterBackupRestoration (22ms)
Launched and connected shader compiler UnityShaderCompiler.exe after 0.11 seconds
Refreshing native plugins compatible for Editor in 21.76 ms, found 0 plugins.
Preloading 0 native plugins for Editor in 0.00 ms.
Unloading 574 Unused Serialized files (Serialized files now loaded: 0)
Unloading 24 unused Assets / (56.1 KB). Loaded Objects now: 1044.
Memory consumption went from 73.0 MB to 73.0 MB.
Total: 3.221000 ms (FindLiveObjects: 0.084500 ms CreateObjectMapping: 0.027300 ms MarkObjects: 2.973800 ms  DeleteObjects: 0.134200 ms)

AssetImportParameters requested are different than current active one (requested -> active):
  custom:video-encoder-webm-vp8: eb34c28f22e8b96e1ab97ce403110664 -> 
  custom:video-decoder-webm-vp8: 9c59270c3fd7afecdb556c50c9e8de78 -> 
  custom:audio-decoder-ogg-vorbis: bf7c407c2cedff20999df2af8eb42d56 -> 
  custom:video-decoder-ogg-theora: a1e56fd34408186e4bbccfd4996cb3dc -> 
  custom:audio-encoder-webm-vorbis: bf7c407c2cedff20999df2af8eb42d56 -> 
  custom:SearchIndexIgnoredProperties: e643bd26f0fe6173181afceb89e7c659 -> 
  custom:container-demuxer-ogg: 62fdf1f143b41e24485cea50d1cbac27 -> 
  custom:AudioImporter_EditorPlatform: d09bf68614088b80899f8185d706f6e7 -> 
  custom:CustomObjectIndexerAttribute: 9a22284fe3817be447336de3de66b15e -> 
  custom:framework-win-MediaFoundation: 216162199b28c13a410421893ffa2e32 -> 
  custom:container-demuxer-webm: 4f35f7cbe854078d1ac9338744f61a02 -> 
  custom:container-muxer-webm: aa71ff27fc2769a1b78a27578f13a17b -> 
  custom:video-codec-MediaFoundation-h265: 746d11721c4dcdbdad8f713fa42b33f4 -> 
========================================================================
Received Prepare
Begin MonoManager ReloadAssembly
Symbol file LoadedFromMemory is not a mono symbol file
- Loaded All Assemblies, in  6.537 seconds
Refreshing native plugins compatible for Editor in 16.85 ms, found 0 plugins.
Native extension for WindowsStandalone target not found
Native extension for iOS target not found
Native extension for Android target not found
GPGSUpgrader start
0x00007ff65e96af9d (Unity) StackWalker::GetCurrentCallstack
0x00007ff65e970069 (Unity) StackWalker::ShowCallstack
0x00007ff65f95ff31 (Unity) GetStacktrace
0x00007ff66001b63e (Unity) DebugStringToFile
0x00007ff65da39108 (Unity) DebugLogHandler_CUSTOM_Internal_Log
0x0000020e0a2dcfe3 (Mono JIT Code) (wrapper managed-to-native) UnityEngine.DebugLogHandler:Internal_Log (UnityEngine.LogType,UnityEngine.LogOption,string,UnityEngine.Object)
0x0000020e0a2dccbb (Mono JIT Code) UnityEngine.DebugLogHandler:LogFormat (UnityEngine.LogType,UnityEngine.Object,string,object[])
0x0000020e0a2dca40 (Mono JIT Code) UnityEngine.Logger:Log (UnityEngine.LogType,object)
0x0000020e0a2dc908 (Mono JIT Code) UnityEngine.Debug:Log (object)
0x0000020e0a2dc4bb (Mono JIT Code) GooglePlayGames.Editor.GPGSUpgrader:.cctor () (at C:/Users/PUS_DESK/OneDrive/Documents/Far Fly/FarFlyUnity/Far Fly/Assets/GooglePlayGames/com.google.play.games/Editor/GPGSUpgrader.cs:40)
0x0000020e0a2dc6d5 (Mono JIT Code) (wrapper runtime-invoke) object:runtime_invoke_void (object,intptr,intptr,intptr)
0x00007ff8a4fe4c1e (mono-2.0-bdwgc) mono_jit_runtime_invoke (at C:/build/output/Unity-Technologies/mono/mono/mini/mini-runtime.c:3445)
0x00007ff8a4f1d254 (mono-2.0-bdwgc) do_runtime_invoke (at C:/build/output/Unity-Technologies/mono/mono/metadata/object.c:3068)
0x00007ff8a4f17ff9 (mono-2.0-bdwgc) mono_runtime_class_init_full (at C:/build/output/Unity-Technologies/mono/mono/metadata/object.c:563)
0x00007ff8a4e4de07 (mono-2.0-bdwgc) ves_icall_System_Runtime_CompilerServices_RuntimeHelpers_RunClassConstructor (at C:/build/output/Unity-Technologies/mono/mono/metadata/icall.c:1292)
0x00007ff8a4e7feec (mono-2.0-bdwgc) ves_icall_System_Runtime_CompilerServices_RuntimeHelpers_RunClassConstructor_raw (at C:/build/output/Unity-Technologies/mono/mono/metadata/icall-def.h:756)
0x0000020e164e936a (Mono JIT Code) (wrapper managed-to-native) System.Runtime.CompilerServices.RuntimeHelpers:RunClassConstructor (intptr)
0x0000020e164e927b (Mono JIT Code) System.Runtime.CompilerServices.RuntimeHelpers:RunClassConstructor (System.RuntimeTypeHandle)
0x0000020e164e55ab (Mono JIT Code) UnityEditor.EditorAssemblies:ProcessInitializeOnLoadAttributes (System.Type[])
0x0000020e088ee5f8 (Mono JIT Code) (wrapper runtime-invoke) <Module>:runtime_invoke_void_object (object,intptr,intptr,intptr)
0x00007ff8a4fe4c1e (mono-2.0-bdwgc) mono_jit_runtime_invoke (at C:/build/output/Unity-Technologies/mono/mono/mini/mini-runtime.c:3445)
0x00007ff8a4f1d254 (mono-2.0-bdwgc) do_runtime_invoke (at C:/build/output/Unity-Technologies/mono/mono/metadata/object.c:3068)
0x00007ff8a4f1d3cc (mono-2.0-bdwgc) mono_runtime_invoke (at C:/build/output/Unity-Technologies/mono/mono/metadata/object.c:3115)
0x00007ff65e883464 (Unity) scripting_method_invoke
0x00007ff65e861154 (Unity) ScriptingInvocation::Invoke
0x00007ff65e85bca5 (Unity) ScriptingInvocation::Invoke<void>
0x00007ff65e9ad383 (Unity) Scripting::UnityEditor::EditorAssembliesProxy::ProcessInitializeOnLoadAttributes
0x00007ff65e855b28 (Unity) MonoManager::SetupLoadedEditorAssemblies
0x00007ff65e84b8a9 (Unity) MonoManager::FinalizeReload
0x00007ff65fc592da (Unity) ScriptingInitializer::FinalizeReload
0x00007ff65f7fde7b (Unity) LoadUserAssemblies
0x00007ff65fd05555 (Unity) <lambda_b37b41f03089e3cb3f55061bbc93253d>::operator()
0x00007ff65fd407b2 (Unity) asio::detail::completion_handler<core::mutable_function<void __cdecl(void)>,asio::io_context::basic_executor_type<std::allocator<void>,0> >::do_complete
0x00007ff65fd2c75e (Unity) asio::detail::win_iocp_io_context::do_one
0x00007ff65fd2e3c4 (Unity) asio::detail::win_iocp_io_context::run
0x00007ff65fd3eb5c (Unity) IOService::Run
0x00007ff65fd126bf (Unity) AssetImportWorkerClient::Run
0x00007ff65fcdd597 (Unity) RunAssetImportWorkerClientV2
0x00007ff65fcdd61b (Unity) RunAssetImporterV2
0x00007ff65f4d60e1 (Unity) Application::InitializeProject
0x00007ff65f96a715 (Unity) WinMain
0x00007ff660d4f4be (Unity) __scrt_common_main_seh
0x00007ff99d68257d (KERNEL32) BaseThreadInitThunk
0x00007ff99e48af28 (ntdll) RtlUserThreadStart

System.IO.IOException: Sharing violation on path C:\Users\PUS_DESK\OneDrive\Documents\Far Fly\FarFlyUnity\Far Fly\ProjectSettings\GooglePlayGameSettings.txt
  at System.IO.FileStream..ctor (System.String path, System.IO.FileMode mode, System.IO.FileAccess access, System.IO.FileShare share, System.Int32 bufferSize, System.Boolean anonymous, System.IO.FileOptions options) [0x0019e] in <51fded79cd284d4d911c5949aff4cb21>:0 
  at System.IO.FileStream..ctor (System.String path, System.IO.FileMode mode, System.IO.FileAccess access, System.IO.FileShare share, System.Int32 bufferSize, System.IO.FileOptions options) [0x00000] in <51fded79cd284d4d911c5949aff4cb21>:0 
  at (wrapper remoting-invoke-with-check) System.IO.FileStream..ctor(string,System.IO.FileMode,System.IO.FileAccess,System.IO.FileShare,int,System.IO.FileOptions)
  at System.IO.StreamWriter..ctor (System.String path, System.Boolean append, System.Text.Encoding encoding, System.Int32 bufferSize) [0x00055] in <51fded79cd284d4d911c5949aff4cb21>:0 
  at System.IO.StreamWriter..ctor (System.String path, System.Boolean append) [0x00008] in <51fded79cd284d4d911c5949aff4cb21>:0 
  at (wrapper remoting-invoke-with-check) System.IO.StreamWriter..ctor(string,bool)
  at GooglePlayGames.Editor.GPGSProjectSettings.Save () [0x00035] in C:\Users\PUS_DESK\OneDrive\Documents\Far Fly\FarFlyUnity\Far Fly\Assets\GooglePlayGames\com.google.play.games\Editor\GPGSProjectSettings.cs:182 
  at GooglePlayGames.Editor.GPGSUpgrader..cctor () [0x0003a] in C:\Users\PUS_DESK\OneDrive\Documents\Far Fly\FarFlyUnity\Far Fly\Assets\GooglePlayGames\com.google.play.games\Editor\GPGSUpgrader.cs:43 
0x00007ff65e96af9d (Unity) StackWalker::GetCurrentCallstack
0x00007ff65e970069 (Unity) StackWalker::ShowCallstack
0x00007ff65f95ff31 (Unity) GetStacktrace
0x00007ff66001b63e (Unity) DebugStringToFile
0x00007ff65da39108 (Unity) DebugLogHandler_CUSTOM_Internal_Log
0x0000020e0a2dcfe3 (Mono JIT Code) (wrapper managed-to-native) UnityEngine.DebugLogHandler:Internal_Log (UnityEngine.LogType,UnityEngine.LogOption,string,UnityEngine.Object)
0x0000020e0a2dccbb (Mono JIT Code) UnityEngine.DebugLogHandler:LogFormat (UnityEngine.LogType,UnityEngine.Object,string,object[])
0x0000020e0a2dca40 (Mono JIT Code) UnityEngine.Logger:Log (UnityEngine.LogType,object)
0x0000020e0a2ecf75 (Mono JIT Code) UnityEngine.Debug:LogError (object)
0x0000020e164e565b (Mono JIT Code) UnityEditor.EditorAssemblies:ProcessInitializeOnLoadAttributes (System.Type[])
0x0000020e088ee5f8 (Mono JIT Code) (wrapper runtime-invoke) <Module>:runtime_invoke_void_object (object,intptr,intptr,intptr)
0x00007ff8a4fe4c1e (mono-2.0-bdwgc) mono_jit_runtime_invoke (at C:/build/output/Unity-Technologies/mono/mono/mini/mini-runtime.c:3445)
0x00007ff8a4f1d254 (mono-2.0-bdwgc) do_runtime_invoke (at C:/build/output/Unity-Technologies/mono/mono/metadata/object.c:3068)
0x00007ff8a4f1d3cc (mono-2.0-bdwgc) mono_runtime_invoke (at C:/build/output/Unity-Technologies/mono/mono/metadata/object.c:3115)
0x00007ff65e883464 (Unity) scripting_method_invoke
0x00007ff65e861154 (Unity) ScriptingInvocation::Invoke
0x00007ff65e85bca5 (Unity) ScriptingInvocation::Invoke<void>
0x00007ff65e9ad383 (Unity) Scripting::UnityEditor::EditorAssembliesProxy::ProcessInitializeOnLoadAttributes
0x00007ff65e855b28 (Unity) MonoManager::SetupLoadedEditorAssemblies
0x00007ff65e84b8a9 (Unity) MonoManager::FinalizeReload
0x00007ff65fc592da (Unity) ScriptingInitializer::FinalizeReload
0x00007ff65f7fde7b (Unity) LoadUserAssemblies
0x00007ff65fd05555 (Unity) <lambda_b37b41f03089e3cb3f55061bbc93253d>::operator()
0x00007ff65fd407b2 (Unity) asio::detail::completion_handler<core::mutable_function<void __cdecl(void)>,asio::io_context::basic_executor_type<std::allocator<void>,0> >::do_complete
0x00007ff65fd2c75e (Unity) asio::detail::win_iocp_io_context::do_one
0x00007ff65fd2e3c4 (Unity) asio::detail::win_iocp_io_context::run
0x00007ff65fd3eb5c (Unity) IOService::Run
0x00007ff65fd126bf (Unity) AssetImportWorkerClient::Run
0x00007ff65fcdd597 (Unity) RunAssetImportWorkerClientV2
0x00007ff65fcdd61b (Unity) RunAssetImporterV2
0x00007ff65f4d60e1 (Unity) Application::InitializeProject
0x00007ff65f96a715 (Unity) WinMain
0x00007ff660d4f4be (Unity) __scrt_common_main_seh
0x00007ff99d68257d (KERNEL32) BaseThreadInitThunk
0x00007ff99e48af28 (ntdll) RtlUserThreadStart

Mono: successfully reloaded assembly
- Finished resetting the current domain, in  1.717 seconds
Domain Reload Profiling: 8241ms
	BeginReloadAssembly (1404ms)
		ExecutionOrderSort (0ms)
		DisableScriptedObjects (432ms)
		BackupInstance (0ms)
		ReleaseScriptingObjects (0ms)
		CreateAndSetChildDomain (420ms)
	RebuildCommonClasses (115ms)
	RebuildNativeTypeToScriptingClass (35ms)
	initialDomainReloadingComplete (99ms)
	LoadAllAssembliesAndSetupDomain (4872ms)
		LoadAssemblies (5108ms)
		RebuildTransferFunctionScriptingTraits (0ms)
		AnalyzeDomain (42ms)
			TypeCache.Refresh (30ms)
				TypeCache.ScanAssembly (2ms)
			ScanForSourceGeneratedMonoScriptInfo (5ms)
			ResolveRequiredComponents (5ms)
	FinalizeReload (1717ms)
		ReleaseScriptCaches (0ms)
		RebuildScriptCaches (0ms)
		SetupLoadedEditorAssemblies (695ms)
			LogAssemblyErrors (0ms)
			InitializePlatformSupportModulesInManaged (72ms)
			SetLoadedEditorAssemblies (4ms)
			RefreshPlugins (0ms)
			BeforeProcessingInitializeOnLoad (59ms)
			ProcessInitializeOnLoadAttributes (524ms)
			ProcessInitializeOnLoadMethodAttributes (22ms)
			AfterProcessingInitializeOnLoad (15ms)
			EditorAssembliesLoaded (0ms)
		ExecutionOrderSort2 (0ms)
		AwakeInstancesAfterBackupRestoration (23ms)
Refreshing native plugins compatible for Editor in 15.10 ms, found 0 plugins.
Preloading 0 native plugins for Editor in 0.00 ms.
Unloading 552 Unused Serialized files (Serialized files now loaded: 0)
Unloading 21 unused Assets / (30.1 KB). Loaded Objects now: 1045.
Memory consumption went from 67.9 MB to 67.9 MB.
Total: 4.609800 ms (FindLiveObjects: 0.081700 ms CreateObjectMapping: 0.018900 ms MarkObjects: 4.416800 ms  DeleteObjects: 0.091200 ms)

Prepare: number of updated asset objects reloaded= 0
AssetImportParameters requested are different than current active one (requested -> active):
  custom:video-encoder-webm-vp8: eb34c28f22e8b96e1ab97ce403110664 -> 
  custom:video-decoder-webm-vp8: 9c59270c3fd7afecdb556c50c9e8de78 -> 
  custom:audio-decoder-ogg-vorbis: bf7c407c2cedff20999df2af8eb42d56 -> 
  custom:video-decoder-ogg-theora: a1e56fd34408186e4bbccfd4996cb3dc -> 
  custom:audio-encoder-webm-vorbis: bf7c407c2cedff20999df2af8eb42d56 -> 
  custom:SearchIndexIgnoredProperties: e643bd26f0fe6173181afceb89e7c659 -> 
  custom:container-demuxer-ogg: 62fdf1f143b41e24485cea50d1cbac27 -> 
  custom:AudioImporter_EditorPlatform: d09bf68614088b80899f8185d706f6e7 -> 
  custom:CustomObjectIndexerAttribute: 9a22284fe3817be447336de3de66b15e -> 
  custom:framework-win-MediaFoundation: 216162199b28c13a410421893ffa2e32 -> 
  custom:container-demuxer-webm: 4f35f7cbe854078d1ac9338744f61a02 -> 
  custom:container-muxer-webm: aa71ff27fc2769a1b78a27578f13a17b -> 
  custom:video-codec-MediaFoundation-h265: 746d11721c4dcdbdad8f713fa42b33f4 -> 
========================================================================
Received Prepare
Begin MonoManager ReloadAssembly
Symbol file LoadedFromMemory is not a mono symbol file
- Loaded All Assemblies, in  0.801 seconds
Refreshing native plugins compatible for Editor in 40.16 ms, found 0 plugins.
Native extension for WindowsStandalone target not found
Native extension for iOS target not found
Native extension for Android target not found
GPGSUpgrader start
0x00007ff65e96af9d (Unity) StackWalker::GetCurrentCallstack
0x00007ff65e970069 (Unity) StackWalker::ShowCallstack
0x00007ff65f95ff31 (Unity) GetStacktrace
0x00007ff66001b63e (Unity) DebugStringToFile
0x00007ff65da39108 (Unity) DebugLogHandler_CUSTOM_Internal_Log
0x0000020e08fdc7d3 (Mono JIT Code) (wrapper managed-to-native) UnityEngine.DebugLogHandler:Internal_Log (UnityEngine.LogType,UnityEngine.LogOption,string,UnityEngine.Object)
0x0000020e08fdc4ab (Mono JIT Code) UnityEngine.DebugLogHandler:LogFormat (UnityEngine.LogType,UnityEngine.Object,string,object[])
0x0000020e08fdc230 (Mono JIT Code) UnityEngine.Logger:Log (UnityEngine.LogType,object)
0x0000020e08fdc0f8 (Mono JIT Code) UnityEngine.Debug:Log (object)
0x0000020e08fdbcab (Mono JIT Code) GooglePlayGames.Editor.GPGSUpgrader:.cctor () (at C:/Users/PUS_DESK/OneDrive/Documents/Far Fly/FarFlyUnity/Far Fly/Assets/GooglePlayGames/com.google.play.games/Editor/GPGSUpgrader.cs:40)
0x0000020e08fdbec5 (Mono JIT Code) (wrapper runtime-invoke) object:runtime_invoke_void (object,intptr,intptr,intptr)
0x00007ff8a4fe4c1e (mono-2.0-bdwgc) mono_jit_runtime_invoke (at C:/build/output/Unity-Technologies/mono/mono/mini/mini-runtime.c:3445)
0x00007ff8a4f1d254 (mono-2.0-bdwgc) do_runtime_invoke (at C:/build/output/Unity-Technologies/mono/mono/metadata/object.c:3068)
0x00007ff8a4f17ff9 (mono-2.0-bdwgc) mono_runtime_class_init_full (at C:/build/output/Unity-Technologies/mono/mono/metadata/object.c:563)
0x00007ff8a4e4de07 (mono-2.0-bdwgc) ves_icall_System_Runtime_CompilerServices_RuntimeHelpers_RunClassConstructor (at C:/build/output/Unity-Technologies/mono/mono/metadata/icall.c:1292)
0x00007ff8a4e7feec (mono-2.0-bdwgc) ves_icall_System_Runtime_CompilerServices_RuntimeHelpers_RunClassConstructor_raw (at C:/build/output/Unity-Technologies/mono/mono/metadata/icall-def.h:756)
0x0000020e17c18a1a (Mono JIT Code) (wrapper managed-to-native) System.Runtime.CompilerServices.RuntimeHelpers:RunClassConstructor (intptr)
0x0000020e17c1892b (Mono JIT Code) System.Runtime.CompilerServices.RuntimeHelpers:RunClassConstructor (System.RuntimeTypeHandle)
0x0000020e17c14c5b (Mono JIT Code) UnityEditor.EditorAssemblies:ProcessInitializeOnLoadAttributes (System.Type[])
0x0000020e088ee5f8 (Mono JIT Code) (wrapper runtime-invoke) <Module>:runtime_invoke_void_object (object,intptr,intptr,intptr)
0x00007ff8a4fe4c1e (mono-2.0-bdwgc) mono_jit_runtime_invoke (at C:/build/output/Unity-Technologies/mono/mono/mini/mini-runtime.c:3445)
0x00007ff8a4f1d254 (mono-2.0-bdwgc) do_runtime_invoke (at C:/build/output/Unity-Technologies/mono/mono/metadata/object.c:3068)
0x00007ff8a4f1d3cc (mono-2.0-bdwgc) mono_runtime_invoke (at C:/build/output/Unity-Technologies/mono/mono/metadata/object.c:3115)
0x00007ff65e883464 (Unity) scripting_method_invoke
0x00007ff65e861154 (Unity) ScriptingInvocation::Invoke
0x00007ff65e85bca5 (Unity) ScriptingInvocation::Invoke<void>
0x00007ff65e9ad383 (Unity) Scripting::UnityEditor::EditorAssembliesProxy::ProcessInitializeOnLoadAttributes
0x00007ff65e855b28 (Unity) MonoManager::SetupLoadedEditorAssemblies
0x00007ff65e84b8a9 (Unity) MonoManager::FinalizeReload
0x00007ff65fc592da (Unity) ScriptingInitializer::FinalizeReload
0x00007ff65f7fde7b (Unity) LoadUserAssemblies
0x00007ff65fd05555 (Unity) <lambda_b37b41f03089e3cb3f55061bbc93253d>::operator()
0x00007ff65fd407b2 (Unity) asio::detail::completion_handler<core::mutable_function<void __cdecl(void)>,asio::io_context::basic_executor_type<std::allocator<void>,0> >::do_complete
0x00007ff65fd2c75e (Unity) asio::detail::win_iocp_io_context::do_one
0x00007ff65fd2e3c4 (Unity) asio::detail::win_iocp_io_context::run
0x00007ff65fd3eb5c (Unity) IOService::Run
0x00007ff65fd126bf (Unity) AssetImportWorkerClient::Run
0x00007ff65fcdd597 (Unity) RunAssetImportWorkerClientV2
0x00007ff65fcdd61b (Unity) RunAssetImporterV2
0x00007ff65f4d60e1 (Unity) Application::InitializeProject
0x00007ff65f96a715 (Unity) WinMain
0x00007ff660d4f4be (Unity) __scrt_common_main_seh
0x00007ff99d68257d (KERNEL32) BaseThreadInitThunk
0x00007ff99e48af28 (ntdll) RtlUserThreadStart

GPGSUpgrader done
0x00007ff65e96af9d (Unity) StackWalker::GetCurrentCallstack
0x00007ff65e970069 (Unity) StackWalker::ShowCallstack
0x00007ff65f95ff31 (Unity) GetStacktrace
0x00007ff66001b63e (Unity) DebugStringToFile
0x00007ff65da39108 (Unity) DebugLogHandler_CUSTOM_Internal_Log
0x0000020e08fdc7d3 (Mono JIT Code) (wrapper managed-to-native) UnityEngine.DebugLogHandler:Internal_Log (UnityEngine.LogType,UnityEngine.LogOption,string,UnityEngine.Object)
0x0000020e08fdc4ab (Mono JIT Code) UnityEngine.DebugLogHandler:LogFormat (UnityEngine.LogType,UnityEngine.Object,string,object[])
0x0000020e08fdc230 (Mono JIT Code) UnityEngine.Logger:Log (UnityEngine.LogType,object)
0x0000020e08fdc0f8 (Mono JIT Code) UnityEngine.Debug:Log (object)
0x0000020e08fdbdab (Mono JIT Code) GooglePlayGames.Editor.GPGSUpgrader:.cctor () (at C:/Users/PUS_DESK/OneDrive/Documents/Far Fly/FarFlyUnity/Far Fly/Assets/GooglePlayGames/com.google.play.games/Editor/GPGSUpgrader.cs:58)
0x0000020e08fdbec5 (Mono JIT Code) (wrapper runtime-invoke) object:runtime_invoke_void (object,intptr,intptr,intptr)
0x00007ff8a4fe4c1e (mono-2.0-bdwgc) mono_jit_runtime_invoke (at C:/build/output/Unity-Technologies/mono/mono/mini/mini-runtime.c:3445)
0x00007ff8a4f1d254 (mono-2.0-bdwgc) do_runtime_invoke (at C:/build/output/Unity-Technologies/mono/mono/metadata/object.c:3068)
0x00007ff8a4f17ff9 (mono-2.0-bdwgc) mono_runtime_class_init_full (at C:/build/output/Unity-Technologies/mono/mono/metadata/object.c:563)
0x00007ff8a4e4de07 (mono-2.0-bdwgc) ves_icall_System_Runtime_CompilerServices_RuntimeHelpers_RunClassConstructor (at C:/build/output/Unity-Technologies/mono/mono/metadata/icall.c:1292)
0x00007ff8a4e7feec (mono-2.0-bdwgc) ves_icall_System_Runtime_CompilerServices_RuntimeHelpers_RunClassConstructor_raw (at C:/build/output/Unity-Technologies/mono/mono/metadata/icall-def.h:756)
0x0000020e17c18a1a (Mono JIT Code) (wrapper managed-to-native) System.Runtime.CompilerServices.RuntimeHelpers:RunClassConstructor (intptr)
0x0000020e17c1892b (Mono JIT Code) System.Runtime.CompilerServices.RuntimeHelpers:RunClassConstructor (System.RuntimeTypeHandle)
0x0000020e17c14c5b (Mono JIT Code) UnityEditor.EditorAssemblies:ProcessInitializeOnLoadAttributes (System.Type[])
0x0000020e088ee5f8 (Mono JIT Code) (wrapper runtime-invoke) <Module>:runtime_invoke_void_object (object,intptr,intptr,intptr)
0x00007ff8a4fe4c1e (mono-2.0-bdwgc) mono_jit_runtime_invoke (at C:/build/output/Unity-Technologies/mono/mono/mini/mini-runtime.c:3445)
0x00007ff8a4f1d254 (mono-2.0-bdwgc) do_runtime_invoke (at C:/build/output/Unity-Technologies/mono/mono/metadata/object.c:3068)
0x00007ff8a4f1d3cc (mono-2.0-bdwgc) mono_runtime_invoke (at C:/build/output/Unity-Technologies/mono/mono/metadata/object.c:3115)
0x00007ff65e883464 (Unity) scripting_method_invoke
0x00007ff65e861154 (Unity) ScriptingInvocation::Invoke
0x00007ff65e85bca5 (Unity) ScriptingInvocation::Invoke<void>
0x00007ff65e9ad383 (Unity) Scripting::UnityEditor::EditorAssembliesProxy::ProcessInitializeOnLoadAttributes
0x00007ff65e855b28 (Unity) MonoManager::SetupLoadedEditorAssemblies
0x00007ff65e84b8a9 (Unity) MonoManager::FinalizeReload
0x00007ff65fc592da (Unity) ScriptingInitializer::FinalizeReload
0x00007ff65f7fde7b (Unity) LoadUserAssemblies
0x00007ff65fd05555 (Unity) <lambda_b37b41f03089e3cb3f55061bbc93253d>::operator()
0x00007ff65fd407b2 (Unity) asio::detail::completion_handler<core::mutable_function<void __cdecl(void)>,asio::io_context::basic_executor_type<std::allocator<void>,0> >::do_complete
0x00007ff65fd2c75e (Unity) asio::detail::win_iocp_io_context::do_one
0x00007ff65fd2e3c4 (Unity) asio::detail::win_iocp_io_context::run
0x00007ff65fd3eb5c (Unity) IOService::Run
0x00007ff65fd126bf (Unity) AssetImportWorkerClient::Run
0x00007ff65fcdd597 (Unity) RunAssetImportWorkerClientV2
0x00007ff65fcdd61b (Unity) RunAssetImporterV2
0x00007ff65f4d60e1 (Unity) Application::InitializeProject
0x00007ff65f96a715 (Unity) WinMain
0x00007ff660d4f4be (Unity) __scrt_common_main_seh
0x00007ff99d68257d (KERNEL32) BaseThreadInitThunk
0x00007ff99e48af28 (ntdll) RtlUserThreadStart

Mono: successfully reloaded assembly
- Finished resetting the current domain, in  1.513 seconds
Domain Reload Profiling: 2308ms
	BeginReloadAssembly (274ms)
		ExecutionOrderSort (0ms)
		DisableScriptedObjects (6ms)
		BackupInstance (0ms)
		ReleaseScriptingObjects (0ms)
		CreateAndSetChildDomain (32ms)
	RebuildCommonClasses (42ms)
	RebuildNativeTypeToScriptingClass (13ms)
	initialDomainReloadingComplete (45ms)
	LoadAllAssembliesAndSetupDomain (420ms)
		LoadAssemblies (604ms)
		RebuildTransferFunctionScriptingTraits (0ms)
		AnalyzeDomain (14ms)
			TypeCache.Refresh (8ms)
				TypeCache.ScanAssembly (0ms)
			ScanForSourceGeneratedMonoScriptInfo (0ms)
			ResolveRequiredComponents (4ms)
	FinalizeReload (1514ms)
		ReleaseScriptCaches (0ms)
		RebuildScriptCaches (0ms)
		SetupLoadedEditorAssemblies (1055ms)
			LogAssemblyErrors (0ms)
			InitializePlatformSupportModulesInManaged (77ms)
			SetLoadedEditorAssemblies (4ms)
			RefreshPlugins (0ms)
			BeforeProcessingInitializeOnLoad (81ms)
			ProcessInitializeOnLoadAttributes (767ms)
			ProcessInitializeOnLoadMethodAttributes (63ms)
			AfterProcessingInitializeOnLoad (59ms)
			EditorAssembliesLoaded (3ms)
		ExecutionOrderSort2 (0ms)
		AwakeInstancesAfterBackupRestoration (60ms)
Refreshing native plugins compatible for Editor in 41.50 ms, found 0 plugins.
Preloading 0 native plugins for Editor in 0.00 ms.
Unloading 552 Unused Serialized files (Serialized files now loaded: 0)
Unloading 21 unused Assets / (30.1 KB). Loaded Objects now: 1046.
Memory consumption went from 68.0 MB to 67.9 MB.
Total: 13.226800 ms (FindLiveObjects: 0.116800 ms CreateObjectMapping: 0.032500 ms MarkObjects: 13.020000 ms  DeleteObjects: 0.056100 ms)

Prepare: number of updated asset objects reloaded= 0
AssetImportParameters requested are different than current active one (requested -> active):
  custom:video-encoder-webm-vp8: eb34c28f22e8b96e1ab97ce403110664 -> 
  custom:video-decoder-webm-vp8: 9c59270c3fd7afecdb556c50c9e8de78 -> 
  custom:audio-decoder-ogg-vorbis: bf7c407c2cedff20999df2af8eb42d56 -> 
  custom:video-decoder-ogg-theora: a1e56fd34408186e4bbccfd4996cb3dc -> 
  custom:audio-encoder-webm-vorbis: bf7c407c2cedff20999df2af8eb42d56 -> 
  custom:SearchIndexIgnoredProperties: e643bd26f0fe6173181afceb89e7c659 -> 
  custom:container-demuxer-ogg: 62fdf1f143b41e24485cea50d1cbac27 -> 
  custom:AudioImporter_EditorPlatform: d09bf68614088b80899f8185d706f6e7 -> 
  custom:CustomObjectIndexerAttribute: 9a22284fe3817be447336de3de66b15e -> 
  custom:framework-win-MediaFoundation: 216162199b28c13a410421893ffa2e32 -> 
  custom:container-demuxer-webm: 4f35f7cbe854078d1ac9338744f61a02 -> 
  custom:container-muxer-webm: aa71ff27fc2769a1b78a27578f13a17b -> 
  custom:video-codec-MediaFoundation-h265: 746d11721c4dcdbdad8f713fa42b33f4 -> 
========================================================================
Received Prepare
Begin MonoManager ReloadAssembly
Symbol file LoadedFromMemory is not a mono symbol file
- Loaded All Assemblies, in  0.849 seconds
Refreshing native plugins compatible for Editor in 17.79 ms, found 0 plugins.
Native extension for WindowsStandalone target not found
Native extension for iOS target not found
Native extension for Android target not found
GPGSUpgrader start
0x00007ff65e96af9d (Unity) StackWalker::GetCurrentCallstack
0x00007ff65e970069 (Unity) StackWalker::ShowCallstack
0x00007ff65f95ff31 (Unity) GetStacktrace
0x00007ff66001b63e (Unity) DebugStringToFile
0x00007ff65da39108 (Unity) DebugLogHandler_CUSTOM_Internal_Log
0x0000020e0903d493 (Mono JIT Code) (wrapper managed-to-native) UnityEngine.DebugLogHandler:Internal_Log (UnityEngine.LogType,UnityEngine.LogOption,string,UnityEngine.Object)
0x0000020e0903d16b (Mono JIT Code) UnityEngine.DebugLogHandler:LogFormat (UnityEngine.LogType,UnityEngine.Object,string,object[])
0x0000020e0903cef0 (Mono JIT Code) UnityEngine.Logger:Log (UnityEngine.LogType,object)
0x0000020e0903cdb8 (Mono JIT Code) UnityEngine.Debug:Log (object)
0x0000020e0903c96b (Mono JIT Code) GooglePlayGames.Editor.GPGSUpgrader:.cctor () (at C:/Users/PUS_DESK/OneDrive/Documents/Far Fly/FarFlyUnity/Far Fly/Assets/GooglePlayGames/com.google.play.games/Editor/GPGSUpgrader.cs:40)
0x0000020e0903cb85 (Mono JIT Code) (wrapper runtime-invoke) object:runtime_invoke_void (object,intptr,intptr,intptr)
0x00007ff8a4fe4c1e (mono-2.0-bdwgc) mono_jit_runtime_invoke (at C:/build/output/Unity-Technologies/mono/mono/mini/mini-runtime.c:3445)
0x00007ff8a4f1d254 (mono-2.0-bdwgc) do_runtime_invoke (at C:/build/output/Unity-Technologies/mono/mono/metadata/object.c:3068)
0x00007ff8a4f17ff9 (mono-2.0-bdwgc) mono_runtime_class_init_full (at C:/build/output/Unity-Technologies/mono/mono/metadata/object.c:563)
0x00007ff8a4e4de07 (mono-2.0-bdwgc) ves_icall_System_Runtime_CompilerServices_RuntimeHelpers_RunClassConstructor (at C:/build/output/Unity-Technologies/mono/mono/metadata/icall.c:1292)
0x00007ff8a4e7feec (mono-2.0-bdwgc) ves_icall_System_Runtime_CompilerServices_RuntimeHelpers_RunClassConstructor_raw (at C:/build/output/Unity-Technologies/mono/mono/metadata/icall-def.h:756)
0x0000020e0b61958a (Mono JIT Code) (wrapper managed-to-native) System.Runtime.CompilerServices.RuntimeHelpers:RunClassConstructor (intptr)
0x0000020e0b61949b (Mono JIT Code) System.Runtime.CompilerServices.RuntimeHelpers:RunClassConstructor (System.RuntimeTypeHandle)
0x0000020e0b6157cb (Mono JIT Code) UnityEditor.EditorAssemblies:ProcessInitializeOnLoadAttributes (System.Type[])
0x0000020e088ee5f8 (Mono JIT Code) (wrapper runtime-invoke) <Module>:runtime_invoke_void_object (object,intptr,intptr,intptr)
0x00007ff8a4fe4c1e (mono-2.0-bdwgc) mono_jit_runtime_invoke (at C:/build/output/Unity-Technologies/mono/mono/mini/mini-runtime.c:3445)
0x00007ff8a4f1d254 (mono-2.0-bdwgc) do_runtime_invoke (at C:/build/output/Unity-Technologies/mono/mono/metadata/object.c:3068)
0x00007ff8a4f1d3cc (mono-2.0-bdwgc) mono_runtime_invoke (at C:/build/output/Unity-Technologies/mono/mono/metadata/object.c:3115)
0x00007ff65e883464 (Unity) scripting_method_invoke
0x00007ff65e861154 (Unity) ScriptingInvocation::Invoke
0x00007ff65e85bca5 (Unity) ScriptingInvocation::Invoke<void>
0x00007ff65e9ad383 (Unity) Scripting::UnityEditor::EditorAssembliesProxy::ProcessInitializeOnLoadAttributes
0x00007ff65e855b28 (Unity) MonoManager::SetupLoadedEditorAssemblies
0x00007ff65e84b8a9 (Unity) MonoManager::FinalizeReload
0x00007ff65fc592da (Unity) ScriptingInitializer::FinalizeReload
0x00007ff65f7fde7b (Unity) LoadUserAssemblies
0x00007ff65fd05555 (Unity) <lambda_b37b41f03089e3cb3f55061bbc93253d>::operator()
0x00007ff65fd407b2 (Unity) asio::detail::completion_handler<core::mutable_function<void __cdecl(void)>,asio::io_context::basic_executor_type<std::allocator<void>,0> >::do_complete
0x00007ff65fd2c75e (Unity) asio::detail::win_iocp_io_context::do_one
0x00007ff65fd2e3c4 (Unity) asio::detail::win_iocp_io_context::run
0x00007ff65fd3eb5c (Unity) IOService::Run
0x00007ff65fd126bf (Unity) AssetImportWorkerClient::Run
0x00007ff65fcdd597 (Unity) RunAssetImportWorkerClientV2
0x00007ff65fcdd61b (Unity) RunAssetImporterV2
0x00007ff65f4d60e1 (Unity) Application::InitializeProject
0x00007ff65f96a715 (Unity) WinMain
0x00007ff660d4f4be (Unity) __scrt_common_main_seh
0x00007ff99d68257d (KERNEL32) BaseThreadInitThunk
0x00007ff99e48af28 (ntdll) RtlUserThreadStart

GPGSUpgrader done
0x00007ff65e96af9d (Unity) StackWalker::GetCurrentCallstack
0x00007ff65e970069 (Unity) StackWalker::ShowCallstack
0x00007ff65f95ff31 (Unity) GetStacktrace
0x00007ff66001b63e (Unity) DebugStringToFile
0x00007ff65da39108 (Unity) DebugLogHandler_CUSTOM_Internal_Log
0x0000020e0903d493 (Mono JIT Code) (wrapper managed-to-native) UnityEngine.DebugLogHandler:Internal_Log (UnityEngine.LogType,UnityEngine.LogOption,string,UnityEngine.Object)
0x0000020e0903d16b (Mono JIT Code) UnityEngine.DebugLogHandler:LogFormat (UnityEngine.LogType,UnityEngine.Object,string,object[])
0x0000020e0903cef0 (Mono JIT Code) UnityEngine.Logger:Log (UnityEngine.LogType,object)
0x0000020e0903cdb8 (Mono JIT Code) UnityEngine.Debug:Log (object)
0x0000020e0903ca6b (Mono JIT Code) GooglePlayGames.Editor.GPGSUpgrader:.cctor () (at C:/Users/PUS_DESK/OneDrive/Documents/Far Fly/FarFlyUnity/Far Fly/Assets/GooglePlayGames/com.google.play.games/Editor/GPGSUpgrader.cs:58)
0x0000020e0903cb85 (Mono JIT Code) (wrapper runtime-invoke) object:runtime_invoke_void (object,intptr,intptr,intptr)
0x00007ff8a4fe4c1e (mono-2.0-bdwgc) mono_jit_runtime_invoke (at C:/build/output/Unity-Technologies/mono/mono/mini/mini-runtime.c:3445)
0x00007ff8a4f1d254 (mono-2.0-bdwgc) do_runtime_invoke (at C:/build/output/Unity-Technologies/mono/mono/metadata/object.c:3068)
0x00007ff8a4f17ff9 (mono-2.0-bdwgc) mono_runtime_class_init_full (at C:/build/output/Unity-Technologies/mono/mono/metadata/object.c:563)
0x00007ff8a4e4de07 (mono-2.0-bdwgc) ves_icall_System_Runtime_CompilerServices_RuntimeHelpers_RunClassConstructor (at C:/build/output/Unity-Technologies/mono/mono/metadata/icall.c:1292)
0x00007ff8a4e7feec (mono-2.0-bdwgc) ves_icall_System_Runtime_CompilerServices_RuntimeHelpers_RunClassConstructor_raw (at C:/build/output/Unity-Technologies/mono/mono/metadata/icall-def.h:756)
0x0000020e0b61958a (Mono JIT Code) (wrapper managed-to-native) System.Runtime.CompilerServices.RuntimeHelpers:RunClassConstructor (intptr)
0x0000020e0b61949b (Mono JIT Code) System.Runtime.CompilerServices.RuntimeHelpers:RunClassConstructor (System.RuntimeTypeHandle)
0x0000020e0b6157cb (Mono JIT Code) UnityEditor.EditorAssemblies:ProcessInitializeOnLoadAttributes (System.Type[])
0x0000020e088ee5f8 (Mono JIT Code) (wrapper runtime-invoke) <Module>:runtime_invoke_void_object (object,intptr,intptr,intptr)
0x00007ff8a4fe4c1e (mono-2.0-bdwgc) mono_jit_runtime_invoke (at C:/build/output/Unity-Technologies/mono/mono/mini/mini-runtime.c:3445)
0x00007ff8a4f1d254 (mono-2.0-bdwgc) do_runtime_invoke (at C:/build/output/Unity-Technologies/mono/mono/metadata/object.c:3068)
0x00007ff8a4f1d3cc (mono-2.0-bdwgc) mono_runtime_invoke (at C:/build/output/Unity-Technologies/mono/mono/metadata/object.c:3115)
0x00007ff65e883464 (Unity) scripting_method_invoke
0x00007ff65e861154 (Unity) ScriptingInvocation::Invoke
0x00007ff65e85bca5 (Unity) ScriptingInvocation::Invoke<void>
0x00007ff65e9ad383 (Unity) Scripting::UnityEditor::EditorAssembliesProxy::ProcessInitializeOnLoadAttributes
0x00007ff65e855b28 (Unity) MonoManager::SetupLoadedEditorAssemblies
0x00007ff65e84b8a9 (Unity) MonoManager::FinalizeReload
0x00007ff65fc592da (Unity) ScriptingInitializer::FinalizeReload
0x00007ff65f7fde7b (Unity) LoadUserAssemblies
0x00007ff65fd05555 (Unity) <lambda_b37b41f03089e3cb3f55061bbc93253d>::operator()
0x00007ff65fd407b2 (Unity) asio::detail::completion_handler<core::mutable_function<void __cdecl(void)>,asio::io_context::basic_executor_type<std::allocator<void>,0> >::do_complete
0x00007ff65fd2c75e (Unity) asio::detail::win_iocp_io_context::do_one
0x00007ff65fd2e3c4 (Unity) asio::detail::win_iocp_io_context::run
0x00007ff65fd3eb5c (Unity) IOService::Run
0x00007ff65fd126bf (Unity) AssetImportWorkerClient::Run
0x00007ff65fcdd597 (Unity) RunAssetImportWorkerClientV2
0x00007ff65fcdd61b (Unity) RunAssetImporterV2
0x00007ff65f4d60e1 (Unity) Application::InitializeProject
0x00007ff65f96a715 (Unity) WinMain
0x00007ff660d4f4be (Unity) __scrt_common_main_seh
0x00007ff99d68257d (KERNEL32) BaseThreadInitThunk
0x00007ff99e48af28 (ntdll) RtlUserThreadStart

Mono: successfully reloaded assembly
- Finished resetting the current domain, in  1.050 seconds
Domain Reload Profiling: 1883ms
	BeginReloadAssembly (268ms)
		ExecutionOrderSort (0ms)
		DisableScriptedObjects (19ms)
		BackupInstance (0ms)
		ReleaseScriptingObjects (0ms)
		CreateAndSetChildDomain (37ms)
	RebuildCommonClasses (46ms)
	RebuildNativeTypeToScriptingClass (13ms)
	initialDomainReloadingComplete (50ms)
	LoadAllAssembliesAndSetupDomain (455ms)
		LoadAssemblies (582ms)
		RebuildTransferFunctionScriptingTraits (0ms)
		AnalyzeDomain (16ms)
			TypeCache.Refresh (9ms)
				TypeCache.ScanAssembly (1ms)
			ScanForSourceGeneratedMonoScriptInfo (3ms)
			ResolveRequiredComponents (3ms)
	FinalizeReload (1051ms)
		ReleaseScriptCaches (0ms)
		RebuildScriptCaches (0ms)
		SetupLoadedEditorAssemblies (711ms)
			LogAssemblyErrors (0ms)
			InitializePlatformSupportModulesInManaged (60ms)
			SetLoadedEditorAssemblies (4ms)
			RefreshPlugins (0ms)
			BeforeProcessingInitializeOnLoad (59ms)
			ProcessInitializeOnLoadAttributes (544ms)
			ProcessInitializeOnLoadMethodAttributes (29ms)
			AfterProcessingInitializeOnLoad (15ms)
			EditorAssembliesLoaded (0ms)
		ExecutionOrderSort2 (0ms)
		AwakeInstancesAfterBackupRestoration (23ms)
Refreshing native plugins compatible for Editor in 14.32 ms, found 0 plugins.
Preloading 0 native plugins for Editor in 0.00 ms.
Unloading 552 Unused Serialized files (Serialized files now loaded: 0)
Unloading 21 unused Assets / (30.1 KB). Loaded Objects now: 1047.
Memory consumption went from 68.0 MB to 68.0 MB.
Total: 2.633500 ms (FindLiveObjects: 0.092800 ms CreateObjectMapping: 0.025400 ms MarkObjects: 2.476500 ms  DeleteObjects: 0.038100 ms)

Prepare: number of updated asset objects reloaded= 0
AssetImportParameters requested are different than current active one (requested -> active):
  custom:video-encoder-webm-vp8: eb34c28f22e8b96e1ab97ce403110664 -> 
  custom:video-decoder-webm-vp8: 9c59270c3fd7afecdb556c50c9e8de78 -> 
  custom:audio-decoder-ogg-vorbis: bf7c407c2cedff20999df2af8eb42d56 -> 
  custom:video-decoder-ogg-theora: a1e56fd34408186e4bbccfd4996cb3dc -> 
  custom:audio-encoder-webm-vorbis: bf7c407c2cedff20999df2af8eb42d56 -> 
  custom:SearchIndexIgnoredProperties: e643bd26f0fe6173181afceb89e7c659 -> 
  custom:container-demuxer-ogg: 62fdf1f143b41e24485cea50d1cbac27 -> 
  custom:AudioImporter_EditorPlatform: d09bf68614088b80899f8185d706f6e7 -> 
  custom:CustomObjectIndexerAttribute: 9a22284fe3817be447336de3de66b15e -> 
  custom:framework-win-MediaFoundation: 216162199b28c13a410421893ffa2e32 -> 
  custom:container-demuxer-webm: 4f35f7cbe854078d1ac9338744f61a02 -> 
  custom:container-muxer-webm: aa71ff27fc2769a1b78a27578f13a17b -> 
  custom:video-codec-MediaFoundation-h265: 746d11721c4dcdbdad8f713fa42b33f4 -> 
========================================================================
Received Prepare
Refreshing native plugins compatible for Editor in 13.64 ms, found 0 plugins.
Preloading 0 native plugins for Editor in 0.00 ms.
Unloading 1 Unused Serialized files (Serialized files now loaded: 0)
Unloading 1 unused Assets / (3.1 KB). Loaded Objects now: 1047.
Memory consumption went from 59.7 MB to 59.7 MB.
Total: 78.645100 ms (FindLiveObjects: 0.093100 ms CreateObjectMapping: 0.021100 ms MarkObjects: 78.508000 ms  DeleteObjects: 0.021600 ms)

Prepare: number of updated asset objects reloaded= 0
AssetImportParameters requested are different than current active one (requested -> active):
  custom:video-encoder-webm-vp8: eb34c28f22e8b96e1ab97ce403110664 -> 
  custom:video-decoder-webm-vp8: 9c59270c3fd7afecdb556c50c9e8de78 -> 
  custom:audio-decoder-ogg-vorbis: bf7c407c2cedff20999df2af8eb42d56 -> 
  custom:video-decoder-ogg-theora: a1e56fd34408186e4bbccfd4996cb3dc -> 
  custom:audio-encoder-webm-vorbis: bf7c407c2cedff20999df2af8eb42d56 -> 
  custom:SearchIndexIgnoredProperties: e643bd26f0fe6173181afceb89e7c659 -> 
  custom:container-demuxer-ogg: 62fdf1f143b41e24485cea50d1cbac27 -> 
  custom:AudioImporter_EditorPlatform: d09bf68614088b80899f8185d706f6e7 -> 
  custom:CustomObjectIndexerAttribute: 9a22284fe3817be447336de3de66b15e -> 
  custom:framework-win-MediaFoundation: 216162199b28c13a410421893ffa2e32 -> 
  custom:container-demuxer-webm: 4f35f7cbe854078d1ac9338744f61a02 -> 
  custom:container-muxer-webm: aa71ff27fc2769a1b78a27578f13a17b -> 
  custom:video-codec-MediaFoundation-h265: 746d11721c4dcdbdad8f713fa42b33f4 -> 
========================================================================
Received Prepare
Begin MonoManager ReloadAssembly
Symbol file LoadedFromMemory is not a mono symbol file
- Loaded All Assemblies, in  0.869 seconds
Refreshing native plugins compatible for Editor in 14.84 ms, found 0 plugins.
Native extension for WindowsStandalone target not found
Native extension for iOS target not found
Native extension for Android target not found
GPGSUpgrader start
0x00007ff65e96af9d (Unity) StackWalker::GetCurrentCallstack
0x00007ff65e970069 (Unity) StackWalker::ShowCallstack
0x00007ff65f95ff31 (Unity) GetStacktrace
0x00007ff66001b63e (Unity) DebugStringToFile
0x00007ff65da39108 (Unity) DebugLogHandler_CUSTOM_Internal_Log
0x0000020e0788cfe3 (Mono JIT Code) (wrapper managed-to-native) UnityEngine.DebugLogHandler:Internal_Log (UnityEngine.LogType,UnityEngine.LogOption,string,UnityEngine.Object)
0x0000020e0788ccbb (Mono JIT Code) UnityEngine.DebugLogHandler:LogFormat (UnityEngine.LogType,UnityEngine.Object,string,object[])
0x0000020e0788ca40 (Mono JIT Code) UnityEngine.Logger:Log (UnityEngine.LogType,object)
0x0000020e0788c908 (Mono JIT Code) UnityEngine.Debug:Log (object)
0x0000020e0788c4bb (Mono JIT Code) GooglePlayGames.Editor.GPGSUpgrader:.cctor () (at C:/Users/PUS_DESK/OneDrive/Documents/Far Fly/FarFlyUnity/Far Fly/Assets/GooglePlayGames/com.google.play.games/Editor/GPGSUpgrader.cs:40)
0x0000020e0788c6d5 (Mono JIT Code) (wrapper runtime-invoke) object:runtime_invoke_void (object,intptr,intptr,intptr)
0x00007ff8a4fe4c1e (mono-2.0-bdwgc) mono_jit_runtime_invoke (at C:/build/output/Unity-Technologies/mono/mono/mini/mini-runtime.c:3445)
0x00007ff8a4f1d254 (mono-2.0-bdwgc) do_runtime_invoke (at C:/build/output/Unity-Technologies/mono/mono/metadata/object.c:3068)
0x00007ff8a4f17ff9 (mono-2.0-bdwgc) mono_runtime_class_init_full (at C:/build/output/Unity-Technologies/mono/mono/metadata/object.c:563)
0x00007ff8a4e4de07 (mono-2.0-bdwgc) ves_icall_System_Runtime_CompilerServices_RuntimeHelpers_RunClassConstructor (at C:/build/output/Unity-Technologies/mono/mono/metadata/icall.c:1292)
0x00007ff8a4e7feec (mono-2.0-bdwgc) ves_icall_System_Runtime_CompilerServices_RuntimeHelpers_RunClassConstructor_raw (at C:/build/output/Unity-Technologies/mono/mono/metadata/icall-def.h:756)
0x0000020e090c90fa (Mono JIT Code) (wrapper managed-to-native) System.Runtime.CompilerServices.RuntimeHelpers:RunClassConstructor (intptr)
0x0000020e090c900b (Mono JIT Code) System.Runtime.CompilerServices.RuntimeHelpers:RunClassConstructor (System.RuntimeTypeHandle)
0x0000020e090c533b (Mono JIT Code) UnityEditor.EditorAssemblies:ProcessInitializeOnLoadAttributes (System.Type[])
0x0000020e088ee5f8 (Mono JIT Code) (wrapper runtime-invoke) <Module>:runtime_invoke_void_object (object,intptr,intptr,intptr)
0x00007ff8a4fe4c1e (mono-2.0-bdwgc) mono_jit_runtime_invoke (at C:/build/output/Unity-Technologies/mono/mono/mini/mini-runtime.c:3445)
0x00007ff8a4f1d254 (mono-2.0-bdwgc) do_runtime_invoke (at C:/build/output/Unity-Technologies/mono/mono/metadata/object.c:3068)
0x00007ff8a4f1d3cc (mono-2.0-bdwgc) mono_runtime_invoke (at C:/build/output/Unity-Technologies/mono/mono/metadata/object.c:3115)
0x00007ff65e883464 (Unity) scripting_method_invoke
0x00007ff65e861154 (Unity) ScriptingInvocation::Invoke
0x00007ff65e85bca5 (Unity) ScriptingInvocation::Invoke<void>
0x00007ff65e9ad383 (Unity) Scripting::UnityEditor::EditorAssembliesProxy::ProcessInitializeOnLoadAttributes
0x00007ff65e855b28 (Unity) MonoManager::SetupLoadedEditorAssemblies
0x00007ff65e84b8a9 (Unity) MonoManager::FinalizeReload
0x00007ff65fc592da (Unity) ScriptingInitializer::FinalizeReload
0x00007ff65f7fde7b (Unity) LoadUserAssemblies
0x00007ff65fd05555 (Unity) <lambda_b37b41f03089e3cb3f55061bbc93253d>::operator()
0x00007ff65fd407b2 (Unity) asio::detail::completion_handler<core::mutable_function<void __cdecl(void)>,asio::io_context::basic_executor_type<std::allocator<void>,0> >::do_complete
0x00007ff65fd2c75e (Unity) asio::detail::win_iocp_io_context::do_one
0x00007ff65fd2e3c4 (Unity) asio::detail::win_iocp_io_context::run
0x00007ff65fd3eb5c (Unity) IOService::Run
0x00007ff65fd126bf (Unity) AssetImportWorkerClient::Run
0x00007ff65fcdd597 (Unity) RunAssetImportWorkerClientV2
0x00007ff65fcdd61b (Unity) RunAssetImporterV2
0x00007ff65f4d60e1 (Unity) Application::InitializeProject
0x00007ff65f96a715 (Unity) WinMain
0x00007ff660d4f4be (Unity) __scrt_common_main_seh
0x00007ff99d68257d (KERNEL32) BaseThreadInitThunk
0x00007ff99e48af28 (ntdll) RtlUserThreadStart

GPGSUpgrader done
0x00007ff65e96af9d (Unity) StackWalker::GetCurrentCallstack
0x00007ff65e970069 (Unity) StackWalker::ShowCallstack
0x00007ff65f95ff31 (Unity) GetStacktrace
0x00007ff66001b63e (Unity) DebugStringToFile
0x00007ff65da39108 (Unity) DebugLogHandler_CUSTOM_Internal_Log
0x0000020e0788cfe3 (Mono JIT Code) (wrapper managed-to-native) UnityEngine.DebugLogHandler:Internal_Log (UnityEngine.LogType,UnityEngine.LogOption,string,UnityEngine.Object)
0x0000020e0788ccbb (Mono JIT Code) UnityEngine.DebugLogHandler:LogFormat (UnityEngine.LogType,UnityEngine.Object,string,object[])
0x0000020e0788ca40 (Mono JIT Code) UnityEngine.Logger:Log (UnityEngine.LogType,object)
0x0000020e0788c908 (Mono JIT Code) UnityEngine.Debug:Log (object)
0x0000020e0788c5bb (Mono JIT Code) GooglePlayGames.Editor.GPGSUpgrader:.cctor () (at C:/Users/PUS_DESK/OneDrive/Documents/Far Fly/FarFlyUnity/Far Fly/Assets/GooglePlayGames/com.google.play.games/Editor/GPGSUpgrader.cs:58)
0x0000020e0788c6d5 (Mono JIT Code) (wrapper runtime-invoke) object:runtime_invoke_void (object,intptr,intptr,intptr)
0x00007ff8a4fe4c1e (mono-2.0-bdwgc) mono_jit_runtime_invoke (at C:/build/output/Unity-Technologies/mono/mono/mini/mini-runtime.c:3445)
0x00007ff8a4f1d254 (mono-2.0-bdwgc) do_runtime_invoke (at C:/build/output/Unity-Technologies/mono/mono/metadata/object.c:3068)
0x00007ff8a4f17ff9 (mono-2.0-bdwgc) mono_runtime_class_init_full (at C:/build/output/Unity-Technologies/mono/mono/metadata/object.c:563)
0x00007ff8a4e4de07 (mono-2.0-bdwgc) ves_icall_System_Runtime_CompilerServices_RuntimeHelpers_RunClassConstructor (at C:/build/output/Unity-Technologies/mono/mono/metadata/icall.c:1292)
0x00007ff8a4e7feec (mono-2.0-bdwgc) ves_icall_System_Runtime_CompilerServices_RuntimeHelpers_RunClassConstructor_raw (at C:/build/output/Unity-Technologies/mono/mono/metadata/icall-def.h:756)
0x0000020e090c90fa (Mono JIT Code) (wrapper managed-to-native) System.Runtime.CompilerServices.RuntimeHelpers:RunClassConstructor (intptr)
0x0000020e090c900b (Mono JIT Code) System.Runtime.CompilerServices.RuntimeHelpers:RunClassConstructor (System.RuntimeTypeHandle)
0x0000020e090c533b (Mono JIT Code) UnityEditor.EditorAssemblies:ProcessInitializeOnLoadAttributes (System.Type[])
0x0000020e088ee5f8 (Mono JIT Code) (wrapper runtime-invoke) <Module>:runtime_invoke_void_object (object,intptr,intptr,intptr)
0x00007ff8a4fe4c1e (mono-2.0-bdwgc) mono_jit_runtime_invoke (at C:/build/output/Unity-Technologies/mono/mono/mini/mini-runtime.c:3445)
0x00007ff8a4f1d254 (mono-2.0-bdwgc) do_runtime_invoke (at C:/build/output/Unity-Technologies/mono/mono/metadata/object.c:3068)
0x00007ff8a4f1d3cc (mono-2.0-bdwgc) mono_runtime_invoke (at C:/build/output/Unity-Technologies/mono/mono/metadata/object.c:3115)
0x00007ff65e883464 (Unity) scripting_method_invoke
0x00007ff65e861154 (Unity) ScriptingInvocation::Invoke
0x00007ff65e85bca5 (Unity) ScriptingInvocation::Invoke<void>
0x00007ff65e9ad383 (Unity) Scripting::UnityEditor::EditorAssembliesProxy::ProcessInitializeOnLoadAttributes
0x00007ff65e855b28 (Unity) MonoManager::SetupLoadedEditorAssemblies
0x00007ff65e84b8a9 (Unity) MonoManager::FinalizeReload
0x00007ff65fc592da (Unity) ScriptingInitializer::FinalizeReload
0x00007ff65f7fde7b (Unity) LoadUserAssemblies
0x00007ff65fd05555 (Unity) <lambda_b37b41f03089e3cb3f55061bbc93253d>::operator()
0x00007ff65fd407b2 (Unity) asio::detail::completion_handler<core::mutable_function<void __cdecl(void)>,asio::io_context::basic_executor_type<std::allocator<void>,0> >::do_complete
0x00007ff65fd2c75e (Unity) asio::detail::win_iocp_io_context::do_one
0x00007ff65fd2e3c4 (Unity) asio::detail::win_iocp_io_context::run
0x00007ff65fd3eb5c (Unity) IOService::Run
0x00007ff65fd126bf (Unity) AssetImportWorkerClient::Run
0x00007ff65fcdd597 (Unity) RunAssetImportWorkerClientV2
0x00007ff65fcdd61b (Unity) RunAssetImporterV2
0x00007ff65f4d60e1 (Unity) Application::InitializeProject
0x00007ff65f96a715 (Unity) WinMain
0x00007ff660d4f4be (Unity) __scrt_common_main_seh
0x00007ff99d68257d (KERNEL32) BaseThreadInitThunk
0x00007ff99e48af28 (ntdll) RtlUserThreadStart

Mono: successfully reloaded assembly
- Finished resetting the current domain, in  1.083 seconds
Domain Reload Profiling: 1943ms
	BeginReloadAssembly (306ms)
		ExecutionOrderSort (0ms)
		DisableScriptedObjects (9ms)
		BackupInstance (0ms)
		ReleaseScriptingObjects (0ms)
		CreateAndSetChildDomain (64ms)
	RebuildCommonClasses (42ms)
	RebuildNativeTypeToScriptingClass (14ms)
	initialDomainReloadingComplete (88ms)
	LoadAllAssembliesAndSetupDomain (410ms)
		LoadAssemblies (579ms)
		RebuildTransferFunctionScriptingTraits (0ms)
		AnalyzeDomain (20ms)
			TypeCache.Refresh (9ms)
				TypeCache.ScanAssembly (1ms)
			ScanForSourceGeneratedMonoScriptInfo (6ms)
			ResolveRequiredComponents (4ms)
	FinalizeReload (1084ms)
		ReleaseScriptCaches (0ms)
		RebuildScriptCaches (0ms)
		SetupLoadedEditorAssemblies (723ms)
			LogAssemblyErrors (0ms)
			InitializePlatformSupportModulesInManaged (82ms)
			SetLoadedEditorAssemblies (4ms)
			RefreshPlugins (0ms)
			BeforeProcessingInitializeOnLoad (71ms)
			ProcessInitializeOnLoadAttributes (529ms)
			ProcessInitializeOnLoadMethodAttributes (21ms)
			AfterProcessingInitializeOnLoad (17ms)
			EditorAssembliesLoaded (0ms)
		ExecutionOrderSort2 (0ms)
		AwakeInstancesAfterBackupRestoration (24ms)
Refreshing native plugins compatible for Editor in 17.33 ms, found 0 plugins.
Preloading 0 native plugins for Editor in 0.00 ms.
Unloading 552 Unused Serialized files (Serialized files now loaded: 0)
Unloading 21 unused Assets / (30.1 KB). Loaded Objects now: 1048.
Memory consumption went from 68.0 MB to 68.0 MB.
Total: 6.487000 ms (FindLiveObjects: 0.175000 ms CreateObjectMapping: 0.040800 ms MarkObjects: 6.225400 ms  DeleteObjects: 0.044600 ms)

Prepare: number of updated asset objects reloaded= 0
AssetImportParameters requested are different than current active one (requested -> active):
  custom:video-encoder-webm-vp8: eb34c28f22e8b96e1ab97ce403110664 -> 
  custom:video-decoder-webm-vp8: 9c59270c3fd7afecdb556c50c9e8de78 -> 
  custom:audio-decoder-ogg-vorbis: bf7c407c2cedff20999df2af8eb42d56 -> 
  custom:video-decoder-ogg-theora: a1e56fd34408186e4bbccfd4996cb3dc -> 
  custom:audio-encoder-webm-vorbis: bf7c407c2cedff20999df2af8eb42d56 -> 
  custom:SearchIndexIgnoredProperties: e643bd26f0fe6173181afceb89e7c659 -> 
  custom:container-demuxer-ogg: 62fdf1f143b41e24485cea50d1cbac27 -> 
  custom:AudioImporter_EditorPlatform: d09bf68614088b80899f8185d706f6e7 -> 
  custom:CustomObjectIndexerAttribute: 9a22284fe3817be447336de3de66b15e -> 
  custom:framework-win-MediaFoundation: 216162199b28c13a410421893ffa2e32 -> 
  custom:container-demuxer-webm: 4f35f7cbe854078d1ac9338744f61a02 -> 
  custom:container-muxer-webm: aa71ff27fc2769a1b78a27578f13a17b -> 
  custom:video-codec-MediaFoundation-h265: 746d11721c4dcdbdad8f713fa42b33f4 -> 
========================================================================
Received Prepare
Begin MonoManager ReloadAssembly
Symbol file LoadedFromMemory is not a mono symbol file
- Loaded All Assemblies, in  0.612 seconds
Refreshing native plugins compatible for Editor in 12.22 ms, found 0 plugins.
Native extension for WindowsStandalone target not found
Native extension for iOS target not found
Native extension for Android target not found
GPGSUpgrader start
0x00007ff65e96af9d (Unity) StackWalker::GetCurrentCallstack
0x00007ff65e970069 (Unity) StackWalker::ShowCallstack
0x00007ff65f95ff31 (Unity) GetStacktrace
0x00007ff66001b63e (Unity) DebugStringToFile
0x00007ff65da39108 (Unity) DebugLogHandler_CUSTOM_Internal_Log
0x0000020e0888c7d3 (Mono JIT Code) (wrapper managed-to-native) UnityEngine.DebugLogHandler:Internal_Log (UnityEngine.LogType,UnityEngine.LogOption,string,UnityEngine.Object)
0x0000020e0888c4ab (Mono JIT Code) UnityEngine.DebugLogHandler:LogFormat (UnityEngine.LogType,UnityEngine.Object,string,object[])
0x0000020e0888c230 (Mono JIT Code) UnityEngine.Logger:Log (UnityEngine.LogType,object)
0x0000020e0888c0f8 (Mono JIT Code) UnityEngine.Debug:Log (object)
0x0000020e0888bcab (Mono JIT Code) GooglePlayGames.Editor.GPGSUpgrader:.cctor () (at C:/Users/PUS_DESK/OneDrive/Documents/Far Fly/FarFlyUnity/Far Fly/Assets/GooglePlayGames/com.google.play.games/Editor/GPGSUpgrader.cs:40)
0x0000020e0888bec5 (Mono JIT Code) (wrapper runtime-invoke) object:runtime_invoke_void (object,intptr,intptr,intptr)
0x00007ff8a4fe4c1e (mono-2.0-bdwgc) mono_jit_runtime_invoke (at C:/build/output/Unity-Technologies/mono/mono/mini/mini-runtime.c:3445)
0x00007ff8a4f1d254 (mono-2.0-bdwgc) do_runtime_invoke (at C:/build/output/Unity-Technologies/mono/mono/metadata/object.c:3068)
0x00007ff8a4f17ff9 (mono-2.0-bdwgc) mono_runtime_class_init_full (at C:/build/output/Unity-Technologies/mono/mono/metadata/object.c:563)
0x00007ff8a4e4de07 (mono-2.0-bdwgc) ves_icall_System_Runtime_CompilerServices_RuntimeHelpers_RunClassConstructor (at C:/build/output/Unity-Technologies/mono/mono/metadata/icall.c:1292)
0x00007ff8a4e7feec (mono-2.0-bdwgc) ves_icall_System_Runtime_CompilerServices_RuntimeHelpers_RunClassConstructor_raw (at C:/build/output/Unity-Technologies/mono/mono/metadata/icall-def.h:756)
0x0000020e090c8a1a (Mono JIT Code) (wrapper managed-to-native) System.Runtime.CompilerServices.RuntimeHelpers:RunClassConstructor (intptr)
0x0000020e090c892b (Mono JIT Code) System.Runtime.CompilerServices.RuntimeHelpers:RunClassConstructor (System.RuntimeTypeHandle)
0x0000020e090c4c5b (Mono JIT Code) UnityEditor.EditorAssemblies:ProcessInitializeOnLoadAttributes (System.Type[])
0x0000020e088ee5f8 (Mono JIT Code) (wrapper runtime-invoke) <Module>:runtime_invoke_void_object (object,intptr,intptr,intptr)
0x00007ff8a4fe4c1e (mono-2.0-bdwgc) mono_jit_runtime_invoke (at C:/build/output/Unity-Technologies/mono/mono/mini/mini-runtime.c:3445)
0x00007ff8a4f1d254 (mono-2.0-bdwgc) do_runtime_invoke (at C:/build/output/Unity-Technologies/mono/mono/metadata/object.c:3068)
0x00007ff8a4f1d3cc (mono-2.0-bdwgc) mono_runtime_invoke (at C:/build/output/Unity-Technologies/mono/mono/metadata/object.c:3115)
0x00007ff65e883464 (Unity) scripting_method_invoke
0x00007ff65e861154 (Unity) ScriptingInvocation::Invoke
0x00007ff65e85bca5 (Unity) ScriptingInvocation::Invoke<void>
0x00007ff65e9ad383 (Unity) Scripting::UnityEditor::EditorAssembliesProxy::ProcessInitializeOnLoadAttributes
0x00007ff65e855b28 (Unity) MonoManager::SetupLoadedEditorAssemblies
0x00007ff65e84b8a9 (Unity) MonoManager::FinalizeReload
0x00007ff65fc592da (Unity) ScriptingInitializer::FinalizeReload
0x00007ff65f7fde7b (Unity) LoadUserAssemblies
0x00007ff65fd05555 (Unity) <lambda_b37b41f03089e3cb3f55061bbc93253d>::operator()
0x00007ff65fd407b2 (Unity) asio::detail::completion_handler<core::mutable_function<void __cdecl(void)>,asio::io_context::basic_executor_type<std::allocator<void>,0> >::do_complete
0x00007ff65fd2c75e (Unity) asio::detail::win_iocp_io_context::do_one
0x00007ff65fd2e3c4 (Unity) asio::detail::win_iocp_io_context::run
0x00007ff65fd3eb5c (Unity) IOService::Run
0x00007ff65fd126bf (Unity) AssetImportWorkerClient::Run
0x00007ff65fcdd597 (Unity) RunAssetImportWorkerClientV2
0x00007ff65fcdd61b (Unity) RunAssetImporterV2
0x00007ff65f4d60e1 (Unity) Application::InitializeProject
0x00007ff65f96a715 (Unity) WinMain
0x00007ff660d4f4be (Unity) __scrt_common_main_seh
0x00007ff99d68257d (KERNEL32) BaseThreadInitThunk
0x00007ff99e48af28 (ntdll) RtlUserThreadStart

GPGSUpgrader done
0x00007ff65e96af9d (Unity) StackWalker::GetCurrentCallstack
0x00007ff65e970069 (Unity) StackWalker::ShowCallstack
0x00007ff65f95ff31 (Unity) GetStacktrace
0x00007ff66001b63e (Unity) DebugStringToFile
0x00007ff65da39108 (Unity) DebugLogHandler_CUSTOM_Internal_Log
0x0000020e0888c7d3 (Mono JIT Code) (wrapper managed-to-native) UnityEngine.DebugLogHandler:Internal_Log (UnityEngine.LogType,UnityEngine.LogOption,string,UnityEngine.Object)
0x0000020e0888c4ab (Mono JIT Code) UnityEngine.DebugLogHandler:LogFormat (UnityEngine.LogType,UnityEngine.Object,string,object[])
0x0000020e0888c230 (Mono JIT Code) UnityEngine.Logger:Log (UnityEngine.LogType,object)
0x0000020e0888c0f8 (Mono JIT Code) UnityEngine.Debug:Log (object)
0x0000020e0888bdab (Mono JIT Code) GooglePlayGames.Editor.GPGSUpgrader:.cctor () (at C:/Users/PUS_DESK/OneDrive/Documents/Far Fly/FarFlyUnity/Far Fly/Assets/GooglePlayGames/com.google.play.games/Editor/GPGSUpgrader.cs:58)
0x0000020e0888bec5 (Mono JIT Code) (wrapper runtime-invoke) object:runtime_invoke_void (object,intptr,intptr,intptr)
0x00007ff8a4fe4c1e (mono-2.0-bdwgc) mono_jit_runtime_invoke (at C:/build/output/Unity-Technologies/mono/mono/mini/mini-runtime.c:3445)
0x00007ff8a4f1d254 (mono-2.0-bdwgc) do_runtime_invoke (at C:/build/output/Unity-Technologies/mono/mono/metadata/object.c:3068)
0x00007ff8a4f17ff9 (mono-2.0-bdwgc) mono_runtime_class_init_full (at C:/build/output/Unity-Technologies/mono/mono/metadata/object.c:563)
0x00007ff8a4e4de07 (mono-2.0-bdwgc) ves_icall_System_Runtime_CompilerServices_RuntimeHelpers_RunClassConstructor (at C:/build/output/Unity-Technologies/mono/mono/metadata/icall.c:1292)
0x00007ff8a4e7feec (mono-2.0-bdwgc) ves_icall_System_Runtime_CompilerServices_RuntimeHelpers_RunClassConstructor_raw (at C:/build/output/Unity-Technologies/mono/mono/metadata/icall-def.h:756)
0x0000020e090c8a1a (Mono JIT Code) (wrapper managed-to-native) System.Runtime.CompilerServices.RuntimeHelpers:RunClassConstructor (intptr)
0x0000020e090c892b (Mono JIT Code) System.Runtime.CompilerServices.RuntimeHelpers:RunClassConstructor (System.RuntimeTypeHandle)
0x0000020e090c4c5b (Mono JIT Code) UnityEditor.EditorAssemblies:ProcessInitializeOnLoadAttributes (System.Type[])
0x0000020e088ee5f8 (Mono JIT Code) (wrapper runtime-invoke) <Module>:runtime_invoke_void_object (object,intptr,intptr,intptr)
0x00007ff8a4fe4c1e (mono-2.0-bdwgc) mono_jit_runtime_invoke (at C:/build/output/Unity-Technologies/mono/mono/mini/mini-runtime.c:3445)
0x00007ff8a4f1d254 (mono-2.0-bdwgc) do_runtime_invoke (at C:/build/output/Unity-Technologies/mono/mono/metadata/object.c:3068)
0x00007ff8a4f1d3cc (mono-2.0-bdwgc) mono_runtime_invoke (at C:/build/output/Unity-Technologies/mono/mono/metadata/object.c:3115)
0x00007ff65e883464 (Unity) scripting_method_invoke
0x00007ff65e861154 (Unity) ScriptingInvocation::Invoke
0x00007ff65e85bca5 (Unity) ScriptingInvocation::Invoke<void>
0x00007ff65e9ad383 (Unity) Scripting::UnityEditor::EditorAssembliesProxy::ProcessInitializeOnLoadAttributes
0x00007ff65e855b28 (Unity) MonoManager::SetupLoadedEditorAssemblies
0x00007ff65e84b8a9 (Unity) MonoManager::FinalizeReload
0x00007ff65fc592da (Unity) ScriptingInitializer::FinalizeReload
0x00007ff65f7fde7b (Unity) LoadUserAssemblies
0x00007ff65fd05555 (Unity) <lambda_b37b41f03089e3cb3f55061bbc93253d>::operator()
0x00007ff65fd407b2 (Unity) asio::detail::completion_handler<core::mutable_function<void __cdecl(void)>,asio::io_context::basic_executor_type<std::allocator<void>,0> >::do_complete
0x00007ff65fd2c75e (Unity) asio::detail::win_iocp_io_context::do_one
0x00007ff65fd2e3c4 (Unity) asio::detail::win_iocp_io_context::run
0x00007ff65fd3eb5c (Unity) IOService::Run
0x00007ff65fd126bf (Unity) AssetImportWorkerClient::Run
0x00007ff65fcdd597 (Unity) RunAssetImportWorkerClientV2
0x00007ff65fcdd61b (Unity) RunAssetImporterV2
0x00007ff65f4d60e1 (Unity) Application::InitializeProject
0x00007ff65f96a715 (Unity) WinMain
0x00007ff660d4f4be (Unity) __scrt_common_main_seh
0x00007ff99d68257d (KERNEL32) BaseThreadInitThunk
0x00007ff99e48af28 (ntdll) RtlUserThreadStart

Mono: successfully reloaded assembly
- Finished resetting the current domain, in  0.994 seconds
Domain Reload Profiling: 1600ms
	BeginReloadAssembly (258ms)
		ExecutionOrderSort (0ms)
		DisableScriptedObjects (6ms)
		BackupInstance (0ms)
		ReleaseScriptingObjects (0ms)
		CreateAndSetChildDomain (38ms)
	RebuildCommonClasses (42ms)
	RebuildNativeTypeToScriptingClass (13ms)
	initialDomainReloadingComplete (46ms)
	LoadAllAssembliesAndSetupDomain (246ms)
		LoadAssemblies (395ms)
		RebuildTransferFunctionScriptingTraits (0ms)
		AnalyzeDomain (8ms)
			TypeCache.Refresh (4ms)
				TypeCache.ScanAssembly (0ms)
			ScanForSourceGeneratedMonoScriptInfo (0ms)
			ResolveRequiredComponents (3ms)
	FinalizeReload (994ms)
		ReleaseScriptCaches (0ms)
		RebuildScriptCaches (0ms)
		SetupLoadedEditorAssemblies (753ms)
			LogAssemblyErrors (0ms)
			InitializePlatformSupportModulesInManaged (59ms)
			SetLoadedEditorAssemblies (3ms)
			RefreshPlugins (0ms)
			BeforeProcessingInitializeOnLoad (83ms)
			ProcessInitializeOnLoadAttributes (560ms)
			ProcessInitializeOnLoadMethodAttributes (29ms)
			AfterProcessingInitializeOnLoad (19ms)
			EditorAssembliesLoaded (0ms)
		ExecutionOrderSort2 (0ms)
		AwakeInstancesAfterBackupRestoration (27ms)
Refreshing native plugins compatible for Editor in 15.48 ms, found 0 plugins.
Preloading 0 native plugins for Editor in 0.00 ms.
Unloading 552 Unused Serialized files (Serialized files now loaded: 0)
Unloading 21 unused Assets / (30.1 KB). Loaded Objects now: 1049.
Memory consumption went from 68.0 MB to 68.0 MB.
Total: 2.852400 ms (FindLiveObjects: 0.078500 ms CreateObjectMapping: 0.016800 ms MarkObjects: 2.716300 ms  DeleteObjects: 0.039600 ms)

Prepare: number of updated asset objects reloaded= 0
AssetImportParameters requested are different than current active one (requested -> active):
  custom:video-encoder-webm-vp8: eb34c28f22e8b96e1ab97ce403110664 -> 
  custom:video-decoder-webm-vp8: 9c59270c3fd7afecdb556c50c9e8de78 -> 
  custom:audio-decoder-ogg-vorbis: bf7c407c2cedff20999df2af8eb42d56 -> 
  custom:video-decoder-ogg-theora: a1e56fd34408186e4bbccfd4996cb3dc -> 
  custom:audio-encoder-webm-vorbis: bf7c407c2cedff20999df2af8eb42d56 -> 
  custom:SearchIndexIgnoredProperties: e643bd26f0fe6173181afceb89e7c659 -> 
  custom:container-demuxer-ogg: 62fdf1f143b41e24485cea50d1cbac27 -> 
  custom:AudioImporter_EditorPlatform: d09bf68614088b80899f8185d706f6e7 -> 
  custom:CustomObjectIndexerAttribute: 9a22284fe3817be447336de3de66b15e -> 
  custom:framework-win-MediaFoundation: 216162199b28c13a410421893ffa2e32 -> 
  custom:container-demuxer-webm: 4f35f7cbe854078d1ac9338744f61a02 -> 
  custom:container-muxer-webm: aa71ff27fc2769a1b78a27578f13a17b -> 
  custom:video-codec-MediaFoundation-h265: 746d11721c4dcdbdad8f713fa42b33f4 -> 
========================================================================
Received Prepare
Begin MonoManager ReloadAssembly
Symbol file LoadedFromMemory is not a mono symbol file
- Loaded All Assemblies, in  0.969 seconds
Refreshing native plugins compatible for Editor in 12.42 ms, found 0 plugins.
Native extension for WindowsStandalone target not found
Native extension for iOS target not found
Native extension for Android target not found
GPGSUpgrader start
0x00007ff65e96af9d (Unity) StackWalker::GetCurrentCallstack
0x00007ff65e970069 (Unity) StackWalker::ShowCallstack
0x00007ff65f95ff31 (Unity) GetStacktrace
0x00007ff66001b63e (Unity) DebugStringToFile
0x00007ff65da39108 (Unity) DebugLogHandler_CUSTOM_Internal_Log
0x0000020e08c4d3a3 (Mono JIT Code) (wrapper managed-to-native) UnityEngine.DebugLogHandler:Internal_Log (UnityEngine.LogType,UnityEngine.LogOption,string,UnityEngine.Object)
0x0000020e08c4d07b (Mono JIT Code) UnityEngine.DebugLogHandler:LogFormat (UnityEngine.LogType,UnityEngine.Object,string,object[])
0x0000020e08c4ce00 (Mono JIT Code) UnityEngine.Logger:Log (UnityEngine.LogType,object)
0x0000020e08c4ccc8 (Mono JIT Code) UnityEngine.Debug:Log (object)
0x0000020e08c4c87b (Mono JIT Code) GooglePlayGames.Editor.GPGSUpgrader:.cctor () (at C:/Users/PUS_DESK/OneDrive/Documents/Far Fly/FarFlyUnity/Far Fly/Assets/GooglePlayGames/com.google.play.games/Editor/GPGSUpgrader.cs:40)
0x0000020e08c4ca95 (Mono JIT Code) (wrapper runtime-invoke) object:runtime_invoke_void (object,intptr,intptr,intptr)
0x00007ff8a4fe4c1e (mono-2.0-bdwgc) mono_jit_runtime_invoke (at C:/build/output/Unity-Technologies/mono/mono/mini/mini-runtime.c:3445)
0x00007ff8a4f1d254 (mono-2.0-bdwgc) do_runtime_invoke (at C:/build/output/Unity-Technologies/mono/mono/metadata/object.c:3068)
0x00007ff8a4f17ff9 (mono-2.0-bdwgc) mono_runtime_class_init_full (at C:/build/output/Unity-Technologies/mono/mono/metadata/object.c:563)
0x00007ff8a4e4de07 (mono-2.0-bdwgc) ves_icall_System_Runtime_CompilerServices_RuntimeHelpers_RunClassConstructor (at C:/build/output/Unity-Technologies/mono/mono/metadata/icall.c:1292)
0x00007ff8a4e7feec (mono-2.0-bdwgc) ves_icall_System_Runtime_CompilerServices_RuntimeHelpers_RunClassConstructor_raw (at C:/build/output/Unity-Technologies/mono/mono/metadata/icall-def.h:756)
0x0000020e0888958a (Mono JIT Code) (wrapper managed-to-native) System.Runtime.CompilerServices.RuntimeHelpers:RunClassConstructor (intptr)
0x0000020e0888949b (Mono JIT Code) System.Runtime.CompilerServices.RuntimeHelpers:RunClassConstructor (System.RuntimeTypeHandle)
0x0000020e088857cb (Mono JIT Code) UnityEditor.EditorAssemblies:ProcessInitializeOnLoadAttributes (System.Type[])
0x0000020e088ee5f8 (Mono JIT Code) (wrapper runtime-invoke) <Module>:runtime_invoke_void_object (object,intptr,intptr,intptr)
0x00007ff8a4fe4c1e (mono-2.0-bdwgc) mono_jit_runtime_invoke (at C:/build/output/Unity-Technologies/mono/mono/mini/mini-runtime.c:3445)
0x00007ff8a4f1d254 (mono-2.0-bdwgc) do_runtime_invoke (at C:/build/output/Unity-Technologies/mono/mono/metadata/object.c:3068)
0x00007ff8a4f1d3cc (mono-2.0-bdwgc) mono_runtime_invoke (at C:/build/output/Unity-Technologies/mono/mono/metadata/object.c:3115)
0x00007ff65e883464 (Unity) scripting_method_invoke
0x00007ff65e861154 (Unity) ScriptingInvocation::Invoke
0x00007ff65e85bca5 (Unity) ScriptingInvocation::Invoke<void>
0x00007ff65e9ad383 (Unity) Scripting::UnityEditor::EditorAssembliesProxy::ProcessInitializeOnLoadAttributes
0x00007ff65e855b28 (Unity) MonoManager::SetupLoadedEditorAssemblies
0x00007ff65e84b8a9 (Unity) MonoManager::FinalizeReload
0x00007ff65fc592da (Unity) ScriptingInitializer::FinalizeReload
0x00007ff65f7fde7b (Unity) LoadUserAssemblies
0x00007ff65fd05555 (Unity) <lambda_b37b41f03089e3cb3f55061bbc93253d>::operator()
0x00007ff65fd407b2 (Unity) asio::detail::completion_handler<core::mutable_function<void __cdecl(void)>,asio::io_context::basic_executor_type<std::allocator<void>,0> >::do_complete
0x00007ff65fd2c75e (Unity) asio::detail::win_iocp_io_context::do_one
0x00007ff65fd2e3c4 (Unity) asio::detail::win_iocp_io_context::run
0x00007ff65fd3eb5c (Unity) IOService::Run
0x00007ff65fd126bf (Unity) AssetImportWorkerClient::Run
0x00007ff65fcdd597 (Unity) RunAssetImportWorkerClientV2
0x00007ff65fcdd61b (Unity) RunAssetImporterV2
0x00007ff65f4d60e1 (Unity) Application::InitializeProject
0x00007ff65f96a715 (Unity) WinMain
0x00007ff660d4f4be (Unity) __scrt_common_main_seh
0x00007ff99d68257d (KERNEL32) BaseThreadInitThunk
0x00007ff99e48af28 (ntdll) RtlUserThreadStart

GPGSUpgrader done
0x00007ff65e96af9d (Unity) StackWalker::GetCurrentCallstack
0x00007ff65e970069 (Unity) StackWalker::ShowCallstack
0x00007ff65f95ff31 (Unity) GetStacktrace
0x00007ff66001b63e (Unity) DebugStringToFile
0x00007ff65da39108 (Unity) DebugLogHandler_CUSTOM_Internal_Log
0x0000020e08c4d3a3 (Mono JIT Code) (wrapper managed-to-native) UnityEngine.DebugLogHandler:Internal_Log (UnityEngine.LogType,UnityEngine.LogOption,string,UnityEngine.Object)
0x0000020e08c4d07b (Mono JIT Code) UnityEngine.DebugLogHandler:LogFormat (UnityEngine.LogType,UnityEngine.Object,string,object[])
0x0000020e08c4ce00 (Mono JIT Code) UnityEngine.Logger:Log (UnityEngine.LogType,object)
0x0000020e08c4ccc8 (Mono JIT Code) UnityEngine.Debug:Log (object)
0x0000020e08c4c97b (Mono JIT Code) GooglePlayGames.Editor.GPGSUpgrader:.cctor () (at C:/Users/PUS_DESK/OneDrive/Documents/Far Fly/FarFlyUnity/Far Fly/Assets/GooglePlayGames/com.google.play.games/Editor/GPGSUpgrader.cs:58)
0x0000020e08c4ca95 (Mono JIT Code) (wrapper runtime-invoke) object:runtime_invoke_void (object,intptr,intptr,intptr)
0x00007ff8a4fe4c1e (mono-2.0-bdwgc) mono_jit_runtime_invoke (at C:/build/output/Unity-Technologies/mono/mono/mini/mini-runtime.c:3445)
0x00007ff8a4f1d254 (mono-2.0-bdwgc) do_runtime_invoke (at C:/build/output/Unity-Technologies/mono/mono/metadata/object.c:3068)
0x00007ff8a4f17ff9 (mono-2.0-bdwgc) mono_runtime_class_init_full (at C:/build/output/Unity-Technologies/mono/mono/metadata/object.c:563)
0x00007ff8a4e4de07 (mono-2.0-bdwgc) ves_icall_System_Runtime_CompilerServices_RuntimeHelpers_RunClassConstructor (at C:/build/output/Unity-Technologies/mono/mono/metadata/icall.c:1292)
0x00007ff8a4e7feec (mono-2.0-bdwgc) ves_icall_System_Runtime_CompilerServices_RuntimeHelpers_RunClassConstructor_raw (at C:/build/output/Unity-Technologies/mono/mono/metadata/icall-def.h:756)
0x0000020e0888958a (Mono JIT Code) (wrapper managed-to-native) System.Runtime.CompilerServices.RuntimeHelpers:RunClassConstructor (intptr)
0x0000020e0888949b (Mono JIT Code) System.Runtime.CompilerServices.RuntimeHelpers:RunClassConstructor (System.RuntimeTypeHandle)
0x0000020e088857cb (Mono JIT Code) UnityEditor.EditorAssemblies:ProcessInitializeOnLoadAttributes (System.Type[])
0x0000020e088ee5f8 (Mono JIT Code) (wrapper runtime-invoke) <Module>:runtime_invoke_void_object (object,intptr,intptr,intptr)
0x00007ff8a4fe4c1e (mono-2.0-bdwgc) mono_jit_runtime_invoke (at C:/build/output/Unity-Technologies/mono/mono/mini/mini-runtime.c:3445)
0x00007ff8a4f1d254 (mono-2.0-bdwgc) do_runtime_invoke (at C:/build/output/Unity-Technologies/mono/mono/metadata/object.c:3068)
0x00007ff8a4f1d3cc (mono-2.0-bdwgc) mono_runtime_invoke (at C:/build/output/Unity-Technologies/mono/mono/metadata/object.c:3115)
0x00007ff65e883464 (Unity) scripting_method_invoke
0x00007ff65e861154 (Unity) ScriptingInvocation::Invoke
0x00007ff65e85bca5 (Unity) ScriptingInvocation::Invoke<void>
0x00007ff65e9ad383 (Unity) Scripting::UnityEditor::EditorAssembliesProxy::ProcessInitializeOnLoadAttributes
0x00007ff65e855b28 (Unity) MonoManager::SetupLoadedEditorAssemblies
0x00007ff65e84b8a9 (Unity) MonoManager::FinalizeReload
0x00007ff65fc592da (Unity) ScriptingInitializer::FinalizeReload
0x00007ff65f7fde7b (Unity) LoadUserAssemblies
0x00007ff65fd05555 (Unity) <lambda_b37b41f03089e3cb3f55061bbc93253d>::operator()
0x00007ff65fd407b2 (Unity) asio::detail::completion_handler<core::mutable_function<void __cdecl(void)>,asio::io_context::basic_executor_type<std::allocator<void>,0> >::do_complete
0x00007ff65fd2c75e (Unity) asio::detail::win_iocp_io_context::do_one
0x00007ff65fd2e3c4 (Unity) asio::detail::win_iocp_io_context::run
0x00007ff65fd3eb5c (Unity) IOService::Run
0x00007ff65fd126bf (Unity) AssetImportWorkerClient::Run
0x00007ff65fcdd597 (Unity) RunAssetImportWorkerClientV2
0x00007ff65fcdd61b (Unity) RunAssetImporterV2
0x00007ff65f4d60e1 (Unity) Application::InitializeProject
0x00007ff65f96a715 (Unity) WinMain
0x00007ff660d4f4be (Unity) __scrt_common_main_seh
0x00007ff99d68257d (KERNEL32) BaseThreadInitThunk
0x00007ff99e48af28 (ntdll) RtlUserThreadStart

Mono: successfully reloaded assembly
- Finished resetting the current domain, in  1.005 seconds
Domain Reload Profiling: 1966ms
	BeginReloadAssembly (308ms)
		ExecutionOrderSort (0ms)
		DisableScriptedObjects (6ms)
		BackupInstance (0ms)
		ReleaseScriptingObjects (0ms)
		CreateAndSetChildDomain (36ms)
	RebuildCommonClasses (62ms)
	RebuildNativeTypeToScriptingClass (29ms)
	initialDomainReloadingComplete (134ms)
	LoadAllAssembliesAndSetupDomain (427ms)
		LoadAssemblies (622ms)
		RebuildTransferFunctionScriptingTraits (0ms)
		AnalyzeDomain (15ms)
			TypeCache.Refresh (9ms)
				TypeCache.ScanAssembly (1ms)
			ScanForSourceGeneratedMonoScriptInfo (3ms)
			ResolveRequiredComponents (3ms)
	FinalizeReload (1006ms)
		ReleaseScriptCaches (0ms)
		RebuildScriptCaches (0ms)
		SetupLoadedEditorAssemblies (694ms)
			LogAssemblyErrors (0ms)
			InitializePlatformSupportModulesInManaged (55ms)
			SetLoadedEditorAssemblies (3ms)
			RefreshPlugins (0ms)
			BeforeProcessingInitializeOnLoad (80ms)
			ProcessInitializeOnLoadAttributes (515ms)
			ProcessInitializeOnLoadMethodAttributes (21ms)
			AfterProcessingInitializeOnLoad (19ms)
			EditorAssembliesLoaded (0ms)
		ExecutionOrderSort2 (0ms)
		AwakeInstancesAfterBackupRestoration (22ms)
Refreshing native plugins compatible for Editor in 13.08 ms, found 0 plugins.
Preloading 0 native plugins for Editor in 0.00 ms.
Unloading 552 Unused Serialized files (Serialized files now loaded: 0)
Unloading 21 unused Assets / (30.1 KB). Loaded Objects now: 1050.
Memory consumption went from 68.0 MB to 68.0 MB.
Total: 2.194200 ms (FindLiveObjects: 0.082000 ms CreateObjectMapping: 0.026000 ms MarkObjects: 2.050100 ms  DeleteObjects: 0.035400 ms)

Prepare: number of updated asset objects reloaded= 0
AssetImportParameters requested are different than current active one (requested -> active):
  custom:video-encoder-webm-vp8: eb34c28f22e8b96e1ab97ce403110664 -> 
  custom:video-decoder-webm-vp8: 9c59270c3fd7afecdb556c50c9e8de78 -> 
  custom:audio-decoder-ogg-vorbis: bf7c407c2cedff20999df2af8eb42d56 -> 
  custom:video-decoder-ogg-theora: a1e56fd34408186e4bbccfd4996cb3dc -> 
  custom:audio-encoder-webm-vorbis: bf7c407c2cedff20999df2af8eb42d56 -> 
  custom:SearchIndexIgnoredProperties: e643bd26f0fe6173181afceb89e7c659 -> 
  custom:container-demuxer-ogg: 62fdf1f143b41e24485cea50d1cbac27 -> 
  custom:AudioImporter_EditorPlatform: d09bf68614088b80899f8185d706f6e7 -> 
  custom:CustomObjectIndexerAttribute: 9a22284fe3817be447336de3de66b15e -> 
  custom:framework-win-MediaFoundation: 216162199b28c13a410421893ffa2e32 -> 
  custom:container-demuxer-webm: 4f35f7cbe854078d1ac9338744f61a02 -> 
  custom:container-muxer-webm: aa71ff27fc2769a1b78a27578f13a17b -> 
  custom:video-codec-MediaFoundation-h265: 746d11721c4dcdbdad8f713fa42b33f4 -> 
========================================================================
Received Prepare
Begin MonoManager ReloadAssembly
Symbol file LoadedFromMemory is not a mono symbol file
- Loaded All Assemblies, in  0.630 seconds
Refreshing native plugins compatible for Editor in 12.29 ms, found 0 plugins.
Native extension for WindowsStandalone target not found
Native extension for iOS target not found
Native extension for Android target not found
GPGSUpgrader start
0x00007ff65e96af9d (Unity) StackWalker::GetCurrentCallstack
0x00007ff65e970069 (Unity) StackWalker::ShowCallstack
0x00007ff65f95ff31 (Unity) GetStacktrace
0x00007ff66001b63e (Unity) DebugStringToFile
0x00007ff65da39108 (Unity) DebugLogHandler_CUSTOM_Internal_Log
0x0000020de6d6c7d3 (Mono JIT Code) (wrapper managed-to-native) UnityEngine.DebugLogHandler:Internal_Log (UnityEngine.LogType,UnityEngine.LogOption,string,UnityEngine.Object)
0x0000020de6d6c4ab (Mono JIT Code) UnityEngine.DebugLogHandler:LogFormat (UnityEngine.LogType,UnityEngine.Object,string,object[])
0x0000020de6d6c230 (Mono JIT Code) UnityEngine.Logger:Log (UnityEngine.LogType,object)
0x0000020de6d6c0f8 (Mono JIT Code) UnityEngine.Debug:Log (object)
0x0000020de6d6bcab (Mono JIT Code) GooglePlayGames.Editor.GPGSUpgrader:.cctor () (at C:/Users/PUS_DESK/OneDrive/Documents/Far Fly/FarFlyUnity/Far Fly/Assets/GooglePlayGames/com.google.play.games/Editor/GPGSUpgrader.cs:40)
0x0000020de6d6bec5 (Mono JIT Code) (wrapper runtime-invoke) object:runtime_invoke_void (object,intptr,intptr,intptr)
0x00007ff8a4fe4c1e (mono-2.0-bdwgc) mono_jit_runtime_invoke (at C:/build/output/Unity-Technologies/mono/mono/mini/mini-runtime.c:3445)
0x00007ff8a4f1d254 (mono-2.0-bdwgc) do_runtime_invoke (at C:/build/output/Unity-Technologies/mono/mono/metadata/object.c:3068)
0x00007ff8a4f17ff9 (mono-2.0-bdwgc) mono_runtime_class_init_full (at C:/build/output/Unity-Technologies/mono/mono/metadata/object.c:563)
0x00007ff8a4e4de07 (mono-2.0-bdwgc) ves_icall_System_Runtime_CompilerServices_RuntimeHelpers_RunClassConstructor (at C:/build/output/Unity-Technologies/mono/mono/metadata/icall.c:1292)
0x00007ff8a4e7feec (mono-2.0-bdwgc) ves_icall_System_Runtime_CompilerServices_RuntimeHelpers_RunClassConstructor_raw (at C:/build/output/Unity-Technologies/mono/mono/metadata/icall-def.h:756)
0x0000020e08d68a1a (Mono JIT Code) (wrapper managed-to-native) System.Runtime.CompilerServices.RuntimeHelpers:RunClassConstructor (intptr)
0x0000020e08d6892b (Mono JIT Code) System.Runtime.CompilerServices.RuntimeHelpers:RunClassConstructor (System.RuntimeTypeHandle)
0x0000020e08d64c5b (Mono JIT Code) UnityEditor.EditorAssemblies:ProcessInitializeOnLoadAttributes (System.Type[])
0x0000020e088ee5f8 (Mono JIT Code) (wrapper runtime-invoke) <Module>:runtime_invoke_void_object (object,intptr,intptr,intptr)
0x00007ff8a4fe4c1e (mono-2.0-bdwgc) mono_jit_runtime_invoke (at C:/build/output/Unity-Technologies/mono/mono/mini/mini-runtime.c:3445)
0x00007ff8a4f1d254 (mono-2.0-bdwgc) do_runtime_invoke (at C:/build/output/Unity-Technologies/mono/mono/metadata/object.c:3068)
0x00007ff8a4f1d3cc (mono-2.0-bdwgc) mono_runtime_invoke (at C:/build/output/Unity-Technologies/mono/mono/metadata/object.c:3115)
0x00007ff65e883464 (Unity) scripting_method_invoke
0x00007ff65e861154 (Unity) ScriptingInvocation::Invoke
0x00007ff65e85bca5 (Unity) ScriptingInvocation::Invoke<void>
0x00007ff65e9ad383 (Unity) Scripting::UnityEditor::EditorAssembliesProxy::ProcessInitializeOnLoadAttributes
0x00007ff65e855b28 (Unity) MonoManager::SetupLoadedEditorAssemblies
0x00007ff65e84b8a9 (Unity) MonoManager::FinalizeReload
0x00007ff65fc592da (Unity) ScriptingInitializer::FinalizeReload
0x00007ff65f7fde7b (Unity) LoadUserAssemblies
0x00007ff65fd05555 (Unity) <lambda_b37b41f03089e3cb3f55061bbc93253d>::operator()
0x00007ff65fd407b2 (Unity) asio::detail::completion_handler<core::mutable_function<void __cdecl(void)>,asio::io_context::basic_executor_type<std::allocator<void>,0> >::do_complete
0x00007ff65fd2c75e (Unity) asio::detail::win_iocp_io_context::do_one
0x00007ff65fd2e3c4 (Unity) asio::detail::win_iocp_io_context::run
0x00007ff65fd3eb5c (Unity) IOService::Run
0x00007ff65fd126bf (Unity) AssetImportWorkerClient::Run
0x00007ff65fcdd597 (Unity) RunAssetImportWorkerClientV2
0x00007ff65fcdd61b (Unity) RunAssetImporterV2
0x00007ff65f4d60e1 (Unity) Application::InitializeProject
0x00007ff65f96a715 (Unity) WinMain
0x00007ff660d4f4be (Unity) __scrt_common_main_seh
0x00007ff99d68257d (KERNEL32) BaseThreadInitThunk
0x00007ff99e48af28 (ntdll) RtlUserThreadStart

GPGSUpgrader done
0x00007ff65e96af9d (Unity) StackWalker::GetCurrentCallstack
0x00007ff65e970069 (Unity) StackWalker::ShowCallstack
0x00007ff65f95ff31 (Unity) GetStacktrace
0x00007ff66001b63e (Unity) DebugStringToFile
0x00007ff65da39108 (Unity) DebugLogHandler_CUSTOM_Internal_Log
0x0000020de6d6c7d3 (Mono JIT Code) (wrapper managed-to-native) UnityEngine.DebugLogHandler:Internal_Log (UnityEngine.LogType,UnityEngine.LogOption,string,UnityEngine.Object)
0x0000020de6d6c4ab (Mono JIT Code) UnityEngine.DebugLogHandler:LogFormat (UnityEngine.LogType,UnityEngine.Object,string,object[])
0x0000020de6d6c230 (Mono JIT Code) UnityEngine.Logger:Log (UnityEngine.LogType,object)
0x0000020de6d6c0f8 (Mono JIT Code) UnityEngine.Debug:Log (object)
0x0000020de6d6bdab (Mono JIT Code) GooglePlayGames.Editor.GPGSUpgrader:.cctor () (at C:/Users/PUS_DESK/OneDrive/Documents/Far Fly/FarFlyUnity/Far Fly/Assets/GooglePlayGames/com.google.play.games/Editor/GPGSUpgrader.cs:58)
0x0000020de6d6bec5 (Mono JIT Code) (wrapper runtime-invoke) object:runtime_invoke_void (object,intptr,intptr,intptr)
0x00007ff8a4fe4c1e (mono-2.0-bdwgc) mono_jit_runtime_invoke (at C:/build/output/Unity-Technologies/mono/mono/mini/mini-runtime.c:3445)
0x00007ff8a4f1d254 (mono-2.0-bdwgc) do_runtime_invoke (at C:/build/output/Unity-Technologies/mono/mono/metadata/object.c:3068)
0x00007ff8a4f17ff9 (mono-2.0-bdwgc) mono_runtime_class_init_full (at C:/build/output/Unity-Technologies/mono/mono/metadata/object.c:563)
0x00007ff8a4e4de07 (mono-2.0-bdwgc) ves_icall_System_Runtime_CompilerServices_RuntimeHelpers_RunClassConstructor (at C:/build/output/Unity-Technologies/mono/mono/metadata/icall.c:1292)
0x00007ff8a4e7feec (mono-2.0-bdwgc) ves_icall_System_Runtime_CompilerServices_RuntimeHelpers_RunClassConstructor_raw (at C:/build/output/Unity-Technologies/mono/mono/metadata/icall-def.h:756)
0x0000020e08d68a1a (Mono JIT Code) (wrapper managed-to-native) System.Runtime.CompilerServices.RuntimeHelpers:RunClassConstructor (intptr)
0x0000020e08d6892b (Mono JIT Code) System.Runtime.CompilerServices.RuntimeHelpers:RunClassConstructor (System.RuntimeTypeHandle)
0x0000020e08d64c5b (Mono JIT Code) UnityEditor.EditorAssemblies:ProcessInitializeOnLoadAttributes (System.Type[])
0x0000020e088ee5f8 (Mono JIT Code) (wrapper runtime-invoke) <Module>:runtime_invoke_void_object (object,intptr,intptr,intptr)
0x00007ff8a4fe4c1e (mono-2.0-bdwgc) mono_jit_runtime_invoke (at C:/build/output/Unity-Technologies/mono/mono/mini/mini-runtime.c:3445)
0x00007ff8a4f1d254 (mono-2.0-bdwgc) do_runtime_invoke (at C:/build/output/Unity-Technologies/mono/mono/metadata/object.c:3068)
0x00007ff8a4f1d3cc (mono-2.0-bdwgc) mono_runtime_invoke (at C:/build/output/Unity-Technologies/mono/mono/metadata/object.c:3115)
0x00007ff65e883464 (Unity) scripting_method_invoke
0x00007ff65e861154 (Unity) ScriptingInvocation::Invoke
0x00007ff65e85bca5 (Unity) ScriptingInvocation::Invoke<void>
0x00007ff65e9ad383 (Unity) Scripting::UnityEditor::EditorAssembliesProxy::ProcessInitializeOnLoadAttributes
0x00007ff65e855b28 (Unity) MonoManager::SetupLoadedEditorAssemblies
0x00007ff65e84b8a9 (Unity) MonoManager::FinalizeReload
0x00007ff65fc592da (Unity) ScriptingInitializer::FinalizeReload
0x00007ff65f7fde7b (Unity) LoadUserAssemblies
0x00007ff65fd05555 (Unity) <lambda_b37b41f03089e3cb3f55061bbc93253d>::operator()
0x00007ff65fd407b2 (Unity) asio::detail::completion_handler<core::mutable_function<void __cdecl(void)>,asio::io_context::basic_executor_type<std::allocator<void>,0> >::do_complete
0x00007ff65fd2c75e (Unity) asio::detail::win_iocp_io_context::do_one
0x00007ff65fd2e3c4 (Unity) asio::detail::win_iocp_io_context::run
0x00007ff65fd3eb5c (Unity) IOService::Run
0x00007ff65fd126bf (Unity) AssetImportWorkerClient::Run
0x00007ff65fcdd597 (Unity) RunAssetImportWorkerClientV2
0x00007ff65fcdd61b (Unity) RunAssetImporterV2
0x00007ff65f4d60e1 (Unity) Application::InitializeProject
0x00007ff65f96a715 (Unity) WinMain
0x00007ff660d4f4be (Unity) __scrt_common_main_seh
0x00007ff99d68257d (KERNEL32) BaseThreadInitThunk
0x00007ff99e48af28 (ntdll) RtlUserThreadStart

Mono: successfully reloaded assembly
- Finished resetting the current domain, in  1.333 seconds
Domain Reload Profiling: 1955ms
	BeginReloadAssembly (221ms)
		ExecutionOrderSort (0ms)
		DisableScriptedObjects (7ms)
		BackupInstance (0ms)
		ReleaseScriptingObjects (0ms)
		CreateAndSetChildDomain (30ms)
	RebuildCommonClasses (45ms)
	RebuildNativeTypeToScriptingClass (16ms)
	initialDomainReloadingComplete (65ms)
	LoadAllAssembliesAndSetupDomain (275ms)
		LoadAssemblies (413ms)
		RebuildTransferFunctionScriptingTraits (0ms)
		AnalyzeDomain (9ms)
			TypeCache.Refresh (5ms)
				TypeCache.ScanAssembly (0ms)
			ScanForSourceGeneratedMonoScriptInfo (0ms)
			ResolveRequiredComponents (3ms)
	FinalizeReload (1334ms)
		ReleaseScriptCaches (0ms)
		RebuildScriptCaches (0ms)
		SetupLoadedEditorAssemblies (1089ms)
			LogAssemblyErrors (0ms)
			InitializePlatformSupportModulesInManaged (64ms)
			SetLoadedEditorAssemblies (4ms)
			RefreshPlugins (0ms)
			BeforeProcessingInitializeOnLoad (79ms)
			ProcessInitializeOnLoadAttributes (887ms)
			ProcessInitializeOnLoadMethodAttributes (26ms)
			AfterProcessingInitializeOnLoad (28ms)
			EditorAssembliesLoaded (0ms)
		ExecutionOrderSort2 (0ms)
		AwakeInstancesAfterBackupRestoration (30ms)
Refreshing native plugins compatible for Editor in 21.55 ms, found 0 plugins.
Preloading 0 native plugins for Editor in 0.00 ms.
Unloading 552 Unused Serialized files (Serialized files now loaded: 0)
Unloading 21 unused Assets / (30.1 KB). Loaded Objects now: 1051.
Memory consumption went from 68.1 MB to 68.0 MB.
Total: 3.608100 ms (FindLiveObjects: 0.107700 ms CreateObjectMapping: 0.024800 ms MarkObjects: 3.430600 ms  DeleteObjects: 0.043600 ms)

Prepare: number of updated asset objects reloaded= 0
AssetImportParameters requested are different than current active one (requested -> active):
  custom:video-encoder-webm-vp8: eb34c28f22e8b96e1ab97ce403110664 -> 
  custom:video-decoder-webm-vp8: 9c59270c3fd7afecdb556c50c9e8de78 -> 
  custom:audio-decoder-ogg-vorbis: bf7c407c2cedff20999df2af8eb42d56 -> 
  custom:video-decoder-ogg-theora: a1e56fd34408186e4bbccfd4996cb3dc -> 
  custom:audio-encoder-webm-vorbis: bf7c407c2cedff20999df2af8eb42d56 -> 
  custom:SearchIndexIgnoredProperties: e643bd26f0fe6173181afceb89e7c659 -> 
  custom:container-demuxer-ogg: 62fdf1f143b41e24485cea50d1cbac27 -> 
  custom:AudioImporter_EditorPlatform: d09bf68614088b80899f8185d706f6e7 -> 
  custom:CustomObjectIndexerAttribute: 9a22284fe3817be447336de3de66b15e -> 
  custom:framework-win-MediaFoundation: 216162199b28c13a410421893ffa2e32 -> 
  custom:container-demuxer-webm: 4f35f7cbe854078d1ac9338744f61a02 -> 
  custom:container-muxer-webm: aa71ff27fc2769a1b78a27578f13a17b -> 
  custom:video-codec-MediaFoundation-h265: 746d11721c4dcdbdad8f713fa42b33f4 -> 
========================================================================
Received Prepare
Begin MonoManager ReloadAssembly
Symbol file LoadedFromMemory is not a mono symbol file
- Loaded All Assemblies, in  0.681 seconds
Refreshing native plugins compatible for Editor in 13.64 ms, found 0 plugins.
Native extension for WindowsStandalone target not found
Native extension for iOS target not found
Native extension for Android target not found
GPGSUpgrader start
0x00007ff65e96af9d (Unity) StackWalker::GetCurrentCallstack
0x00007ff65e970069 (Unity) StackWalker::ShowCallstack
0x00007ff65f95ff31 (Unity) GetStacktrace
0x00007ff66001b63e (Unity) DebugStringToFile
0x00007ff65da39108 (Unity) DebugLogHandler_CUSTOM_Internal_Log
0x0000020e0889c7d3 (Mono JIT Code) (wrapper managed-to-native) UnityEngine.DebugLogHandler:Internal_Log (UnityEngine.LogType,UnityEngine.LogOption,string,UnityEngine.Object)
0x0000020e0889c4ab (Mono JIT Code) UnityEngine.DebugLogHandler:LogFormat (UnityEngine.LogType,UnityEngine.Object,string,object[])
0x0000020e0889c230 (Mono JIT Code) UnityEngine.Logger:Log (UnityEngine.LogType,object)
0x0000020e0889c0f8 (Mono JIT Code) UnityEngine.Debug:Log (object)
0x0000020e0889bcab (Mono JIT Code) GooglePlayGames.Editor.GPGSUpgrader:.cctor () (at C:/Users/PUS_DESK/OneDrive/Documents/Far Fly/FarFlyUnity/Far Fly/Assets/GooglePlayGames/com.google.play.games/Editor/GPGSUpgrader.cs:40)
0x0000020e0889bec5 (Mono JIT Code) (wrapper runtime-invoke) object:runtime_invoke_void (object,intptr,intptr,intptr)
0x00007ff8a4fe4c1e (mono-2.0-bdwgc) mono_jit_runtime_invoke (at C:/build/output/Unity-Technologies/mono/mono/mini/mini-runtime.c:3445)
0x00007ff8a4f1d254 (mono-2.0-bdwgc) do_runtime_invoke (at C:/build/output/Unity-Technologies/mono/mono/metadata/object.c:3068)
0x00007ff8a4f17ff9 (mono-2.0-bdwgc) mono_runtime_class_init_full (at C:/build/output/Unity-Technologies/mono/mono/metadata/object.c:563)
0x00007ff8a4e4de07 (mono-2.0-bdwgc) ves_icall_System_Runtime_CompilerServices_RuntimeHelpers_RunClassConstructor (at C:/build/output/Unity-Technologies/mono/mono/metadata/icall.c:1292)
0x00007ff8a4e7feec (mono-2.0-bdwgc) ves_icall_System_Runtime_CompilerServices_RuntimeHelpers_RunClassConstructor_raw (at C:/build/output/Unity-Technologies/mono/mono/metadata/icall-def.h:756)
0x0000020e08ca8a1a (Mono JIT Code) (wrapper managed-to-native) System.Runtime.CompilerServices.RuntimeHelpers:RunClassConstructor (intptr)
0x0000020e08ca892b (Mono JIT Code) System.Runtime.CompilerServices.RuntimeHelpers:RunClassConstructor (System.RuntimeTypeHandle)
0x0000020e08ca4c5b (Mono JIT Code) UnityEditor.EditorAssemblies:ProcessInitializeOnLoadAttributes (System.Type[])
0x0000020e088ee5f8 (Mono JIT Code) (wrapper runtime-invoke) <Module>:runtime_invoke_void_object (object,intptr,intptr,intptr)
0x00007ff8a4fe4c1e (mono-2.0-bdwgc) mono_jit_runtime_invoke (at C:/build/output/Unity-Technologies/mono/mono/mini/mini-runtime.c:3445)
0x00007ff8a4f1d254 (mono-2.0-bdwgc) do_runtime_invoke (at C:/build/output/Unity-Technologies/mono/mono/metadata/object.c:3068)
0x00007ff8a4f1d3cc (mono-2.0-bdwgc) mono_runtime_invoke (at C:/build/output/Unity-Technologies/mono/mono/metadata/object.c:3115)
0x00007ff65e883464 (Unity) scripting_method_invoke
0x00007ff65e861154 (Unity) ScriptingInvocation::Invoke
0x00007ff65e85bca5 (Unity) ScriptingInvocation::Invoke<void>
0x00007ff65e9ad383 (Unity) Scripting::UnityEditor::EditorAssembliesProxy::ProcessInitializeOnLoadAttributes
0x00007ff65e855b28 (Unity) MonoManager::SetupLoadedEditorAssemblies
0x00007ff65e84b8a9 (Unity) MonoManager::FinalizeReload
0x00007ff65fc592da (Unity) ScriptingInitializer::FinalizeReload
0x00007ff65f7fde7b (Unity) LoadUserAssemblies
0x00007ff65fd05555 (Unity) <lambda_b37b41f03089e3cb3f55061bbc93253d>::operator()
0x00007ff65fd407b2 (Unity) asio::detail::completion_handler<core::mutable_function<void __cdecl(void)>,asio::io_context::basic_executor_type<std::allocator<void>,0> >::do_complete
0x00007ff65fd2c75e (Unity) asio::detail::win_iocp_io_context::do_one
0x00007ff65fd2e3c4 (Unity) asio::detail::win_iocp_io_context::run
0x00007ff65fd3eb5c (Unity) IOService::Run
0x00007ff65fd126bf (Unity) AssetImportWorkerClient::Run
0x00007ff65fcdd597 (Unity) RunAssetImportWorkerClientV2
0x00007ff65fcdd61b (Unity) RunAssetImporterV2
0x00007ff65f4d60e1 (Unity) Application::InitializeProject
0x00007ff65f96a715 (Unity) WinMain
0x00007ff660d4f4be (Unity) __scrt_common_main_seh
0x00007ff99d68257d (KERNEL32) BaseThreadInitThunk
0x00007ff99e48af28 (ntdll) RtlUserThreadStart

System.IO.IOException: Sharing violation on path C:\Users\PUS_DESK\OneDrive\Documents\Far Fly\FarFlyUnity\Far Fly\ProjectSettings\GooglePlayGameSettings.txt
  at System.IO.FileStream..ctor (System.String path, System.IO.FileMode mode, System.IO.FileAccess access, System.IO.FileShare share, System.Int32 bufferSize, System.Boolean anonymous, System.IO.FileOptions options) [0x0019e] in <51fded79cd284d4d911c5949aff4cb21>:0 
  at System.IO.FileStream..ctor (System.String path, System.IO.FileMode mode, System.IO.FileAccess access, System.IO.FileShare share, System.Int32 bufferSize, System.IO.FileOptions options) [0x00000] in <51fded79cd284d4d911c5949aff4cb21>:0 
  at (wrapper remoting-invoke-with-check) System.IO.FileStream..ctor(string,System.IO.FileMode,System.IO.FileAccess,System.IO.FileShare,int,System.IO.FileOptions)
  at System.IO.StreamReader..ctor (System.String path, System.Text.Encoding encoding, System.Boolean detectEncodingFromByteOrderMarks, System.Int32 bufferSize) [0x00055] in <51fded79cd284d4d911c5949aff4cb21>:0 
  at System.IO.StreamReader..ctor (System.String path, System.Boolean detectEncodingFromByteOrderMarks) [0x00007] in <51fded79cd284d4d911c5949aff4cb21>:0 
  at System.IO.StreamReader..ctor (System.String path) [0x00000] in <51fded79cd284d4d911c5949aff4cb21>:0 
  at (wrapper remoting-invoke-with-check) System.IO.StreamReader..ctor(string)
  at GooglePlayGames.Editor.GPGSProjectSettings..ctor () [0x00067] in C:\Users\PUS_DESK\OneDrive\Documents\Far Fly\FarFlyUnity\Far Fly\Assets\GooglePlayGames\com.google.play.games\Editor\GPGSProjectSettings.cs:70 
  at GooglePlayGames.Editor.GPGSProjectSettings.get_Instance () [0x00007] in C:\Users\PUS_DESK\OneDrive\Documents\Far Fly\FarFlyUnity\Far Fly\Assets\GooglePlayGames\com.google.play.games\Editor\GPGSProjectSettings.cs:40 
  at GooglePlayGames.Editor.GPGSUpgrader..cctor () [0x00012] in C:\Users\PUS_DESK\OneDrive\Documents\Far Fly\FarFlyUnity\Far Fly\Assets\GooglePlayGames\com.google.play.games\Editor\GPGSUpgrader.cs:40 
0x00007ff65e96af9d (Unity) StackWalker::GetCurrentCallstack
0x00007ff65e970069 (Unity) StackWalker::ShowCallstack
0x00007ff65f95ff31 (Unity) GetStacktrace
0x00007ff66001b63e (Unity) DebugStringToFile
0x00007ff65da39108 (Unity) DebugLogHandler_CUSTOM_Internal_Log
0x0000020e0889c7d3 (Mono JIT Code) (wrapper managed-to-native) UnityEngine.DebugLogHandler:Internal_Log (UnityEngine.LogType,UnityEngine.LogOption,string,UnityEngine.Object)
0x0000020e0889c4ab (Mono JIT Code) UnityEngine.DebugLogHandler:LogFormat (UnityEngine.LogType,UnityEngine.Object,string,object[])
0x0000020e0889c230 (Mono JIT Code) UnityEngine.Logger:Log (UnityEngine.LogType,object)
0x0000020e08c683e5 (Mono JIT Code) UnityEngine.Debug:LogError (object)
0x0000020e08ca4d0b (Mono JIT Code) UnityEditor.EditorAssemblies:ProcessInitializeOnLoadAttributes (System.Type[])
0x0000020e088ee5f8 (Mono JIT Code) (wrapper runtime-invoke) <Module>:runtime_invoke_void_object (object,intptr,intptr,intptr)
0x00007ff8a4fe4c1e (mono-2.0-bdwgc) mono_jit_runtime_invoke (at C:/build/output/Unity-Technologies/mono/mono/mini/mini-runtime.c:3445)
0x00007ff8a4f1d254 (mono-2.0-bdwgc) do_runtime_invoke (at C:/build/output/Unity-Technologies/mono/mono/metadata/object.c:3068)
0x00007ff8a4f1d3cc (mono-2.0-bdwgc) mono_runtime_invoke (at C:/build/output/Unity-Technologies/mono/mono/metadata/object.c:3115)
0x00007ff65e883464 (Unity) scripting_method_invoke
0x00007ff65e861154 (Unity) ScriptingInvocation::Invoke
0x00007ff65e85bca5 (Unity) ScriptingInvocation::Invoke<void>
0x00007ff65e9ad383 (Unity) Scripting::UnityEditor::EditorAssembliesProxy::ProcessInitializeOnLoadAttributes
0x00007ff65e855b28 (Unity) MonoManager::SetupLoadedEditorAssemblies
0x00007ff65e84b8a9 (Unity) MonoManager::FinalizeReload
0x00007ff65fc592da (Unity) ScriptingInitializer::FinalizeReload
0x00007ff65f7fde7b (Unity) LoadUserAssemblies
0x00007ff65fd05555 (Unity) <lambda_b37b41f03089e3cb3f55061bbc93253d>::operator()
0x00007ff65fd407b2 (Unity) asio::detail::completion_handler<core::mutable_function<void __cdecl(void)>,asio::io_context::basic_executor_type<std::allocator<void>,0> >::do_complete
0x00007ff65fd2c75e (Unity) asio::detail::win_iocp_io_context::do_one
0x00007ff65fd2e3c4 (Unity) asio::detail::win_iocp_io_context::run
0x00007ff65fd3eb5c (Unity) IOService::Run
0x00007ff65fd126bf (Unity) AssetImportWorkerClient::Run
0x00007ff65fcdd597 (Unity) RunAssetImportWorkerClientV2
0x00007ff65fcdd61b (Unity) RunAssetImporterV2
0x00007ff65f4d60e1 (Unity) Application::InitializeProject
0x00007ff65f96a715 (Unity) WinMain
0x00007ff660d4f4be (Unity) __scrt_common_main_seh
0x00007ff99d68257d (KERNEL32) BaseThreadInitThunk
0x00007ff99e48af28 (ntdll) RtlUserThreadStart

Mono: successfully reloaded assembly
- Finished resetting the current domain, in  1.340 seconds
Domain Reload Profiling: 2012ms
	BeginReloadAssembly (280ms)
		ExecutionOrderSort (0ms)
		DisableScriptedObjects (7ms)
		BackupInstance (0ms)
		ReleaseScriptingObjects (0ms)
		CreateAndSetChildDomain (33ms)
	RebuildCommonClasses (44ms)
	RebuildNativeTypeToScriptingClass (16ms)
	initialDomainReloadingComplete (55ms)
	LoadAllAssembliesAndSetupDomain (275ms)
		LoadAssemblies (469ms)
		RebuildTransferFunctionScriptingTraits (0ms)
		AnalyzeDomain (10ms)
			TypeCache.Refresh (5ms)
				TypeCache.ScanAssembly (0ms)
			ScanForSourceGeneratedMonoScriptInfo (0ms)
			ResolveRequiredComponents (3ms)
	FinalizeReload (1341ms)
		ReleaseScriptCaches (0ms)
		RebuildScriptCaches (0ms)
		SetupLoadedEditorAssemblies (1067ms)
			LogAssemblyErrors (0ms)
			InitializePlatformSupportModulesInManaged (96ms)
			SetLoadedEditorAssemblies (7ms)
			RefreshPlugins (0ms)
			BeforeProcessingInitializeOnLoad (106ms)
			ProcessInitializeOnLoadAttributes (805ms)
			ProcessInitializeOnLoadMethodAttributes (32ms)
			AfterProcessingInitializeOnLoad (21ms)
			EditorAssembliesLoaded (0ms)
		ExecutionOrderSort2 (0ms)
		AwakeInstancesAfterBackupRestoration (27ms)
Refreshing native plugins compatible for Editor in 16.16 ms, found 0 plugins.
Preloading 0 native plugins for Editor in 0.00 ms.
Unloading 552 Unused Serialized files (Serialized files now loaded: 0)
Unloading 21 unused Assets / (30.1 KB). Loaded Objects now: 1052.
Memory consumption went from 68.1 MB to 68.0 MB.
Total: 2.441300 ms (FindLiveObjects: 0.110400 ms CreateObjectMapping: 0.023200 ms MarkObjects: 2.266100 ms  DeleteObjects: 0.040200 ms)

Prepare: number of updated asset objects reloaded= 0
AssetImportParameters requested are different than current active one (requested -> active):
  custom:video-encoder-webm-vp8: eb34c28f22e8b96e1ab97ce403110664 -> 
  custom:video-decoder-webm-vp8: 9c59270c3fd7afecdb556c50c9e8de78 -> 
  custom:audio-decoder-ogg-vorbis: bf7c407c2cedff20999df2af8eb42d56 -> 
  custom:video-decoder-ogg-theora: a1e56fd34408186e4bbccfd4996cb3dc -> 
  custom:audio-encoder-webm-vorbis: bf7c407c2cedff20999df2af8eb42d56 -> 
  custom:SearchIndexIgnoredProperties: e643bd26f0fe6173181afceb89e7c659 -> 
  custom:container-demuxer-ogg: 62fdf1f143b41e24485cea50d1cbac27 -> 
  custom:AudioImporter_EditorPlatform: d09bf68614088b80899f8185d706f6e7 -> 
  custom:CustomObjectIndexerAttribute: 9a22284fe3817be447336de3de66b15e -> 
  custom:framework-win-MediaFoundation: 216162199b28c13a410421893ffa2e32 -> 
  custom:container-demuxer-webm: 4f35f7cbe854078d1ac9338744f61a02 -> 
  custom:container-muxer-webm: aa71ff27fc2769a1b78a27578f13a17b -> 
  custom:video-codec-MediaFoundation-h265: 746d11721c4dcdbdad8f713fa42b33f4 -> 
========================================================================
Received Prepare
Begin MonoManager ReloadAssembly
Symbol file LoadedFromMemory is not a mono symbol file
- Loaded All Assemblies, in  0.744 seconds
Refreshing native plugins compatible for Editor in 13.65 ms, found 0 plugins.
Native extension for WindowsStandalone target not found
Native extension for iOS target not found
Native extension for Android target not found
GPGSUpgrader start
0x00007ff65e96af9d (Unity) StackWalker::GetCurrentCallstack
0x00007ff65e970069 (Unity) StackWalker::ShowCallstack
0x00007ff65f95ff31 (Unity) GetStacktrace
0x00007ff66001b63e (Unity) DebugStringToFile
0x00007ff65da39108 (Unity) DebugLogHandler_CUSTOM_Internal_Log
0x0000020e08c4cfe3 (Mono JIT Code) (wrapper managed-to-native) UnityEngine.DebugLogHandler:Internal_Log (UnityEngine.LogType,UnityEngine.LogOption,string,UnityEngine.Object)
0x0000020e08c4ccbb (Mono JIT Code) UnityEngine.DebugLogHandler:LogFormat (UnityEngine.LogType,UnityEngine.Object,string,object[])
0x0000020e08c4ca40 (Mono JIT Code) UnityEngine.Logger:Log (UnityEngine.LogType,object)
0x0000020e08c4c908 (Mono JIT Code) UnityEngine.Debug:Log (object)
0x0000020e08c4c4bb (Mono JIT Code) GooglePlayGames.Editor.GPGSUpgrader:.cctor () (at C:/Users/PUS_DESK/OneDrive/Documents/Far Fly/FarFlyUnity/Far Fly/Assets/GooglePlayGames/com.google.play.games/Editor/GPGSUpgrader.cs:40)
0x0000020e08c4c6d5 (Mono JIT Code) (wrapper runtime-invoke) object:runtime_invoke_void (object,intptr,intptr,intptr)
0x00007ff8a4fe4c1e (mono-2.0-bdwgc) mono_jit_runtime_invoke (at C:/build/output/Unity-Technologies/mono/mono/mini/mini-runtime.c:3445)
0x00007ff8a4f1d254 (mono-2.0-bdwgc) do_runtime_invoke (at C:/build/output/Unity-Technologies/mono/mono/metadata/object.c:3068)
0x00007ff8a4f17ff9 (mono-2.0-bdwgc) mono_runtime_class_init_full (at C:/build/output/Unity-Technologies/mono/mono/metadata/object.c:563)
0x00007ff8a4e4de07 (mono-2.0-bdwgc) ves_icall_System_Runtime_CompilerServices_RuntimeHelpers_RunClassConstructor (at C:/build/output/Unity-Technologies/mono/mono/metadata/icall.c:1292)
0x00007ff8a4e7feec (mono-2.0-bdwgc) ves_icall_System_Runtime_CompilerServices_RuntimeHelpers_RunClassConstructor_raw (at C:/build/output/Unity-Technologies/mono/mono/metadata/icall-def.h:756)
0x0000020e088790fa (Mono JIT Code) (wrapper managed-to-native) System.Runtime.CompilerServices.RuntimeHelpers:RunClassConstructor (intptr)
0x0000020e0887900b (Mono JIT Code) System.Runtime.CompilerServices.RuntimeHelpers:RunClassConstructor (System.RuntimeTypeHandle)
0x0000020e0887533b (Mono JIT Code) UnityEditor.EditorAssemblies:ProcessInitializeOnLoadAttributes (System.Type[])
0x0000020e088ee5f8 (Mono JIT Code) (wrapper runtime-invoke) <Module>:runtime_invoke_void_object (object,intptr,intptr,intptr)
0x00007ff8a4fe4c1e (mono-2.0-bdwgc) mono_jit_runtime_invoke (at C:/build/output/Unity-Technologies/mono/mono/mini/mini-runtime.c:3445)
0x00007ff8a4f1d254 (mono-2.0-bdwgc) do_runtime_invoke (at C:/build/output/Unity-Technologies/mono/mono/metadata/object.c:3068)
0x00007ff8a4f1d3cc (mono-2.0-bdwgc) mono_runtime_invoke (at C:/build/output/Unity-Technologies/mono/mono/metadata/object.c:3115)
0x00007ff65e883464 (Unity) scripting_method_invoke
0x00007ff65e861154 (Unity) ScriptingInvocation::Invoke
0x00007ff65e85bca5 (Unity) ScriptingInvocation::Invoke<void>
0x00007ff65e9ad383 (Unity) Scripting::UnityEditor::EditorAssembliesProxy::ProcessInitializeOnLoadAttributes
0x00007ff65e855b28 (Unity) MonoManager::SetupLoadedEditorAssemblies
0x00007ff65e84b8a9 (Unity) MonoManager::FinalizeReload
0x00007ff65fc592da (Unity) ScriptingInitializer::FinalizeReload
0x00007ff65f7fde7b (Unity) LoadUserAssemblies
0x00007ff65fd05555 (Unity) <lambda_b37b41f03089e3cb3f55061bbc93253d>::operator()
0x00007ff65fd407b2 (Unity) asio::detail::completion_handler<core::mutable_function<void __cdecl(void)>,asio::io_context::basic_executor_type<std::allocator<void>,0> >::do_complete
0x00007ff65fd2c75e (Unity) asio::detail::win_iocp_io_context::do_one
0x00007ff65fd2e3c4 (Unity) asio::detail::win_iocp_io_context::run
0x00007ff65fd3eb5c (Unity) IOService::Run
0x00007ff65fd126bf (Unity) AssetImportWorkerClient::Run
0x00007ff65fcdd597 (Unity) RunAssetImportWorkerClientV2
0x00007ff65fcdd61b (Unity) RunAssetImporterV2
0x00007ff65f4d60e1 (Unity) Application::InitializeProject
0x00007ff65f96a715 (Unity) WinMain
0x00007ff660d4f4be (Unity) __scrt_common_main_seh
0x00007ff99d68257d (KERNEL32) BaseThreadInitThunk
0x00007ff99e48af28 (ntdll) RtlUserThreadStart

GPGSUpgrader done
0x00007ff65e96af9d (Unity) StackWalker::GetCurrentCallstack
0x00007ff65e970069 (Unity) StackWalker::ShowCallstack
0x00007ff65f95ff31 (Unity) GetStacktrace
0x00007ff66001b63e (Unity) DebugStringToFile
0x00007ff65da39108 (Unity) DebugLogHandler_CUSTOM_Internal_Log
0x0000020e08c4cfe3 (Mono JIT Code) (wrapper managed-to-native) UnityEngine.DebugLogHandler:Internal_Log (UnityEngine.LogType,UnityEngine.LogOption,string,UnityEngine.Object)
0x0000020e08c4ccbb (Mono JIT Code) UnityEngine.DebugLogHandler:LogFormat (UnityEngine.LogType,UnityEngine.Object,string,object[])
0x0000020e08c4ca40 (Mono JIT Code) UnityEngine.Logger:Log (UnityEngine.LogType,object)
0x0000020e08c4c908 (Mono JIT Code) UnityEngine.Debug:Log (object)
0x0000020e08c4c5bb (Mono JIT Code) GooglePlayGames.Editor.GPGSUpgrader:.cctor () (at C:/Users/PUS_DESK/OneDrive/Documents/Far Fly/FarFlyUnity/Far Fly/Assets/GooglePlayGames/com.google.play.games/Editor/GPGSUpgrader.cs:58)
0x0000020e08c4c6d5 (Mono JIT Code) (wrapper runtime-invoke) object:runtime_invoke_void (object,intptr,intptr,intptr)
0x00007ff8a4fe4c1e (mono-2.0-bdwgc) mono_jit_runtime_invoke (at C:/build/output/Unity-Technologies/mono/mono/mini/mini-runtime.c:3445)
0x00007ff8a4f1d254 (mono-2.0-bdwgc) do_runtime_invoke (at C:/build/output/Unity-Technologies/mono/mono/metadata/object.c:3068)
0x00007ff8a4f17ff9 (mono-2.0-bdwgc) mono_runtime_class_init_full (at C:/build/output/Unity-Technologies/mono/mono/metadata/object.c:563)
0x00007ff8a4e4de07 (mono-2.0-bdwgc) ves_icall_System_Runtime_CompilerServices_RuntimeHelpers_RunClassConstructor (at C:/build/output/Unity-Technologies/mono/mono/metadata/icall.c:1292)
0x00007ff8a4e7feec (mono-2.0-bdwgc) ves_icall_System_Runtime_CompilerServices_RuntimeHelpers_RunClassConstructor_raw (at C:/build/output/Unity-Technologies/mono/mono/metadata/icall-def.h:756)
0x0000020e088790fa (Mono JIT Code) (wrapper managed-to-native) System.Runtime.CompilerServices.RuntimeHelpers:RunClassConstructor (intptr)
0x0000020e0887900b (Mono JIT Code) System.Runtime.CompilerServices.RuntimeHelpers:RunClassConstructor (System.RuntimeTypeHandle)
0x0000020e0887533b (Mono JIT Code) UnityEditor.EditorAssemblies:ProcessInitializeOnLoadAttributes (System.Type[])
0x0000020e088ee5f8 (Mono JIT Code) (wrapper runtime-invoke) <Module>:runtime_invoke_void_object (object,intptr,intptr,intptr)
0x00007ff8a4fe4c1e (mono-2.0-bdwgc) mono_jit_runtime_invoke (at C:/build/output/Unity-Technologies/mono/mono/mini/mini-runtime.c:3445)
0x00007ff8a4f1d254 (mono-2.0-bdwgc) do_runtime_invoke (at C:/build/output/Unity-Technologies/mono/mono/metadata/object.c:3068)
0x00007ff8a4f1d3cc (mono-2.0-bdwgc) mono_runtime_invoke (at C:/build/output/Unity-Technologies/mono/mono/metadata/object.c:3115)
0x00007ff65e883464 (Unity) scripting_method_invoke
0x00007ff65e861154 (Unity) ScriptingInvocation::Invoke
0x00007ff65e85bca5 (Unity) ScriptingInvocation::Invoke<void>
0x00007ff65e9ad383 (Unity) Scripting::UnityEditor::EditorAssembliesProxy::ProcessInitializeOnLoadAttributes
0x00007ff65e855b28 (Unity) MonoManager::SetupLoadedEditorAssemblies
0x00007ff65e84b8a9 (Unity) MonoManager::FinalizeReload
0x00007ff65fc592da (Unity) ScriptingInitializer::FinalizeReload
0x00007ff65f7fde7b (Unity) LoadUserAssemblies
0x00007ff65fd05555 (Unity) <lambda_b37b41f03089e3cb3f55061bbc93253d>::operator()
0x00007ff65fd407b2 (Unity) asio::detail::completion_handler<core::mutable_function<void __cdecl(void)>,asio::io_context::basic_executor_type<std::allocator<void>,0> >::do_complete
0x00007ff65fd2c75e (Unity) asio::detail::win_iocp_io_context::do_one
0x00007ff65fd2e3c4 (Unity) asio::detail::win_iocp_io_context::run
0x00007ff65fd3eb5c (Unity) IOService::Run
0x00007ff65fd126bf (Unity) AssetImportWorkerClient::Run
0x00007ff65fcdd597 (Unity) RunAssetImportWorkerClientV2
0x00007ff65fcdd61b (Unity) RunAssetImporterV2
0x00007ff65f4d60e1 (Unity) Application::InitializeProject
0x00007ff65f96a715 (Unity) WinMain
0x00007ff660d4f4be (Unity) __scrt_common_main_seh
0x00007ff99d68257d (KERNEL32) BaseThreadInitThunk
0x00007ff99e48af28 (ntdll) RtlUserThreadStart

Mono: successfully reloaded assembly
- Finished resetting the current domain, in  1.107 seconds
Domain Reload Profiling: 1843ms
	BeginReloadAssembly (343ms)
		ExecutionOrderSort (0ms)
		DisableScriptedObjects (8ms)
		BackupInstance (0ms)
		ReleaseScriptingObjects (0ms)
		CreateAndSetChildDomain (30ms)
	RebuildCommonClasses (46ms)
	RebuildNativeTypeToScriptingClass (15ms)
	initialDomainReloadingComplete (50ms)
	LoadAllAssembliesAndSetupDomain (281ms)
		LoadAssemblies (532ms)
		RebuildTransferFunctionScriptingTraits (0ms)
		AnalyzeDomain (15ms)
			TypeCache.Refresh (9ms)
				TypeCache.ScanAssembly (1ms)
			ScanForSourceGeneratedMonoScriptInfo (2ms)
			ResolveRequiredComponents (3ms)
	FinalizeReload (1108ms)
		ReleaseScriptCaches (0ms)
		RebuildScriptCaches (0ms)
		SetupLoadedEditorAssemblies (812ms)
			LogAssemblyErrors (0ms)
			InitializePlatformSupportModulesInManaged (71ms)
			SetLoadedEditorAssemblies (4ms)
			RefreshPlugins (0ms)
			BeforeProcessingInitializeOnLoad (93ms)
			ProcessInitializeOnLoadAttributes (579ms)
			ProcessInitializeOnLoadMethodAttributes (32ms)
			AfterProcessingInitializeOnLoad (32ms)
			EditorAssembliesLoaded (0ms)
		ExecutionOrderSort2 (0ms)
		AwakeInstancesAfterBackupRestoration (26ms)
Refreshing native plugins compatible for Editor in 15.64 ms, found 0 plugins.
Preloading 0 native plugins for Editor in 0.00 ms.
Unloading 552 Unused Serialized files (Serialized files now loaded: 0)
Unloading 21 unused Assets / (30.1 KB). Loaded Objects now: 1053.
Memory consumption went from 68.1 MB to 68.1 MB.
Total: 2.998100 ms (FindLiveObjects: 0.111200 ms CreateObjectMapping: 0.026400 ms MarkObjects: 2.781700 ms  DeleteObjects: 0.055400 ms)

Prepare: number of updated asset objects reloaded= 0
AssetImportParameters requested are different than current active one (requested -> active):
  custom:video-encoder-webm-vp8: eb34c28f22e8b96e1ab97ce403110664 -> 
  custom:video-decoder-webm-vp8: 9c59270c3fd7afecdb556c50c9e8de78 -> 
  custom:audio-decoder-ogg-vorbis: bf7c407c2cedff20999df2af8eb42d56 -> 
  custom:video-decoder-ogg-theora: a1e56fd34408186e4bbccfd4996cb3dc -> 
  custom:audio-encoder-webm-vorbis: bf7c407c2cedff20999df2af8eb42d56 -> 
  custom:SearchIndexIgnoredProperties: e643bd26f0fe6173181afceb89e7c659 -> 
  custom:container-demuxer-ogg: 62fdf1f143b41e24485cea50d1cbac27 -> 
  custom:AudioImporter_EditorPlatform: d09bf68614088b80899f8185d706f6e7 -> 
  custom:CustomObjectIndexerAttribute: 9a22284fe3817be447336de3de66b15e -> 
  custom:framework-win-MediaFoundation: 216162199b28c13a410421893ffa2e32 -> 
  custom:container-demuxer-webm: 4f35f7cbe854078d1ac9338744f61a02 -> 
  custom:container-muxer-webm: aa71ff27fc2769a1b78a27578f13a17b -> 
  custom:video-codec-MediaFoundation-h265: 746d11721c4dcdbdad8f713fa42b33f4 -> 
========================================================================
Received Prepare
Begin MonoManager ReloadAssembly
Symbol file LoadedFromMemory is not a mono symbol file
- Loaded All Assemblies, in  0.779 seconds
Refreshing native plugins compatible for Editor in 14.04 ms, found 0 plugins.
Native extension for WindowsStandalone target not found
Native extension for iOS target not found
Native extension for Android target not found
GPGSUpgrader start
0x00007ff65e96af9d (Unity) StackWalker::GetCurrentCallstack
0x00007ff65e970069 (Unity) StackWalker::ShowCallstack
0x00007ff65f95ff31 (Unity) GetStacktrace
0x00007ff66001b63e (Unity) DebugStringToFile
0x00007ff65da39108 (Unity) DebugLogHandler_CUSTOM_Internal_Log
0x0000020e08c4c7d3 (Mono JIT Code) (wrapper managed-to-native) UnityEngine.DebugLogHandler:Internal_Log (UnityEngine.LogType,UnityEngine.LogOption,string,UnityEngine.Object)
0x0000020e08c4c4ab (Mono JIT Code) UnityEngine.DebugLogHandler:LogFormat (UnityEngine.LogType,UnityEngine.Object,string,object[])
0x0000020e08c4c230 (Mono JIT Code) UnityEngine.Logger:Log (UnityEngine.LogType,object)
0x0000020e08c4c0f8 (Mono JIT Code) UnityEngine.Debug:Log (object)
0x0000020e08c4bcab (Mono JIT Code) GooglePlayGames.Editor.GPGSUpgrader:.cctor () (at C:/Users/PUS_DESK/OneDrive/Documents/Far Fly/FarFlyUnity/Far Fly/Assets/GooglePlayGames/com.google.play.games/Editor/GPGSUpgrader.cs:40)
0x0000020e08c4bec5 (Mono JIT Code) (wrapper runtime-invoke) object:runtime_invoke_void (object,intptr,intptr,intptr)
0x00007ff8a4fe4c1e (mono-2.0-bdwgc) mono_jit_runtime_invoke (at C:/build/output/Unity-Technologies/mono/mono/mini/mini-runtime.c:3445)
0x00007ff8a4f1d254 (mono-2.0-bdwgc) do_runtime_invoke (at C:/build/output/Unity-Technologies/mono/mono/metadata/object.c:3068)
0x00007ff8a4f17ff9 (mono-2.0-bdwgc) mono_runtime_class_init_full (at C:/build/output/Unity-Technologies/mono/mono/metadata/object.c:563)
0x00007ff8a4e4de07 (mono-2.0-bdwgc) ves_icall_System_Runtime_CompilerServices_RuntimeHelpers_RunClassConstructor (at C:/build/output/Unity-Technologies/mono/mono/metadata/icall.c:1292)
0x00007ff8a4e7feec (mono-2.0-bdwgc) ves_icall_System_Runtime_CompilerServices_RuntimeHelpers_RunClassConstructor_raw (at C:/build/output/Unity-Technologies/mono/mono/metadata/icall-def.h:756)
0x0000020e08878a1a (Mono JIT Code) (wrapper managed-to-native) System.Runtime.CompilerServices.RuntimeHelpers:RunClassConstructor (intptr)
0x0000020e0887892b (Mono JIT Code) System.Runtime.CompilerServices.RuntimeHelpers:RunClassConstructor (System.RuntimeTypeHandle)
0x0000020e08874c5b (Mono JIT Code) UnityEditor.EditorAssemblies:ProcessInitializeOnLoadAttributes (System.Type[])
0x0000020e088ee5f8 (Mono JIT Code) (wrapper runtime-invoke) <Module>:runtime_invoke_void_object (object,intptr,intptr,intptr)
0x00007ff8a4fe4c1e (mono-2.0-bdwgc) mono_jit_runtime_invoke (at C:/build/output/Unity-Technologies/mono/mono/mini/mini-runtime.c:3445)
0x00007ff8a4f1d254 (mono-2.0-bdwgc) do_runtime_invoke (at C:/build/output/Unity-Technologies/mono/mono/metadata/object.c:3068)
0x00007ff8a4f1d3cc (mono-2.0-bdwgc) mono_runtime_invoke (at C:/build/output/Unity-Technologies/mono/mono/metadata/object.c:3115)
0x00007ff65e883464 (Unity) scripting_method_invoke
0x00007ff65e861154 (Unity) ScriptingInvocation::Invoke
0x00007ff65e85bca5 (Unity) ScriptingInvocation::Invoke<void>
0x00007ff65e9ad383 (Unity) Scripting::UnityEditor::EditorAssembliesProxy::ProcessInitializeOnLoadAttributes
0x00007ff65e855b28 (Unity) MonoManager::SetupLoadedEditorAssemblies
0x00007ff65e84b8a9 (Unity) MonoManager::FinalizeReload
0x00007ff65fc592da (Unity) ScriptingInitializer::FinalizeReload
0x00007ff65f7fde7b (Unity) LoadUserAssemblies
0x00007ff65fd05555 (Unity) <lambda_b37b41f03089e3cb3f55061bbc93253d>::operator()
0x00007ff65fd407b2 (Unity) asio::detail::completion_handler<core::mutable_function<void __cdecl(void)>,asio::io_context::basic_executor_type<std::allocator<void>,0> >::do_complete
0x00007ff65fd2c75e (Unity) asio::detail::win_iocp_io_context::do_one
0x00007ff65fd2e3c4 (Unity) asio::detail::win_iocp_io_context::run
0x00007ff65fd3eb5c (Unity) IOService::Run
0x00007ff65fd126bf (Unity) AssetImportWorkerClient::Run
0x00007ff65fcdd597 (Unity) RunAssetImportWorkerClientV2
0x00007ff65fcdd61b (Unity) RunAssetImporterV2
0x00007ff65f4d60e1 (Unity) Application::InitializeProject
0x00007ff65f96a715 (Unity) WinMain
0x00007ff660d4f4be (Unity) __scrt_common_main_seh
0x00007ff99d68257d (KERNEL32) BaseThreadInitThunk
0x00007ff99e48af28 (ntdll) RtlUserThreadStart

GPGSUpgrader done
0x00007ff65e96af9d (Unity) StackWalker::GetCurrentCallstack
0x00007ff65e970069 (Unity) StackWalker::ShowCallstack
0x00007ff65f95ff31 (Unity) GetStacktrace
0x00007ff66001b63e (Unity) DebugStringToFile
0x00007ff65da39108 (Unity) DebugLogHandler_CUSTOM_Internal_Log
0x0000020e08c4c7d3 (Mono JIT Code) (wrapper managed-to-native) UnityEngine.DebugLogHandler:Internal_Log (UnityEngine.LogType,UnityEngine.LogOption,string,UnityEngine.Object)
0x0000020e08c4c4ab (Mono JIT Code) UnityEngine.DebugLogHandler:LogFormat (UnityEngine.LogType,UnityEngine.Object,string,object[])
0x0000020e08c4c230 (Mono JIT Code) UnityEngine.Logger:Log (UnityEngine.LogType,object)
0x0000020e08c4c0f8 (Mono JIT Code) UnityEngine.Debug:Log (object)
0x0000020e08c4bdab (Mono JIT Code) GooglePlayGames.Editor.GPGSUpgrader:.cctor () (at C:/Users/PUS_DESK/OneDrive/Documents/Far Fly/FarFlyUnity/Far Fly/Assets/GooglePlayGames/com.google.play.games/Editor/GPGSUpgrader.cs:58)
0x0000020e08c4bec5 (Mono JIT Code) (wrapper runtime-invoke) object:runtime_invoke_void (object,intptr,intptr,intptr)
0x00007ff8a4fe4c1e (mono-2.0-bdwgc) mono_jit_runtime_invoke (at C:/build/output/Unity-Technologies/mono/mono/mini/mini-runtime.c:3445)
0x00007ff8a4f1d254 (mono-2.0-bdwgc) do_runtime_invoke (at C:/build/output/Unity-Technologies/mono/mono/metadata/object.c:3068)
0x00007ff8a4f17ff9 (mono-2.0-bdwgc) mono_runtime_class_init_full (at C:/build/output/Unity-Technologies/mono/mono/metadata/object.c:563)
0x00007ff8a4e4de07 (mono-2.0-bdwgc) ves_icall_System_Runtime_CompilerServices_RuntimeHelpers_RunClassConstructor (at C:/build/output/Unity-Technologies/mono/mono/metadata/icall.c:1292)
0x00007ff8a4e7feec (mono-2.0-bdwgc) ves_icall_System_Runtime_CompilerServices_RuntimeHelpers_RunClassConstructor_raw (at C:/build/output/Unity-Technologies/mono/mono/metadata/icall-def.h:756)
0x0000020e08878a1a (Mono JIT Code) (wrapper managed-to-native) System.Runtime.CompilerServices.RuntimeHelpers:RunClassConstructor (intptr)
0x0000020e0887892b (Mono JIT Code) System.Runtime.CompilerServices.RuntimeHelpers:RunClassConstructor (System.RuntimeTypeHandle)
0x0000020e08874c5b (Mono JIT Code) UnityEditor.EditorAssemblies:ProcessInitializeOnLoadAttributes (System.Type[])
0x0000020e088ee5f8 (Mono JIT Code) (wrapper runtime-invoke) <Module>:runtime_invoke_void_object (object,intptr,intptr,intptr)
0x00007ff8a4fe4c1e (mono-2.0-bdwgc) mono_jit_runtime_invoke (at C:/build/output/Unity-Technologies/mono/mono/mini/mini-runtime.c:3445)
0x00007ff8a4f1d254 (mono-2.0-bdwgc) do_runtime_invoke (at C:/build/output/Unity-Technologies/mono/mono/metadata/object.c:3068)
0x00007ff8a4f1d3cc (mono-2.0-bdwgc) mono_runtime_invoke (at C:/build/output/Unity-Technologies/mono/mono/metadata/object.c:3115)
0x00007ff65e883464 (Unity) scripting_method_invoke
0x00007ff65e861154 (Unity) ScriptingInvocation::Invoke
0x00007ff65e85bca5 (Unity) ScriptingInvocation::Invoke<void>
0x00007ff65e9ad383 (Unity) Scripting::UnityEditor::EditorAssembliesProxy::ProcessInitializeOnLoadAttributes
0x00007ff65e855b28 (Unity) MonoManager::SetupLoadedEditorAssemblies
0x00007ff65e84b8a9 (Unity) MonoManager::FinalizeReload
0x00007ff65fc592da (Unity) ScriptingInitializer::FinalizeReload
0x00007ff65f7fde7b (Unity) LoadUserAssemblies
0x00007ff65fd05555 (Unity) <lambda_b37b41f03089e3cb3f55061bbc93253d>::operator()
0x00007ff65fd407b2 (Unity) asio::detail::completion_handler<core::mutable_function<void __cdecl(void)>,asio::io_context::basic_executor_type<std::allocator<void>,0> >::do_complete
0x00007ff65fd2c75e (Unity) asio::detail::win_iocp_io_context::do_one
0x00007ff65fd2e3c4 (Unity) asio::detail::win_iocp_io_context::run
0x00007ff65fd3eb5c (Unity) IOService::Run
0x00007ff65fd126bf (Unity) AssetImportWorkerClient::Run
0x00007ff65fcdd597 (Unity) RunAssetImportWorkerClientV2
0x00007ff65fcdd61b (Unity) RunAssetImporterV2
0x00007ff65f4d60e1 (Unity) Application::InitializeProject
0x00007ff65f96a715 (Unity) WinMain
0x00007ff660d4f4be (Unity) __scrt_common_main_seh
0x00007ff99d68257d (KERNEL32) BaseThreadInitThunk
0x00007ff99e48af28 (ntdll) RtlUserThreadStart

Mono: successfully reloaded assembly
- Finished resetting the current domain, in  1.262 seconds
Domain Reload Profiling: 2030ms
	BeginReloadAssembly (224ms)
		ExecutionOrderSort (0ms)
		DisableScriptedObjects (6ms)
		BackupInstance (0ms)
		ReleaseScriptingObjects (0ms)
		CreateAndSetChildDomain (35ms)
	RebuildCommonClasses (46ms)
	RebuildNativeTypeToScriptingClass (19ms)
	initialDomainReloadingComplete (61ms)
	LoadAllAssembliesAndSetupDomain (418ms)
		LoadAssemblies (550ms)
		RebuildTransferFunctionScriptingTraits (0ms)
		AnalyzeDomain (11ms)
			TypeCache.Refresh (5ms)
				TypeCache.ScanAssembly (0ms)
			ScanForSourceGeneratedMonoScriptInfo (0ms)
			ResolveRequiredComponents (5ms)
	FinalizeReload (1263ms)
		ReleaseScriptCaches (0ms)
		RebuildScriptCaches (0ms)
		SetupLoadedEditorAssemblies (974ms)
			LogAssemblyErrors (0ms)
			InitializePlatformSupportModulesInManaged (85ms)
			SetLoadedEditorAssemblies (6ms)
			RefreshPlugins (0ms)
			BeforeProcessingInitializeOnLoad (95ms)
			ProcessInitializeOnLoadAttributes (732ms)
			ProcessInitializeOnLoadMethodAttributes (32ms)
			AfterProcessingInitializeOnLoad (23ms)
			EditorAssembliesLoaded (0ms)
		ExecutionOrderSort2 (0ms)
		AwakeInstancesAfterBackupRestoration (31ms)
Refreshing native plugins compatible for Editor in 19.90 ms, found 0 plugins.
Preloading 0 native plugins for Editor in 0.00 ms.
Unloading 552 Unused Serialized files (Serialized files now loaded: 0)
Unloading 21 unused Assets / (30.0 KB). Loaded Objects now: 1054.
Memory consumption went from 68.1 MB to 68.1 MB.
Total: 3.491500 ms (FindLiveObjects: 0.086900 ms CreateObjectMapping: 0.020500 ms MarkObjects: 3.327800 ms  DeleteObjects: 0.054900 ms)

Prepare: number of updated asset objects reloaded= 0
AssetImportParameters requested are different than current active one (requested -> active):
  custom:video-encoder-webm-vp8: eb34c28f22e8b96e1ab97ce403110664 -> 
  custom:video-decoder-webm-vp8: 9c59270c3fd7afecdb556c50c9e8de78 -> 
  custom:audio-decoder-ogg-vorbis: bf7c407c2cedff20999df2af8eb42d56 -> 
  custom:video-decoder-ogg-theora: a1e56fd34408186e4bbccfd4996cb3dc -> 
  custom:audio-encoder-webm-vorbis: bf7c407c2cedff20999df2af8eb42d56 -> 
  custom:SearchIndexIgnoredProperties: e643bd26f0fe6173181afceb89e7c659 -> 
  custom:container-demuxer-ogg: 62fdf1f143b41e24485cea50d1cbac27 -> 
  custom:AudioImporter_EditorPlatform: d09bf68614088b80899f8185d706f6e7 -> 
  custom:CustomObjectIndexerAttribute: 9a22284fe3817be447336de3de66b15e -> 
  custom:framework-win-MediaFoundation: 216162199b28c13a410421893ffa2e32 -> 
  custom:container-demuxer-webm: 4f35f7cbe854078d1ac9338744f61a02 -> 
  custom:container-muxer-webm: aa71ff27fc2769a1b78a27578f13a17b -> 
  custom:video-codec-MediaFoundation-h265: 746d11721c4dcdbdad8f713fa42b33f4 -> 
========================================================================
Received Prepare
Begin MonoManager ReloadAssembly
Symbol file LoadedFromMemory is not a mono symbol file
- Loaded All Assemblies, in  0.781 seconds
Refreshing native plugins compatible for Editor in 18.98 ms, found 0 plugins.
Native extension for WindowsStandalone target not found
Native extension for iOS target not found
Native extension for Android target not found
GPGSUpgrader start
0x00007ff65e96af9d (Unity) StackWalker::GetCurrentCallstack
0x00007ff65e970069 (Unity) StackWalker::ShowCallstack
0x00007ff65f95ff31 (Unity) GetStacktrace
0x00007ff66001b63e (Unity) DebugStringToFile
0x00007ff65da39108 (Unity) DebugLogHandler_CUSTOM_Internal_Log
0x0000020e0888cfe3 (Mono JIT Code) (wrapper managed-to-native) UnityEngine.DebugLogHandler:Internal_Log (UnityEngine.LogType,UnityEngine.LogOption,string,UnityEngine.Object)
0x0000020e0888ccbb (Mono JIT Code) UnityEngine.DebugLogHandler:LogFormat (UnityEngine.LogType,UnityEngine.Object,string,object[])
0x0000020e0888ca40 (Mono JIT Code) UnityEngine.Logger:Log (UnityEngine.LogType,object)
0x0000020e0888c908 (Mono JIT Code) UnityEngine.Debug:Log (object)
0x0000020e0888c4bb (Mono JIT Code) GooglePlayGames.Editor.GPGSUpgrader:.cctor () (at C:/Users/PUS_DESK/OneDrive/Documents/Far Fly/FarFlyUnity/Far Fly/Assets/GooglePlayGames/com.google.play.games/Editor/GPGSUpgrader.cs:40)
0x0000020e0888c6d5 (Mono JIT Code) (wrapper runtime-invoke) object:runtime_invoke_void (object,intptr,intptr,intptr)
0x00007ff8a4fe4c1e (mono-2.0-bdwgc) mono_jit_runtime_invoke (at C:/build/output/Unity-Technologies/mono/mono/mini/mini-runtime.c:3445)
0x00007ff8a4f1d254 (mono-2.0-bdwgc) do_runtime_invoke (at C:/build/output/Unity-Technologies/mono/mono/metadata/object.c:3068)
0x00007ff8a4f17ff9 (mono-2.0-bdwgc) mono_runtime_class_init_full (at C:/build/output/Unity-Technologies/mono/mono/metadata/object.c:563)
0x00007ff8a4e4de07 (mono-2.0-bdwgc) ves_icall_System_Runtime_CompilerServices_RuntimeHelpers_RunClassConstructor (at C:/build/output/Unity-Technologies/mono/mono/metadata/icall.c:1292)
0x00007ff8a4e7feec (mono-2.0-bdwgc) ves_icall_System_Runtime_CompilerServices_RuntimeHelpers_RunClassConstructor_raw (at C:/build/output/Unity-Technologies/mono/mono/metadata/icall-def.h:756)
0x0000020de6d590fa (Mono JIT Code) (wrapper managed-to-native) System.Runtime.CompilerServices.RuntimeHelpers:RunClassConstructor (intptr)
0x0000020de6d5900b (Mono JIT Code) System.Runtime.CompilerServices.RuntimeHelpers:RunClassConstructor (System.RuntimeTypeHandle)
0x0000020de6d5533b (Mono JIT Code) UnityEditor.EditorAssemblies:ProcessInitializeOnLoadAttributes (System.Type[])
0x0000020e088ee5f8 (Mono JIT Code) (wrapper runtime-invoke) <Module>:runtime_invoke_void_object (object,intptr,intptr,intptr)
0x00007ff8a4fe4c1e (mono-2.0-bdwgc) mono_jit_runtime_invoke (at C:/build/output/Unity-Technologies/mono/mono/mini/mini-runtime.c:3445)
0x00007ff8a4f1d254 (mono-2.0-bdwgc) do_runtime_invoke (at C:/build/output/Unity-Technologies/mono/mono/metadata/object.c:3068)
0x00007ff8a4f1d3cc (mono-2.0-bdwgc) mono_runtime_invoke (at C:/build/output/Unity-Technologies/mono/mono/metadata/object.c:3115)
0x00007ff65e883464 (Unity) scripting_method_invoke
0x00007ff65e861154 (Unity) ScriptingInvocation::Invoke
0x00007ff65e85bca5 (Unity) ScriptingInvocation::Invoke<void>
0x00007ff65e9ad383 (Unity) Scripting::UnityEditor::EditorAssembliesProxy::ProcessInitializeOnLoadAttributes
0x00007ff65e855b28 (Unity) MonoManager::SetupLoadedEditorAssemblies
0x00007ff65e84b8a9 (Unity) MonoManager::FinalizeReload
0x00007ff65fc592da (Unity) ScriptingInitializer::FinalizeReload
0x00007ff65f7fde7b (Unity) LoadUserAssemblies
0x00007ff65fd05555 (Unity) <lambda_b37b41f03089e3cb3f55061bbc93253d>::operator()
0x00007ff65fd407b2 (Unity) asio::detail::completion_handler<core::mutable_function<void __cdecl(void)>,asio::io_context::basic_executor_type<std::allocator<void>,0> >::do_complete
0x00007ff65fd2c75e (Unity) asio::detail::win_iocp_io_context::do_one
0x00007ff65fd2e3c4 (Unity) asio::detail::win_iocp_io_context::run
0x00007ff65fd3eb5c (Unity) IOService::Run
0x00007ff65fd126bf (Unity) AssetImportWorkerClient::Run
0x00007ff65fcdd597 (Unity) RunAssetImportWorkerClientV2
0x00007ff65fcdd61b (Unity) RunAssetImporterV2
0x00007ff65f4d60e1 (Unity) Application::InitializeProject
0x00007ff65f96a715 (Unity) WinMain
0x00007ff660d4f4be (Unity) __scrt_common_main_seh
0x00007ff99d68257d (KERNEL32) BaseThreadInitThunk
0x00007ff99e48af28 (ntdll) RtlUserThreadStart

GPGSUpgrader done
0x00007ff65e96af9d (Unity) StackWalker::GetCurrentCallstack
0x00007ff65e970069 (Unity) StackWalker::ShowCallstack
0x00007ff65f95ff31 (Unity) GetStacktrace
0x00007ff66001b63e (Unity) DebugStringToFile
0x00007ff65da39108 (Unity) DebugLogHandler_CUSTOM_Internal_Log
0x0000020e0888cfe3 (Mono JIT Code) (wrapper managed-to-native) UnityEngine.DebugLogHandler:Internal_Log (UnityEngine.LogType,UnityEngine.LogOption,string,UnityEngine.Object)
0x0000020e0888ccbb (Mono JIT Code) UnityEngine.DebugLogHandler:LogFormat (UnityEngine.LogType,UnityEngine.Object,string,object[])
0x0000020e0888ca40 (Mono JIT Code) UnityEngine.Logger:Log (UnityEngine.LogType,object)
0x0000020e0888c908 (Mono JIT Code) UnityEngine.Debug:Log (object)
0x0000020e0888c5bb (Mono JIT Code) GooglePlayGames.Editor.GPGSUpgrader:.cctor () (at C:/Users/PUS_DESK/OneDrive/Documents/Far Fly/FarFlyUnity/Far Fly/Assets/GooglePlayGames/com.google.play.games/Editor/GPGSUpgrader.cs:58)
0x0000020e0888c6d5 (Mono JIT Code) (wrapper runtime-invoke) object:runtime_invoke_void (object,intptr,intptr,intptr)
0x00007ff8a4fe4c1e (mono-2.0-bdwgc) mono_jit_runtime_invoke (at C:/build/output/Unity-Technologies/mono/mono/mini/mini-runtime.c:3445)
0x00007ff8a4f1d254 (mono-2.0-bdwgc) do_runtime_invoke (at C:/build/output/Unity-Technologies/mono/mono/metadata/object.c:3068)
0x00007ff8a4f17ff9 (mono-2.0-bdwgc) mono_runtime_class_init_full (at C:/build/output/Unity-Technologies/mono/mono/metadata/object.c:563)
0x00007ff8a4e4de07 (mono-2.0-bdwgc) ves_icall_System_Runtime_CompilerServices_RuntimeHelpers_RunClassConstructor (at C:/build/output/Unity-Technologies/mono/mono/metadata/icall.c:1292)
0x00007ff8a4e7feec (mono-2.0-bdwgc) ves_icall_System_Runtime_CompilerServices_RuntimeHelpers_RunClassConstructor_raw (at C:/build/output/Unity-Technologies/mono/mono/metadata/icall-def.h:756)
0x0000020de6d590fa (Mono JIT Code) (wrapper managed-to-native) System.Runtime.CompilerServices.RuntimeHelpers:RunClassConstructor (intptr)
0x0000020de6d5900b (Mono JIT Code) System.Runtime.CompilerServices.RuntimeHelpers:RunClassConstructor (System.RuntimeTypeHandle)
0x0000020de6d5533b (Mono JIT Code) UnityEditor.EditorAssemblies:ProcessInitializeOnLoadAttributes (System.Type[])
0x0000020e088ee5f8 (Mono JIT Code) (wrapper runtime-invoke) <Module>:runtime_invoke_void_object (object,intptr,intptr,intptr)
0x00007ff8a4fe4c1e (mono-2.0-bdwgc) mono_jit_runtime_invoke (at C:/build/output/Unity-Technologies/mono/mono/mini/mini-runtime.c:3445)
0x00007ff8a4f1d254 (mono-2.0-bdwgc) do_runtime_invoke (at C:/build/output/Unity-Technologies/mono/mono/metadata/object.c:3068)
0x00007ff8a4f1d3cc (mono-2.0-bdwgc) mono_runtime_invoke (at C:/build/output/Unity-Technologies/mono/mono/metadata/object.c:3115)
0x00007ff65e883464 (Unity) scripting_method_invoke
0x00007ff65e861154 (Unity) ScriptingInvocation::Invoke
0x00007ff65e85bca5 (Unity) ScriptingInvocation::Invoke<void>
0x00007ff65e9ad383 (Unity) Scripting::UnityEditor::EditorAssembliesProxy::ProcessInitializeOnLoadAttributes
0x00007ff65e855b28 (Unity) MonoManager::SetupLoadedEditorAssemblies
0x00007ff65e84b8a9 (Unity) MonoManager::FinalizeReload
0x00007ff65fc592da (Unity) ScriptingInitializer::FinalizeReload
0x00007ff65f7fde7b (Unity) LoadUserAssemblies
0x00007ff65fd05555 (Unity) <lambda_b37b41f03089e3cb3f55061bbc93253d>::operator()
0x00007ff65fd407b2 (Unity) asio::detail::completion_handler<core::mutable_function<void __cdecl(void)>,asio::io_context::basic_executor_type<std::allocator<void>,0> >::do_complete
0x00007ff65fd2c75e (Unity) asio::detail::win_iocp_io_context::do_one
0x00007ff65fd2e3c4 (Unity) asio::detail::win_iocp_io_context::run
0x00007ff65fd3eb5c (Unity) IOService::Run
0x00007ff65fd126bf (Unity) AssetImportWorkerClient::Run
0x00007ff65fcdd597 (Unity) RunAssetImportWorkerClientV2
0x00007ff65fcdd61b (Unity) RunAssetImporterV2
0x00007ff65f4d60e1 (Unity) Application::InitializeProject
0x00007ff65f96a715 (Unity) WinMain
0x00007ff660d4f4be (Unity) __scrt_common_main_seh
0x00007ff99d68257d (KERNEL32) BaseThreadInitThunk
0x00007ff99e48af28 (ntdll) RtlUserThreadStart

Mono: successfully reloaded assembly
- Finished resetting the current domain, in  1.240 seconds
Domain Reload Profiling: 2008ms
	BeginReloadAssembly (286ms)
		ExecutionOrderSort (0ms)
		DisableScriptedObjects (9ms)
		BackupInstance (0ms)
		ReleaseScriptingObjects (0ms)
		CreateAndSetChildDomain (37ms)
	RebuildCommonClasses (56ms)
	RebuildNativeTypeToScriptingClass (19ms)
	initialDomainReloadingComplete (123ms)
	LoadAllAssembliesAndSetupDomain (283ms)
		LoadAssemblies (454ms)
		RebuildTransferFunctionScriptingTraits (0ms)
		AnalyzeDomain (17ms)
			TypeCache.Refresh (10ms)
				TypeCache.ScanAssembly (1ms)
			ScanForSourceGeneratedMonoScriptInfo (3ms)
			ResolveRequiredComponents (3ms)
	FinalizeReload (1240ms)
		ReleaseScriptCaches (0ms)
		RebuildScriptCaches (0ms)
		SetupLoadedEditorAssemblies (679ms)
			LogAssemblyErrors (0ms)
			InitializePlatformSupportModulesInManaged (63ms)
			SetLoadedEditorAssemblies (4ms)
			RefreshPlugins (0ms)
			BeforeProcessingInitializeOnLoad (71ms)
			ProcessInitializeOnLoadAttributes (500ms)
			ProcessInitializeOnLoadMethodAttributes (23ms)
			AfterProcessingInitializeOnLoad (17ms)
			EditorAssembliesLoaded (0ms)
		ExecutionOrderSort2 (0ms)
		AwakeInstancesAfterBackupRestoration (23ms)
Refreshing native plugins compatible for Editor in 13.80 ms, found 0 plugins.
Preloading 0 native plugins for Editor in 0.00 ms.
Unloading 552 Unused Serialized files (Serialized files now loaded: 0)
Unloading 21 unused Assets / (30.0 KB). Loaded Objects now: 1055.
Memory consumption went from 68.1 MB to 68.1 MB.
Total: 2.224800 ms (FindLiveObjects: 0.125500 ms CreateObjectMapping: 0.044600 ms MarkObjects: 2.016400 ms  DeleteObjects: 0.037100 ms)

Prepare: number of updated asset objects reloaded= 0
AssetImportParameters requested are different than current active one (requested -> active):
  custom:video-encoder-webm-vp8: eb34c28f22e8b96e1ab97ce403110664 -> 
  custom:video-decoder-webm-vp8: 9c59270c3fd7afecdb556c50c9e8de78 -> 
  custom:audio-decoder-ogg-vorbis: bf7c407c2cedff20999df2af8eb42d56 -> 
  custom:video-decoder-ogg-theora: a1e56fd34408186e4bbccfd4996cb3dc -> 
  custom:audio-encoder-webm-vorbis: bf7c407c2cedff20999df2af8eb42d56 -> 
  custom:SearchIndexIgnoredProperties: e643bd26f0fe6173181afceb89e7c659 -> 
  custom:container-demuxer-ogg: 62fdf1f143b41e24485cea50d1cbac27 -> 
  custom:AudioImporter_EditorPlatform: d09bf68614088b80899f8185d706f6e7 -> 
  custom:CustomObjectIndexerAttribute: 9a22284fe3817be447336de3de66b15e -> 
  custom:framework-win-MediaFoundation: 216162199b28c13a410421893ffa2e32 -> 
  custom:container-demuxer-webm: 4f35f7cbe854078d1ac9338744f61a02 -> 
  custom:container-muxer-webm: aa71ff27fc2769a1b78a27578f13a17b -> 
  custom:video-codec-MediaFoundation-h265: 746d11721c4dcdbdad8f713fa42b33f4 -> 
========================================================================
Received Prepare
Begin MonoManager ReloadAssembly
Symbol file LoadedFromMemory is not a mono symbol file
- Loaded All Assemblies, in  0.626 seconds
Refreshing native plugins compatible for Editor in 15.42 ms, found 0 plugins.
Native extension for WindowsStandalone target not found
Native extension for iOS target not found
Native extension for Android target not found
GPGSUpgrader start
0x00007ff65e96af9d (Unity) StackWalker::GetCurrentCallstack
0x00007ff65e970069 (Unity) StackWalker::ShowCallstack
0x00007ff65f95ff31 (Unity) GetStacktrace
0x00007ff66001b63e (Unity) DebugStringToFile
0x00007ff65da39108 (Unity) DebugLogHandler_CUSTOM_Internal_Log
0x0000020de6d9c7d3 (Mono JIT Code) (wrapper managed-to-native) UnityEngine.DebugLogHandler:Internal_Log (UnityEngine.LogType,UnityEngine.LogOption,string,UnityEngine.Object)
0x0000020de6d9c4ab (Mono JIT Code) UnityEngine.DebugLogHandler:LogFormat (UnityEngine.LogType,UnityEngine.Object,string,object[])
0x0000020de6d9c230 (Mono JIT Code) UnityEngine.Logger:Log (UnityEngine.LogType,object)
0x0000020de6d9c0f8 (Mono JIT Code) UnityEngine.Debug:Log (object)
0x0000020de6d9bcab (Mono JIT Code) GooglePlayGames.Editor.GPGSUpgrader:.cctor () (at C:/Users/PUS_DESK/OneDrive/Documents/Far Fly/FarFlyUnity/Far Fly/Assets/GooglePlayGames/com.google.play.games/Editor/GPGSUpgrader.cs:40)
0x0000020de6d9bec5 (Mono JIT Code) (wrapper runtime-invoke) object:runtime_invoke_void (object,intptr,intptr,intptr)
0x00007ff8a4fe4c1e (mono-2.0-bdwgc) mono_jit_runtime_invoke (at C:/build/output/Unity-Technologies/mono/mono/mini/mini-runtime.c:3445)
0x00007ff8a4f1d254 (mono-2.0-bdwgc) do_runtime_invoke (at C:/build/output/Unity-Technologies/mono/mono/metadata/object.c:3068)
0x00007ff8a4f17ff9 (mono-2.0-bdwgc) mono_runtime_class_init_full (at C:/build/output/Unity-Technologies/mono/mono/metadata/object.c:563)
0x00007ff8a4e4de07 (mono-2.0-bdwgc) ves_icall_System_Runtime_CompilerServices_RuntimeHelpers_RunClassConstructor (at C:/build/output/Unity-Technologies/mono/mono/metadata/icall.c:1292)
0x00007ff8a4e7feec (mono-2.0-bdwgc) ves_icall_System_Runtime_CompilerServices_RuntimeHelpers_RunClassConstructor_raw (at C:/build/output/Unity-Technologies/mono/mono/metadata/icall-def.h:756)
0x0000020de6d58a1a (Mono JIT Code) (wrapper managed-to-native) System.Runtime.CompilerServices.RuntimeHelpers:RunClassConstructor (intptr)
0x0000020de6d5892b (Mono JIT Code) System.Runtime.CompilerServices.RuntimeHelpers:RunClassConstructor (System.RuntimeTypeHandle)
0x0000020de6d54c5b (Mono JIT Code) UnityEditor.EditorAssemblies:ProcessInitializeOnLoadAttributes (System.Type[])
0x0000020e088ee5f8 (Mono JIT Code) (wrapper runtime-invoke) <Module>:runtime_invoke_void_object (object,intptr,intptr,intptr)
0x00007ff8a4fe4c1e (mono-2.0-bdwgc) mono_jit_runtime_invoke (at C:/build/output/Unity-Technologies/mono/mono/mini/mini-runtime.c:3445)
0x00007ff8a4f1d254 (mono-2.0-bdwgc) do_runtime_invoke (at C:/build/output/Unity-Technologies/mono/mono/metadata/object.c:3068)
0x00007ff8a4f1d3cc (mono-2.0-bdwgc) mono_runtime_invoke (at C:/build/output/Unity-Technologies/mono/mono/metadata/object.c:3115)
0x00007ff65e883464 (Unity) scripting_method_invoke
0x00007ff65e861154 (Unity) ScriptingInvocation::Invoke
0x00007ff65e85bca5 (Unity) ScriptingInvocation::Invoke<void>
0x00007ff65e9ad383 (Unity) Scripting::UnityEditor::EditorAssembliesProxy::ProcessInitializeOnLoadAttributes
0x00007ff65e855b28 (Unity) MonoManager::SetupLoadedEditorAssemblies
0x00007ff65e84b8a9 (Unity) MonoManager::FinalizeReload
0x00007ff65fc592da (Unity) ScriptingInitializer::FinalizeReload
0x00007ff65f7fde7b (Unity) LoadUserAssemblies
0x00007ff65fd05555 (Unity) <lambda_b37b41f03089e3cb3f55061bbc93253d>::operator()
0x00007ff65fd407b2 (Unity) asio::detail::completion_handler<core::mutable_function<void __cdecl(void)>,asio::io_context::basic_executor_type<std::allocator<void>,0> >::do_complete
0x00007ff65fd2c75e (Unity) asio::detail::win_iocp_io_context::do_one
0x00007ff65fd2e3c4 (Unity) asio::detail::win_iocp_io_context::run
0x00007ff65fd3eb5c (Unity) IOService::Run
0x00007ff65fd126bf (Unity) AssetImportWorkerClient::Run
0x00007ff65fcdd597 (Unity) RunAssetImportWorkerClientV2
0x00007ff65fcdd61b (Unity) RunAssetImporterV2
0x00007ff65f4d60e1 (Unity) Application::InitializeProject
0x00007ff65f96a715 (Unity) WinMain
0x00007ff660d4f4be (Unity) __scrt_common_main_seh
0x00007ff99d68257d (KERNEL32) BaseThreadInitThunk
0x00007ff99e48af28 (ntdll) RtlUserThreadStart

GPGSUpgrader done
0x00007ff65e96af9d (Unity) StackWalker::GetCurrentCallstack
0x00007ff65e970069 (Unity) StackWalker::ShowCallstack
0x00007ff65f95ff31 (Unity) GetStacktrace
0x00007ff66001b63e (Unity) DebugStringToFile
0x00007ff65da39108 (Unity) DebugLogHandler_CUSTOM_Internal_Log
0x0000020de6d9c7d3 (Mono JIT Code) (wrapper managed-to-native) UnityEngine.DebugLogHandler:Internal_Log (UnityEngine.LogType,UnityEngine.LogOption,string,UnityEngine.Object)
0x0000020de6d9c4ab (Mono JIT Code) UnityEngine.DebugLogHandler:LogFormat (UnityEngine.LogType,UnityEngine.Object,string,object[])
0x0000020de6d9c230 (Mono JIT Code) UnityEngine.Logger:Log (UnityEngine.LogType,object)
0x0000020de6d9c0f8 (Mono JIT Code) UnityEngine.Debug:Log (object)
0x0000020de6d9bdab (Mono JIT Code) GooglePlayGames.Editor.GPGSUpgrader:.cctor () (at C:/Users/PUS_DESK/OneDrive/Documents/Far Fly/FarFlyUnity/Far Fly/Assets/GooglePlayGames/com.google.play.games/Editor/GPGSUpgrader.cs:58)
0x0000020de6d9bec5 (Mono JIT Code) (wrapper runtime-invoke) object:runtime_invoke_void (object,intptr,intptr,intptr)
0x00007ff8a4fe4c1e (mono-2.0-bdwgc) mono_jit_runtime_invoke (at C:/build/output/Unity-Technologies/mono/mono/mini/mini-runtime.c:3445)
0x00007ff8a4f1d254 (mono-2.0-bdwgc) do_runtime_invoke (at C:/build/output/Unity-Technologies/mono/mono/metadata/object.c:3068)
0x00007ff8a4f17ff9 (mono-2.0-bdwgc) mono_runtime_class_init_full (at C:/build/output/Unity-Technologies/mono/mono/metadata/object.c:563)
0x00007ff8a4e4de07 (mono-2.0-bdwgc) ves_icall_System_Runtime_CompilerServices_RuntimeHelpers_RunClassConstructor (at C:/build/output/Unity-Technologies/mono/mono/metadata/icall.c:1292)
0x00007ff8a4e7feec (mono-2.0-bdwgc) ves_icall_System_Runtime_CompilerServices_RuntimeHelpers_RunClassConstructor_raw (at C:/build/output/Unity-Technologies/mono/mono/metadata/icall-def.h:756)
0x0000020de6d58a1a (Mono JIT Code) (wrapper managed-to-native) System.Runtime.CompilerServices.RuntimeHelpers:RunClassConstructor (intptr)
0x0000020de6d5892b (Mono JIT Code) System.Runtime.CompilerServices.RuntimeHelpers:RunClassConstructor (System.RuntimeTypeHandle)
0x0000020de6d54c5b (Mono JIT Code) UnityEditor.EditorAssemblies:ProcessInitializeOnLoadAttributes (System.Type[])
0x0000020e088ee5f8 (Mono JIT Code) (wrapper runtime-invoke) <Module>:runtime_invoke_void_object (object,intptr,intptr,intptr)
0x00007ff8a4fe4c1e (mono-2.0-bdwgc) mono_jit_runtime_invoke (at C:/build/output/Unity-Technologies/mono/mono/mini/mini-runtime.c:3445)
0x00007ff8a4f1d254 (mono-2.0-bdwgc) do_runtime_invoke (at C:/build/output/Unity-Technologies/mono/mono/metadata/object.c:3068)
0x00007ff8a4f1d3cc (mono-2.0-bdwgc) mono_runtime_invoke (at C:/build/output/Unity-Technologies/mono/mono/metadata/object.c:3115)
0x00007ff65e883464 (Unity) scripting_method_invoke
0x00007ff65e861154 (Unity) ScriptingInvocation::Invoke
0x00007ff65e85bca5 (Unity) ScriptingInvocation::Invoke<void>
0x00007ff65e9ad383 (Unity) Scripting::UnityEditor::EditorAssembliesProxy::ProcessInitializeOnLoadAttributes
0x00007ff65e855b28 (Unity) MonoManager::SetupLoadedEditorAssemblies
0x00007ff65e84b8a9 (Unity) MonoManager::FinalizeReload
0x00007ff65fc592da (Unity) ScriptingInitializer::FinalizeReload
0x00007ff65f7fde7b (Unity) LoadUserAssemblies
0x00007ff65fd05555 (Unity) <lambda_b37b41f03089e3cb3f55061bbc93253d>::operator()
0x00007ff65fd407b2 (Unity) asio::detail::completion_handler<core::mutable_function<void __cdecl(void)>,asio::io_context::basic_executor_type<std::allocator<void>,0> >::do_complete
0x00007ff65fd2c75e (Unity) asio::detail::win_iocp_io_context::do_one
0x00007ff65fd2e3c4 (Unity) asio::detail::win_iocp_io_context::run
0x00007ff65fd3eb5c (Unity) IOService::Run
0x00007ff65fd126bf (Unity) AssetImportWorkerClient::Run
0x00007ff65fcdd597 (Unity) RunAssetImportWorkerClientV2
0x00007ff65fcdd61b (Unity) RunAssetImporterV2
0x00007ff65f4d60e1 (Unity) Application::InitializeProject
0x00007ff65f96a715 (Unity) WinMain
0x00007ff660d4f4be (Unity) __scrt_common_main_seh
0x00007ff99d68257d (KERNEL32) BaseThreadInitThunk
0x00007ff99e48af28 (ntdll) RtlUserThreadStart

Mono: successfully reloaded assembly
- Finished resetting the current domain, in  1.238 seconds
Domain Reload Profiling: 1857ms
	BeginReloadAssembly (245ms)
		ExecutionOrderSort (0ms)
		DisableScriptedObjects (10ms)
		BackupInstance (0ms)
		ReleaseScriptingObjects (0ms)
		CreateAndSetChildDomain (30ms)
	RebuildCommonClasses (47ms)
	RebuildNativeTypeToScriptingClass (14ms)
	initialDomainReloadingComplete (47ms)
	LoadAllAssembliesAndSetupDomain (265ms)
		LoadAssemblies (420ms)
		RebuildTransferFunctionScriptingTraits (0ms)
		AnalyzeDomain (9ms)
			TypeCache.Refresh (5ms)
				TypeCache.ScanAssembly (0ms)
			ScanForSourceGeneratedMonoScriptInfo (0ms)
			ResolveRequiredComponents (3ms)
	FinalizeReload (1239ms)
		ReleaseScriptCaches (0ms)
		RebuildScriptCaches (0ms)
		SetupLoadedEditorAssemblies (972ms)
			LogAssemblyErrors (0ms)
			InitializePlatformSupportModulesInManaged (57ms)
			SetLoadedEditorAssemblies (3ms)
			RefreshPlugins (0ms)
			BeforeProcessingInitializeOnLoad (72ms)
			ProcessInitializeOnLoadAttributes (784ms)
			ProcessInitializeOnLoadMethodAttributes (28ms)
			AfterProcessingInitializeOnLoad (27ms)
			EditorAssembliesLoaded (0ms)
		ExecutionOrderSort2 (0ms)
		AwakeInstancesAfterBackupRestoration (33ms)
Refreshing native plugins compatible for Editor in 17.89 ms, found 0 plugins.
Preloading 0 native plugins for Editor in 0.00 ms.
Unloading 552 Unused Serialized files (Serialized files now loaded: 0)
Unloading 21 unused Assets / (30.0 KB). Loaded Objects now: 1056.
Memory consumption went from 68.2 MB to 68.1 MB.
Total: 3.341500 ms (FindLiveObjects: 0.102100 ms CreateObjectMapping: 0.026200 ms MarkObjects: 3.111600 ms  DeleteObjects: 0.100300 ms)

Prepare: number of updated asset objects reloaded= 0
AssetImportParameters requested are different than current active one (requested -> active):
  custom:video-encoder-webm-vp8: eb34c28f22e8b96e1ab97ce403110664 -> 
  custom:video-decoder-webm-vp8: 9c59270c3fd7afecdb556c50c9e8de78 -> 
  custom:audio-decoder-ogg-vorbis: bf7c407c2cedff20999df2af8eb42d56 -> 
  custom:video-decoder-ogg-theora: a1e56fd34408186e4bbccfd4996cb3dc -> 
  custom:audio-encoder-webm-vorbis: bf7c407c2cedff20999df2af8eb42d56 -> 
  custom:SearchIndexIgnoredProperties: e643bd26f0fe6173181afceb89e7c659 -> 
  custom:container-demuxer-ogg: 62fdf1f143b41e24485cea50d1cbac27 -> 
  custom:AudioImporter_EditorPlatform: d09bf68614088b80899f8185d706f6e7 -> 
  custom:CustomObjectIndexerAttribute: 9a22284fe3817be447336de3de66b15e -> 
  custom:framework-win-MediaFoundation: 216162199b28c13a410421893ffa2e32 -> 
  custom:container-demuxer-webm: 4f35f7cbe854078d1ac9338744f61a02 -> 
  custom:container-muxer-webm: aa71ff27fc2769a1b78a27578f13a17b -> 
  custom:video-codec-MediaFoundation-h265: 746d11721c4dcdbdad8f713fa42b33f4 -> 
========================================================================
Received Prepare
Begin MonoManager ReloadAssembly
Symbol file LoadedFromMemory is not a mono symbol file
- Loaded All Assemblies, in  0.693 seconds
Refreshing native plugins compatible for Editor in 12.45 ms, found 0 plugins.
Native extension for WindowsStandalone target not found
Native extension for iOS target not found
Native extension for Android target not found
GPGSUpgrader start
0x00007ff65e96af9d (Unity) StackWalker::GetCurrentCallstack
0x00007ff65e970069 (Unity) StackWalker::ShowCallstack
0x00007ff65f95ff31 (Unity) GetStacktrace
0x00007ff66001b63e (Unity) DebugStringToFile
0x00007ff65da39108 (Unity) DebugLogHandler_CUSTOM_Internal_Log
0x0000020e076bd3a3 (Mono JIT Code) (wrapper managed-to-native) UnityEngine.DebugLogHandler:Internal_Log (UnityEngine.LogType,UnityEngine.LogOption,string,UnityEngine.Object)
0x0000020e076bd07b (Mono JIT Code) UnityEngine.DebugLogHandler:LogFormat (UnityEngine.LogType,UnityEngine.Object,string,object[])
0x0000020e076bce00 (Mono JIT Code) UnityEngine.Logger:Log (UnityEngine.LogType,object)
0x0000020e076bccc8 (Mono JIT Code) UnityEngine.Debug:Log (object)
0x0000020e076bc87b (Mono JIT Code) GooglePlayGames.Editor.GPGSUpgrader:.cctor () (at C:/Users/PUS_DESK/OneDrive/Documents/Far Fly/FarFlyUnity/Far Fly/Assets/GooglePlayGames/com.google.play.games/Editor/GPGSUpgrader.cs:40)
0x0000020e076bca95 (Mono JIT Code) (wrapper runtime-invoke) object:runtime_invoke_void (object,intptr,intptr,intptr)
0x00007ff8a4fe4c1e (mono-2.0-bdwgc) mono_jit_runtime_invoke (at C:/build/output/Unity-Technologies/mono/mono/mini/mini-runtime.c:3445)
0x00007ff8a4f1d254 (mono-2.0-bdwgc) do_runtime_invoke (at C:/build/output/Unity-Technologies/mono/mono/metadata/object.c:3068)
0x00007ff8a4f17ff9 (mono-2.0-bdwgc) mono_runtime_class_init_full (at C:/build/output/Unity-Technologies/mono/mono/metadata/object.c:563)
0x00007ff8a4e4de07 (mono-2.0-bdwgc) ves_icall_System_Runtime_CompilerServices_RuntimeHelpers_RunClassConstructor (at C:/build/output/Unity-Technologies/mono/mono/metadata/icall.c:1292)
0x00007ff8a4e7feec (mono-2.0-bdwgc) ves_icall_System_Runtime_CompilerServices_RuntimeHelpers_RunClassConstructor_raw (at C:/build/output/Unity-Technologies/mono/mono/metadata/icall-def.h:756)
0x0000020de6d6958a (Mono JIT Code) (wrapper managed-to-native) System.Runtime.CompilerServices.RuntimeHelpers:RunClassConstructor (intptr)
0x0000020de6d6949b (Mono JIT Code) System.Runtime.CompilerServices.RuntimeHelpers:RunClassConstructor (System.RuntimeTypeHandle)
0x0000020de6d657cb (Mono JIT Code) UnityEditor.EditorAssemblies:ProcessInitializeOnLoadAttributes (System.Type[])
0x0000020e088ee5f8 (Mono JIT Code) (wrapper runtime-invoke) <Module>:runtime_invoke_void_object (object,intptr,intptr,intptr)
0x00007ff8a4fe4c1e (mono-2.0-bdwgc) mono_jit_runtime_invoke (at C:/build/output/Unity-Technologies/mono/mono/mini/mini-runtime.c:3445)
0x00007ff8a4f1d254 (mono-2.0-bdwgc) do_runtime_invoke (at C:/build/output/Unity-Technologies/mono/mono/metadata/object.c:3068)
0x00007ff8a4f1d3cc (mono-2.0-bdwgc) mono_runtime_invoke (at C:/build/output/Unity-Technologies/mono/mono/metadata/object.c:3115)
0x00007ff65e883464 (Unity) scripting_method_invoke
0x00007ff65e861154 (Unity) ScriptingInvocation::Invoke
0x00007ff65e85bca5 (Unity) ScriptingInvocation::Invoke<void>
0x00007ff65e9ad383 (Unity) Scripting::UnityEditor::EditorAssembliesProxy::ProcessInitializeOnLoadAttributes
0x00007ff65e855b28 (Unity) MonoManager::SetupLoadedEditorAssemblies
0x00007ff65e84b8a9 (Unity) MonoManager::FinalizeReload
0x00007ff65fc592da (Unity) ScriptingInitializer::FinalizeReload
0x00007ff65f7fde7b (Unity) LoadUserAssemblies
0x00007ff65fd05555 (Unity) <lambda_b37b41f03089e3cb3f55061bbc93253d>::operator()
0x00007ff65fd407b2 (Unity) asio::detail::completion_handler<core::mutable_function<void __cdecl(void)>,asio::io_context::basic_executor_type<std::allocator<void>,0> >::do_complete
0x00007ff65fd2c75e (Unity) asio::detail::win_iocp_io_context::do_one
0x00007ff65fd2e3c4 (Unity) asio::detail::win_iocp_io_context::run
0x00007ff65fd3eb5c (Unity) IOService::Run
0x00007ff65fd126bf (Unity) AssetImportWorkerClient::Run
0x00007ff65fcdd597 (Unity) RunAssetImportWorkerClientV2
0x00007ff65fcdd61b (Unity) RunAssetImporterV2
0x00007ff65f4d60e1 (Unity) Application::InitializeProject
0x00007ff65f96a715 (Unity) WinMain
0x00007ff660d4f4be (Unity) __scrt_common_main_seh
0x00007ff99d68257d (KERNEL32) BaseThreadInitThunk
0x00007ff99e48af28 (ntdll) RtlUserThreadStart

GPGSUpgrader done
0x00007ff65e96af9d (Unity) StackWalker::GetCurrentCallstack
0x00007ff65e970069 (Unity) StackWalker::ShowCallstack
0x00007ff65f95ff31 (Unity) GetStacktrace
0x00007ff66001b63e (Unity) DebugStringToFile
0x00007ff65da39108 (Unity) DebugLogHandler_CUSTOM_Internal_Log
0x0000020e076bd3a3 (Mono JIT Code) (wrapper managed-to-native) UnityEngine.DebugLogHandler:Internal_Log (UnityEngine.LogType,UnityEngine.LogOption,string,UnityEngine.Object)
0x0000020e076bd07b (Mono JIT Code) UnityEngine.DebugLogHandler:LogFormat (UnityEngine.LogType,UnityEngine.Object,string,object[])
0x0000020e076bce00 (Mono JIT Code) UnityEngine.Logger:Log (UnityEngine.LogType,object)
0x0000020e076bccc8 (Mono JIT Code) UnityEngine.Debug:Log (object)
0x0000020e076bc97b (Mono JIT Code) GooglePlayGames.Editor.GPGSUpgrader:.cctor () (at C:/Users/PUS_DESK/OneDrive/Documents/Far Fly/FarFlyUnity/Far Fly/Assets/GooglePlayGames/com.google.play.games/Editor/GPGSUpgrader.cs:58)
0x0000020e076bca95 (Mono JIT Code) (wrapper runtime-invoke) object:runtime_invoke_void (object,intptr,intptr,intptr)
0x00007ff8a4fe4c1e (mono-2.0-bdwgc) mono_jit_runtime_invoke (at C:/build/output/Unity-Technologies/mono/mono/mini/mini-runtime.c:3445)
0x00007ff8a4f1d254 (mono-2.0-bdwgc) do_runtime_invoke (at C:/build/output/Unity-Technologies/mono/mono/metadata/object.c:3068)
0x00007ff8a4f17ff9 (mono-2.0-bdwgc) mono_runtime_class_init_full (at C:/build/output/Unity-Technologies/mono/mono/metadata/object.c:563)
0x00007ff8a4e4de07 (mono-2.0-bdwgc) ves_icall_System_Runtime_CompilerServices_RuntimeHelpers_RunClassConstructor (at C:/build/output/Unity-Technologies/mono/mono/metadata/icall.c:1292)
0x00007ff8a4e7feec (mono-2.0-bdwgc) ves_icall_System_Runtime_CompilerServices_RuntimeHelpers_RunClassConstructor_raw (at C:/build/output/Unity-Technologies/mono/mono/metadata/icall-def.h:756)
0x0000020de6d6958a (Mono JIT Code) (wrapper managed-to-native) System.Runtime.CompilerServices.RuntimeHelpers:RunClassConstructor (intptr)
0x0000020de6d6949b (Mono JIT Code) System.Runtime.CompilerServices.RuntimeHelpers:RunClassConstructor (System.RuntimeTypeHandle)
0x0000020de6d657cb (Mono JIT Code) UnityEditor.EditorAssemblies:ProcessInitializeOnLoadAttributes (System.Type[])
0x0000020e088ee5f8 (Mono JIT Code) (wrapper runtime-invoke) <Module>:runtime_invoke_void_object (object,intptr,intptr,intptr)
0x00007ff8a4fe4c1e (mono-2.0-bdwgc) mono_jit_runtime_invoke (at C:/build/output/Unity-Technologies/mono/mono/mini/mini-runtime.c:3445)
0x00007ff8a4f1d254 (mono-2.0-bdwgc) do_runtime_invoke (at C:/build/output/Unity-Technologies/mono/mono/metadata/object.c:3068)
0x00007ff8a4f1d3cc (mono-2.0-bdwgc) mono_runtime_invoke (at C:/build/output/Unity-Technologies/mono/mono/metadata/object.c:3115)
0x00007ff65e883464 (Unity) scripting_method_invoke
0x00007ff65e861154 (Unity) ScriptingInvocation::Invoke
0x00007ff65e85bca5 (Unity) ScriptingInvocation::Invoke<void>
0x00007ff65e9ad383 (Unity) Scripting::UnityEditor::EditorAssembliesProxy::ProcessInitializeOnLoadAttributes
0x00007ff65e855b28 (Unity) MonoManager::SetupLoadedEditorAssemblies
0x00007ff65e84b8a9 (Unity) MonoManager::FinalizeReload
0x00007ff65fc592da (Unity) ScriptingInitializer::FinalizeReload
0x00007ff65f7fde7b (Unity) LoadUserAssemblies
0x00007ff65fd05555 (Unity) <lambda_b37b41f03089e3cb3f55061bbc93253d>::operator()
0x00007ff65fd407b2 (Unity) asio::detail::completion_handler<core::mutable_function<void __cdecl(void)>,asio::io_context::basic_executor_type<std::allocator<void>,0> >::do_complete
0x00007ff65fd2c75e (Unity) asio::detail::win_iocp_io_context::do_one
0x00007ff65fd2e3c4 (Unity) asio::detail::win_iocp_io_context::run
0x00007ff65fd3eb5c (Unity) IOService::Run
0x00007ff65fd126bf (Unity) AssetImportWorkerClient::Run
0x00007ff65fcdd597 (Unity) RunAssetImportWorkerClientV2
0x00007ff65fcdd61b (Unity) RunAssetImporterV2
0x00007ff65f4d60e1 (Unity) Application::InitializeProject
0x00007ff65f96a715 (Unity) WinMain
0x00007ff660d4f4be (Unity) __scrt_common_main_seh
0x00007ff99d68257d (KERNEL32) BaseThreadInitThunk
0x00007ff99e48af28 (ntdll) RtlUserThreadStart

Mono: successfully reloaded assembly
- Finished resetting the current domain, in  0.926 seconds
Domain Reload Profiling: 1612ms
	BeginReloadAssembly (278ms)
		ExecutionOrderSort (0ms)
		DisableScriptedObjects (17ms)
		BackupInstance (0ms)
		ReleaseScriptingObjects (0ms)
		CreateAndSetChildDomain (51ms)
	RebuildCommonClasses (52ms)
	RebuildNativeTypeToScriptingClass (15ms)
	initialDomainReloadingComplete (50ms)
	LoadAllAssembliesAndSetupDomain (290ms)
		LoadAssemblies (443ms)
		RebuildTransferFunctionScriptingTraits (0ms)
		AnalyzeDomain (16ms)
			TypeCache.Refresh (8ms)
				TypeCache.ScanAssembly (1ms)
			ScanForSourceGeneratedMonoScriptInfo (3ms)
			ResolveRequiredComponents (4ms)
	FinalizeReload (927ms)
		ReleaseScriptCaches (0ms)
		RebuildScriptCaches (0ms)
		SetupLoadedEditorAssemblies (684ms)
			LogAssemblyErrors (0ms)
			InitializePlatformSupportModulesInManaged (57ms)
			SetLoadedEditorAssemblies (3ms)
			RefreshPlugins (0ms)
			BeforeProcessingInitializeOnLoad (53ms)
			ProcessInitializeOnLoadAttributes (523ms)
			ProcessInitializeOnLoadMethodAttributes (28ms)
			AfterProcessingInitializeOnLoad (21ms)
			EditorAssembliesLoaded (0ms)
		ExecutionOrderSort2 (0ms)
		AwakeInstancesAfterBackupRestoration (26ms)
Refreshing native plugins compatible for Editor in 19.01 ms, found 0 plugins.
Preloading 0 native plugins for Editor in 0.00 ms.
Unloading 552 Unused Serialized files (Serialized files now loaded: 0)
Unloading 21 unused Assets / (30.1 KB). Loaded Objects now: 1057.
Memory consumption went from 68.2 MB to 68.1 MB.
Total: 2.874100 ms (FindLiveObjects: 0.078500 ms CreateObjectMapping: 0.018600 ms MarkObjects: 2.731500 ms  DeleteObjects: 0.043900 ms)

Prepare: number of updated asset objects reloaded= 0
AssetImportParameters requested are different than current active one (requested -> active):
  custom:video-encoder-webm-vp8: eb34c28f22e8b96e1ab97ce403110664 -> 
  custom:video-decoder-webm-vp8: 9c59270c3fd7afecdb556c50c9e8de78 -> 
  custom:audio-decoder-ogg-vorbis: bf7c407c2cedff20999df2af8eb42d56 -> 
  custom:video-decoder-ogg-theora: a1e56fd34408186e4bbccfd4996cb3dc -> 
  custom:audio-encoder-webm-vorbis: bf7c407c2cedff20999df2af8eb42d56 -> 
  custom:SearchIndexIgnoredProperties: e643bd26f0fe6173181afceb89e7c659 -> 
  custom:container-demuxer-ogg: 62fdf1f143b41e24485cea50d1cbac27 -> 
  custom:AudioImporter_EditorPlatform: d09bf68614088b80899f8185d706f6e7 -> 
  custom:CustomObjectIndexerAttribute: 9a22284fe3817be447336de3de66b15e -> 
  custom:framework-win-MediaFoundation: 216162199b28c13a410421893ffa2e32 -> 
  custom:container-demuxer-webm: 4f35f7cbe854078d1ac9338744f61a02 -> 
  custom:container-muxer-webm: aa71ff27fc2769a1b78a27578f13a17b -> 
  custom:video-codec-MediaFoundation-h265: 746d11721c4dcdbdad8f713fa42b33f4 -> 
========================================================================
Received Prepare
Begin MonoManager ReloadAssembly
Symbol file LoadedFromMemory is not a mono symbol file
- Loaded All Assemblies, in  0.774 seconds
Refreshing native plugins compatible for Editor in 15.57 ms, found 0 plugins.
Native extension for WindowsStandalone target not found
Native extension for iOS target not found
Native extension for Android target not found
GPGSUpgrader start
0x00007ff65e96af9d (Unity) StackWalker::GetCurrentCallstack
0x00007ff65e970069 (Unity) StackWalker::ShowCallstack
0x00007ff65f95ff31 (Unity) GetStacktrace
0x00007ff66001b63e (Unity) DebugStringToFile
0x00007ff65da39108 (Unity) DebugLogHandler_CUSTOM_Internal_Log
0x0000020e0771cfe3 (Mono JIT Code) (wrapper managed-to-native) UnityEngine.DebugLogHandler:Internal_Log (UnityEngine.LogType,UnityEngine.LogOption,string,UnityEngine.Object)
0x0000020e0771ccbb (Mono JIT Code) UnityEngine.DebugLogHandler:LogFormat (UnityEngine.LogType,UnityEngine.Object,string,object[])
0x0000020e0771ca40 (Mono JIT Code) UnityEngine.Logger:Log (UnityEngine.LogType,object)
0x0000020e0771c908 (Mono JIT Code) UnityEngine.Debug:Log (object)
0x0000020e0771c4bb (Mono JIT Code) GooglePlayGames.Editor.GPGSUpgrader:.cctor () (at C:/Users/PUS_DESK/OneDrive/Documents/Far Fly/FarFlyUnity/Far Fly/Assets/GooglePlayGames/com.google.play.games/Editor/GPGSUpgrader.cs:40)
0x0000020e0771c6d5 (Mono JIT Code) (wrapper runtime-invoke) object:runtime_invoke_void (object,intptr,intptr,intptr)
0x00007ff8a4fe4c1e (mono-2.0-bdwgc) mono_jit_runtime_invoke (at C:/build/output/Unity-Technologies/mono/mono/mini/mini-runtime.c:3445)
0x00007ff8a4f1d254 (mono-2.0-bdwgc) do_runtime_invoke (at C:/build/output/Unity-Technologies/mono/mono/metadata/object.c:3068)
0x00007ff8a4f17ff9 (mono-2.0-bdwgc) mono_runtime_class_init_full (at C:/build/output/Unity-Technologies/mono/mono/metadata/object.c:563)
0x00007ff8a4e4de07 (mono-2.0-bdwgc) ves_icall_System_Runtime_CompilerServices_RuntimeHelpers_RunClassConstructor (at C:/build/output/Unity-Technologies/mono/mono/metadata/icall.c:1292)
0x00007ff8a4e7feec (mono-2.0-bdwgc) ves_icall_System_Runtime_CompilerServices_RuntimeHelpers_RunClassConstructor_raw (at C:/build/output/Unity-Technologies/mono/mono/metadata/icall-def.h:756)
0x0000020e077990fa (Mono JIT Code) (wrapper managed-to-native) System.Runtime.CompilerServices.RuntimeHelpers:RunClassConstructor (intptr)
0x0000020e0779900b (Mono JIT Code) System.Runtime.CompilerServices.RuntimeHelpers:RunClassConstructor (System.RuntimeTypeHandle)
0x0000020e0779533b (Mono JIT Code) UnityEditor.EditorAssemblies:ProcessInitializeOnLoadAttributes (System.Type[])
0x0000020e088ee5f8 (Mono JIT Code) (wrapper runtime-invoke) <Module>:runtime_invoke_void_object (object,intptr,intptr,intptr)
0x00007ff8a4fe4c1e (mono-2.0-bdwgc) mono_jit_runtime_invoke (at C:/build/output/Unity-Technologies/mono/mono/mini/mini-runtime.c:3445)
0x00007ff8a4f1d254 (mono-2.0-bdwgc) do_runtime_invoke (at C:/build/output/Unity-Technologies/mono/mono/metadata/object.c:3068)
0x00007ff8a4f1d3cc (mono-2.0-bdwgc) mono_runtime_invoke (at C:/build/output/Unity-Technologies/mono/mono/metadata/object.c:3115)
0x00007ff65e883464 (Unity) scripting_method_invoke
0x00007ff65e861154 (Unity) ScriptingInvocation::Invoke
0x00007ff65e85bca5 (Unity) ScriptingInvocation::Invoke<void>
0x00007ff65e9ad383 (Unity) Scripting::UnityEditor::EditorAssembliesProxy::ProcessInitializeOnLoadAttributes
0x00007ff65e855b28 (Unity) MonoManager::SetupLoadedEditorAssemblies
0x00007ff65e84b8a9 (Unity) MonoManager::FinalizeReload
0x00007ff65fc592da (Unity) ScriptingInitializer::FinalizeReload
0x00007ff65f7fde7b (Unity) LoadUserAssemblies
0x00007ff65fd05555 (Unity) <lambda_b37b41f03089e3cb3f55061bbc93253d>::operator()
0x00007ff65fd407b2 (Unity) asio::detail::completion_handler<core::mutable_function<void __cdecl(void)>,asio::io_context::basic_executor_type<std::allocator<void>,0> >::do_complete
0x00007ff65fd2c75e (Unity) asio::detail::win_iocp_io_context::do_one
0x00007ff65fd2e3c4 (Unity) asio::detail::win_iocp_io_context::run
0x00007ff65fd3eb5c (Unity) IOService::Run
0x00007ff65fd126bf (Unity) AssetImportWorkerClient::Run
0x00007ff65fcdd597 (Unity) RunAssetImportWorkerClientV2
0x00007ff65fcdd61b (Unity) RunAssetImporterV2
0x00007ff65f4d60e1 (Unity) Application::InitializeProject
0x00007ff65f96a715 (Unity) WinMain
0x00007ff660d4f4be (Unity) __scrt_common_main_seh
0x00007ff99d68257d (KERNEL32) BaseThreadInitThunk
0x00007ff99e48af28 (ntdll) RtlUserThreadStart

GPGSUpgrader done
0x00007ff65e96af9d (Unity) StackWalker::GetCurrentCallstack
0x00007ff65e970069 (Unity) StackWalker::ShowCallstack
0x00007ff65f95ff31 (Unity) GetStacktrace
0x00007ff66001b63e (Unity) DebugStringToFile
0x00007ff65da39108 (Unity) DebugLogHandler_CUSTOM_Internal_Log
0x0000020e0771cfe3 (Mono JIT Code) (wrapper managed-to-native) UnityEngine.DebugLogHandler:Internal_Log (UnityEngine.LogType,UnityEngine.LogOption,string,UnityEngine.Object)
0x0000020e0771ccbb (Mono JIT Code) UnityEngine.DebugLogHandler:LogFormat (UnityEngine.LogType,UnityEngine.Object,string,object[])
0x0000020e0771ca40 (Mono JIT Code) UnityEngine.Logger:Log (UnityEngine.LogType,object)
0x0000020e0771c908 (Mono JIT Code) UnityEngine.Debug:Log (object)
0x0000020e0771c5bb (Mono JIT Code) GooglePlayGames.Editor.GPGSUpgrader:.cctor () (at C:/Users/PUS_DESK/OneDrive/Documents/Far Fly/FarFlyUnity/Far Fly/Assets/GooglePlayGames/com.google.play.games/Editor/GPGSUpgrader.cs:58)
0x0000020e0771c6d5 (Mono JIT Code) (wrapper runtime-invoke) object:runtime_invoke_void (object,intptr,intptr,intptr)
0x00007ff8a4fe4c1e (mono-2.0-bdwgc) mono_jit_runtime_invoke (at C:/build/output/Unity-Technologies/mono/mono/mini/mini-runtime.c:3445)
0x00007ff8a4f1d254 (mono-2.0-bdwgc) do_runtime_invoke (at C:/build/output/Unity-Technologies/mono/mono/metadata/object.c:3068)
0x00007ff8a4f17ff9 (mono-2.0-bdwgc) mono_runtime_class_init_full (at C:/build/output/Unity-Technologies/mono/mono/metadata/object.c:563)
0x00007ff8a4e4de07 (mono-2.0-bdwgc) ves_icall_System_Runtime_CompilerServices_RuntimeHelpers_RunClassConstructor (at C:/build/output/Unity-Technologies/mono/mono/metadata/icall.c:1292)
0x00007ff8a4e7feec (mono-2.0-bdwgc) ves_icall_System_Runtime_CompilerServices_RuntimeHelpers_RunClassConstructor_raw (at C:/build/output/Unity-Technologies/mono/mono/metadata/icall-def.h:756)
0x0000020e077990fa (Mono JIT Code) (wrapper managed-to-native) System.Runtime.CompilerServices.RuntimeHelpers:RunClassConstructor (intptr)
0x0000020e0779900b (Mono JIT Code) System.Runtime.CompilerServices.RuntimeHelpers:RunClassConstructor (System.RuntimeTypeHandle)
0x0000020e0779533b (Mono JIT Code) UnityEditor.EditorAssemblies:ProcessInitializeOnLoadAttributes (System.Type[])
0x0000020e088ee5f8 (Mono JIT Code) (wrapper runtime-invoke) <Module>:runtime_invoke_void_object (object,intptr,intptr,intptr)
0x00007ff8a4fe4c1e (mono-2.0-bdwgc) mono_jit_runtime_invoke (at C:/build/output/Unity-Technologies/mono/mono/mini/mini-runtime.c:3445)
0x00007ff8a4f1d254 (mono-2.0-bdwgc) do_runtime_invoke (at C:/build/output/Unity-Technologies/mono/mono/metadata/object.c:3068)
0x00007ff8a4f1d3cc (mono-2.0-bdwgc) mono_runtime_invoke (at C:/build/output/Unity-Technologies/mono/mono/metadata/object.c:3115)
0x00007ff65e883464 (Unity) scripting_method_invoke
0x00007ff65e861154 (Unity) ScriptingInvocation::Invoke
0x00007ff65e85bca5 (Unity) ScriptingInvocation::Invoke<void>
0x00007ff65e9ad383 (Unity) Scripting::UnityEditor::EditorAssembliesProxy::ProcessInitializeOnLoadAttributes
0x00007ff65e855b28 (Unity) MonoManager::SetupLoadedEditorAssemblies
0x00007ff65e84b8a9 (Unity) MonoManager::FinalizeReload
0x00007ff65fc592da (Unity) ScriptingInitializer::FinalizeReload
0x00007ff65f7fde7b (Unity) LoadUserAssemblies
0x00007ff65fd05555 (Unity) <lambda_b37b41f03089e3cb3f55061bbc93253d>::operator()
0x00007ff65fd407b2 (Unity) asio::detail::completion_handler<core::mutable_function<void __cdecl(void)>,asio::io_context::basic_executor_type<std::allocator<void>,0> >::do_complete
0x00007ff65fd2c75e (Unity) asio::detail::win_iocp_io_context::do_one
0x00007ff65fd2e3c4 (Unity) asio::detail::win_iocp_io_context::run
0x00007ff65fd3eb5c (Unity) IOService::Run
0x00007ff65fd126bf (Unity) AssetImportWorkerClient::Run
0x00007ff65fcdd597 (Unity) RunAssetImportWorkerClientV2
0x00007ff65fcdd61b (Unity) RunAssetImporterV2
0x00007ff65f4d60e1 (Unity) Application::InitializeProject
0x00007ff65f96a715 (Unity) WinMain
0x00007ff660d4f4be (Unity) __scrt_common_main_seh
0x00007ff99d68257d (KERNEL32) BaseThreadInitThunk
0x00007ff99e48af28 (ntdll) RtlUserThreadStart

Mono: successfully reloaded assembly
- Finished resetting the current domain, in  0.963 seconds
Domain Reload Profiling: 1730ms
	BeginReloadAssembly (285ms)
		ExecutionOrderSort (0ms)
		DisableScriptedObjects (6ms)
		BackupInstance (0ms)
		ReleaseScriptingObjects (0ms)
		CreateAndSetChildDomain (31ms)
	RebuildCommonClasses (41ms)
	RebuildNativeTypeToScriptingClass (16ms)
	initialDomainReloadingComplete (54ms)
	LoadAllAssembliesAndSetupDomain (369ms)
		LoadAssemblies (565ms)
		RebuildTransferFunctionScriptingTraits (0ms)
		AnalyzeDomain (17ms)
			TypeCache.Refresh (10ms)
				TypeCache.ScanAssembly (1ms)
			ScanForSourceGeneratedMonoScriptInfo (3ms)
			ResolveRequiredComponents (3ms)
	FinalizeReload (964ms)
		ReleaseScriptCaches (0ms)
		RebuildScriptCaches (0ms)
		SetupLoadedEditorAssemblies (708ms)
			LogAssemblyErrors (0ms)
			InitializePlatformSupportModulesInManaged (65ms)
			SetLoadedEditorAssemblies (6ms)
			RefreshPlugins (0ms)
			BeforeProcessingInitializeOnLoad (98ms)
			ProcessInitializeOnLoadAttributes (493ms)
			ProcessInitializeOnLoadMethodAttributes (22ms)
			AfterProcessingInitializeOnLoad (24ms)
			EditorAssembliesLoaded (0ms)
		ExecutionOrderSort2 (0ms)
		AwakeInstancesAfterBackupRestoration (29ms)
Refreshing native plugins compatible for Editor in 13.89 ms, found 0 plugins.
Preloading 0 native plugins for Editor in 0.00 ms.
Unloading 553 Unused Serialized files (Serialized files now loaded: 0)
Unloading 21 unused Assets / (30.0 KB). Loaded Objects now: 1059.
Memory consumption went from 68.2 MB to 68.2 MB.
Total: 2.376500 ms (FindLiveObjects: 0.079900 ms CreateObjectMapping: 0.018400 ms MarkObjects: 2.239800 ms  DeleteObjects: 0.037500 ms)

Prepare: number of updated asset objects reloaded= 0
AssetImportParameters requested are different than current active one (requested -> active):
  custom:video-encoder-webm-vp8: eb34c28f22e8b96e1ab97ce403110664 -> 
  custom:video-decoder-webm-vp8: 9c59270c3fd7afecdb556c50c9e8de78 -> 
  custom:audio-decoder-ogg-vorbis: bf7c407c2cedff20999df2af8eb42d56 -> 
  custom:video-decoder-ogg-theora: a1e56fd34408186e4bbccfd4996cb3dc -> 
  custom:audio-encoder-webm-vorbis: bf7c407c2cedff20999df2af8eb42d56 -> 
  custom:SearchIndexIgnoredProperties: e643bd26f0fe6173181afceb89e7c659 -> 
  custom:container-demuxer-ogg: 62fdf1f143b41e24485cea50d1cbac27 -> 
  custom:AudioImporter_EditorPlatform: d09bf68614088b80899f8185d706f6e7 -> 
  custom:CustomObjectIndexerAttribute: 9a22284fe3817be447336de3de66b15e -> 
  custom:framework-win-MediaFoundation: 216162199b28c13a410421893ffa2e32 -> 
  custom:container-demuxer-webm: 4f35f7cbe854078d1ac9338744f61a02 -> 
  custom:container-muxer-webm: aa71ff27fc2769a1b78a27578f13a17b -> 
  custom:video-codec-MediaFoundation-h265: 746d11721c4dcdbdad8f713fa42b33f4 -> 
========================================================================
Received Prepare
Begin MonoManager ReloadAssembly
Symbol file LoadedFromMemory is not a mono symbol file
- Loaded All Assemblies, in  0.983 seconds
Refreshing native plugins compatible for Editor in 13.18 ms, found 0 plugins.
Native extension for WindowsStandalone target not found
Native extension for iOS target not found
Native extension for Android target not found
GPGSUpgrader start
0x00007ff65e96af9d (Unity) StackWalker::GetCurrentCallstack
0x00007ff65e970069 (Unity) StackWalker::ShowCallstack
0x00007ff65f95ff31 (Unity) GetStacktrace
0x00007ff66001b63e (Unity) DebugStringToFile
0x00007ff65da39108 (Unity) DebugLogHandler_CUSTOM_Internal_Log
0x0000020e0752fc03 (Mono JIT Code) (wrapper managed-to-native) UnityEngine.DebugLogHandler:Internal_Log (UnityEngine.LogType,UnityEngine.LogOption,string,UnityEngine.Object)
0x0000020e0752f8db (Mono JIT Code) UnityEngine.DebugLogHandler:LogFormat (UnityEngine.LogType,UnityEngine.Object,string,object[])
0x0000020e0752f660 (Mono JIT Code) UnityEngine.Logger:Log (UnityEngine.LogType,object)
0x0000020e0752f528 (Mono JIT Code) UnityEngine.Debug:Log (object)
0x0000020e0752f0db (Mono JIT Code) GooglePlayGames.Editor.GPGSUpgrader:.cctor () (at C:/Users/PUS_DESK/OneDrive/Documents/Far Fly/FarFlyUnity/Far Fly/Assets/GooglePlayGames/com.google.play.games/Editor/GPGSUpgrader.cs:40)
0x0000020e0752f2f5 (Mono JIT Code) (wrapper runtime-invoke) object:runtime_invoke_void (object,intptr,intptr,intptr)
0x00007ff8a4fe4c1e (mono-2.0-bdwgc) mono_jit_runtime_invoke (at C:/build/output/Unity-Technologies/mono/mono/mini/mini-runtime.c:3445)
0x00007ff8a4f1d254 (mono-2.0-bdwgc) do_runtime_invoke (at C:/build/output/Unity-Technologies/mono/mono/metadata/object.c:3068)
0x00007ff8a4f17ff9 (mono-2.0-bdwgc) mono_runtime_class_init_full (at C:/build/output/Unity-Technologies/mono/mono/metadata/object.c:563)
0x00007ff8a4e4de07 (mono-2.0-bdwgc) ves_icall_System_Runtime_CompilerServices_RuntimeHelpers_RunClassConstructor (at C:/build/output/Unity-Technologies/mono/mono/metadata/icall.c:1292)
0x00007ff8a4e7feec (mono-2.0-bdwgc) ves_icall_System_Runtime_CompilerServices_RuntimeHelpers_RunClassConstructor_raw (at C:/build/output/Unity-Technologies/mono/mono/metadata/icall-def.h:756)
0x0000020e0779ccda (Mono JIT Code) (wrapper managed-to-native) System.Runtime.CompilerServices.RuntimeHelpers:RunClassConstructor (intptr)
0x0000020e0779cbeb (Mono JIT Code) System.Runtime.CompilerServices.RuntimeHelpers:RunClassConstructor (System.RuntimeTypeHandle)
0x0000020e07798f1b (Mono JIT Code) UnityEditor.EditorAssemblies:ProcessInitializeOnLoadAttributes (System.Type[])
0x0000020e088ee5f8 (Mono JIT Code) (wrapper runtime-invoke) <Module>:runtime_invoke_void_object (object,intptr,intptr,intptr)
0x00007ff8a4fe4c1e (mono-2.0-bdwgc) mono_jit_runtime_invoke (at C:/build/output/Unity-Technologies/mono/mono/mini/mini-runtime.c:3445)
0x00007ff8a4f1d254 (mono-2.0-bdwgc) do_runtime_invoke (at C:/build/output/Unity-Technologies/mono/mono/metadata/object.c:3068)
0x00007ff8a4f1d3cc (mono-2.0-bdwgc) mono_runtime_invoke (at C:/build/output/Unity-Technologies/mono/mono/metadata/object.c:3115)
0x00007ff65e883464 (Unity) scripting_method_invoke
0x00007ff65e861154 (Unity) ScriptingInvocation::Invoke
0x00007ff65e85bca5 (Unity) ScriptingInvocation::Invoke<void>
0x00007ff65e9ad383 (Unity) Scripting::UnityEditor::EditorAssembliesProxy::ProcessInitializeOnLoadAttributes
0x00007ff65e855b28 (Unity) MonoManager::SetupLoadedEditorAssemblies
0x00007ff65e84b8a9 (Unity) MonoManager::FinalizeReload
0x00007ff65fc592da (Unity) ScriptingInitializer::FinalizeReload
0x00007ff65f7fde7b (Unity) LoadUserAssemblies
0x00007ff65fd05555 (Unity) <lambda_b37b41f03089e3cb3f55061bbc93253d>::operator()
0x00007ff65fd407b2 (Unity) asio::detail::completion_handler<core::mutable_function<void __cdecl(void)>,asio::io_context::basic_executor_type<std::allocator<void>,0> >::do_complete
0x00007ff65fd2c75e (Unity) asio::detail::win_iocp_io_context::do_one
0x00007ff65fd2e3c4 (Unity) asio::detail::win_iocp_io_context::run
0x00007ff65fd3eb5c (Unity) IOService::Run
0x00007ff65fd126bf (Unity) AssetImportWorkerClient::Run
0x00007ff65fcdd597 (Unity) RunAssetImportWorkerClientV2
0x00007ff65fcdd61b (Unity) RunAssetImporterV2
0x00007ff65f4d60e1 (Unity) Application::InitializeProject
0x00007ff65f96a715 (Unity) WinMain
0x00007ff660d4f4be (Unity) __scrt_common_main_seh
0x00007ff99d68257d (KERNEL32) BaseThreadInitThunk
0x00007ff99e48af28 (ntdll) RtlUserThreadStart

GPGSUpgrader done
0x00007ff65e96af9d (Unity) StackWalker::GetCurrentCallstack
0x00007ff65e970069 (Unity) StackWalker::ShowCallstack
0x00007ff65f95ff31 (Unity) GetStacktrace
0x00007ff66001b63e (Unity) DebugStringToFile
0x00007ff65da39108 (Unity) DebugLogHandler_CUSTOM_Internal_Log
0x0000020e0752fc03 (Mono JIT Code) (wrapper managed-to-native) UnityEngine.DebugLogHandler:Internal_Log (UnityEngine.LogType,UnityEngine.LogOption,string,UnityEngine.Object)
0x0000020e0752f8db (Mono JIT Code) UnityEngine.DebugLogHandler:LogFormat (UnityEngine.LogType,UnityEngine.Object,string,object[])
0x0000020e0752f660 (Mono JIT Code) UnityEngine.Logger:Log (UnityEngine.LogType,object)
0x0000020e0752f528 (Mono JIT Code) UnityEngine.Debug:Log (object)
0x0000020e0752f1db (Mono JIT Code) GooglePlayGames.Editor.GPGSUpgrader:.cctor () (at C:/Users/PUS_DESK/OneDrive/Documents/Far Fly/FarFlyUnity/Far Fly/Assets/GooglePlayGames/com.google.play.games/Editor/GPGSUpgrader.cs:58)
0x0000020e0752f2f5 (Mono JIT Code) (wrapper runtime-invoke) object:runtime_invoke_void (object,intptr,intptr,intptr)
0x00007ff8a4fe4c1e (mono-2.0-bdwgc) mono_jit_runtime_invoke (at C:/build/output/Unity-Technologies/mono/mono/mini/mini-runtime.c:3445)
0x00007ff8a4f1d254 (mono-2.0-bdwgc) do_runtime_invoke (at C:/build/output/Unity-Technologies/mono/mono/metadata/object.c:3068)
0x00007ff8a4f17ff9 (mono-2.0-bdwgc) mono_runtime_class_init_full (at C:/build/output/Unity-Technologies/mono/mono/metadata/object.c:563)
0x00007ff8a4e4de07 (mono-2.0-bdwgc) ves_icall_System_Runtime_CompilerServices_RuntimeHelpers_RunClassConstructor (at C:/build/output/Unity-Technologies/mono/mono/metadata/icall.c:1292)
0x00007ff8a4e7feec (mono-2.0-bdwgc) ves_icall_System_Runtime_CompilerServices_RuntimeHelpers_RunClassConstructor_raw (at C:/build/output/Unity-Technologies/mono/mono/metadata/icall-def.h:756)
0x0000020e0779ccda (Mono JIT Code) (wrapper managed-to-native) System.Runtime.CompilerServices.RuntimeHelpers:RunClassConstructor (intptr)
0x0000020e0779cbeb (Mono JIT Code) System.Runtime.CompilerServices.RuntimeHelpers:RunClassConstructor (System.RuntimeTypeHandle)
0x0000020e07798f1b (Mono JIT Code) UnityEditor.EditorAssemblies:ProcessInitializeOnLoadAttributes (System.Type[])
0x0000020e088ee5f8 (Mono JIT Code) (wrapper runtime-invoke) <Module>:runtime_invoke_void_object (object,intptr,intptr,intptr)
0x00007ff8a4fe4c1e (mono-2.0-bdwgc) mono_jit_runtime_invoke (at C:/build/output/Unity-Technologies/mono/mono/mini/mini-runtime.c:3445)
0x00007ff8a4f1d254 (mono-2.0-bdwgc) do_runtime_invoke (at C:/build/output/Unity-Technologies/mono/mono/metadata/object.c:3068)
0x00007ff8a4f1d3cc (mono-2.0-bdwgc) mono_runtime_invoke (at C:/build/output/Unity-Technologies/mono/mono/metadata/object.c:3115)
0x00007ff65e883464 (Unity) scripting_method_invoke
0x00007ff65e861154 (Unity) ScriptingInvocation::Invoke
0x00007ff65e85bca5 (Unity) ScriptingInvocation::Invoke<void>
0x00007ff65e9ad383 (Unity) Scripting::UnityEditor::EditorAssembliesProxy::ProcessInitializeOnLoadAttributes
0x00007ff65e855b28 (Unity) MonoManager::SetupLoadedEditorAssemblies
0x00007ff65e84b8a9 (Unity) MonoManager::FinalizeReload
0x00007ff65fc592da (Unity) ScriptingInitializer::FinalizeReload
0x00007ff65f7fde7b (Unity) LoadUserAssemblies
0x00007ff65fd05555 (Unity) <lambda_b37b41f03089e3cb3f55061bbc93253d>::operator()
0x00007ff65fd407b2 (Unity) asio::detail::completion_handler<core::mutable_function<void __cdecl(void)>,asio::io_context::basic_executor_type<std::allocator<void>,0> >::do_complete
0x00007ff65fd2c75e (Unity) asio::detail::win_iocp_io_context::do_one
0x00007ff65fd2e3c4 (Unity) asio::detail::win_iocp_io_context::run
0x00007ff65fd3eb5c (Unity) IOService::Run
0x00007ff65fd126bf (Unity) AssetImportWorkerClient::Run
0x00007ff65fcdd597 (Unity) RunAssetImportWorkerClientV2
0x00007ff65fcdd61b (Unity) RunAssetImporterV2
0x00007ff65f4d60e1 (Unity) Application::InitializeProject
0x00007ff65f96a715 (Unity) WinMain
0x00007ff660d4f4be (Unity) __scrt_common_main_seh
0x00007ff99d68257d (KERNEL32) BaseThreadInitThunk
0x00007ff99e48af28 (ntdll) RtlUserThreadStart

Mono: successfully reloaded assembly
- Finished resetting the current domain, in  1.012 seconds
Domain Reload Profiling: 1984ms
	BeginReloadAssembly (365ms)
		ExecutionOrderSort (0ms)
		DisableScriptedObjects (6ms)
		BackupInstance (0ms)
		ReleaseScriptingObjects (0ms)
		CreateAndSetChildDomain (33ms)
	RebuildCommonClasses (43ms)
	RebuildNativeTypeToScriptingClass (15ms)
	initialDomainReloadingComplete (62ms)
	LoadAllAssembliesAndSetupDomain (487ms)
		LoadAssemblies (735ms)
		RebuildTransferFunctionScriptingTraits (0ms)
		AnalyzeDomain (41ms)
			TypeCache.Refresh (31ms)
				TypeCache.ScanAssembly (20ms)
			ScanForSourceGeneratedMonoScriptInfo (6ms)
			ResolveRequiredComponents (3ms)
	FinalizeReload (1012ms)
		ReleaseScriptCaches (0ms)
		RebuildScriptCaches (0ms)
		SetupLoadedEditorAssemblies (687ms)
			LogAssemblyErrors (0ms)
			InitializePlatformSupportModulesInManaged (63ms)
			SetLoadedEditorAssemblies (3ms)
			RefreshPlugins (0ms)
			BeforeProcessingInitializeOnLoad (58ms)
			ProcessInitializeOnLoadAttributes (522ms)
			ProcessInitializeOnLoadMethodAttributes (23ms)
			AfterProcessingInitializeOnLoad (18ms)
			EditorAssembliesLoaded (0ms)
		ExecutionOrderSort2 (0ms)
		AwakeInstancesAfterBackupRestoration (23ms)
Refreshing native plugins compatible for Editor in 13.57 ms, found 0 plugins.
Preloading 0 native plugins for Editor in 0.00 ms.
Unloading 552 Unused Serialized files (Serialized files now loaded: 0)
Unloading 22 unused Assets / (30.6 KB). Loaded Objects now: 1059.
Memory consumption went from 68.3 MB to 68.2 MB.
Total: 2.533400 ms (FindLiveObjects: 0.088900 ms CreateObjectMapping: 0.021400 ms MarkObjects: 2.379700 ms  DeleteObjects: 0.042400 ms)

Prepare: number of updated asset objects reloaded= 0
AssetImportParameters requested are different than current active one (requested -> active):
  custom:video-encoder-webm-vp8: eb34c28f22e8b96e1ab97ce403110664 -> 
  custom:video-decoder-webm-vp8: 9c59270c3fd7afecdb556c50c9e8de78 -> 
  custom:audio-decoder-ogg-vorbis: bf7c407c2cedff20999df2af8eb42d56 -> 
  custom:video-decoder-ogg-theora: a1e56fd34408186e4bbccfd4996cb3dc -> 
  custom:audio-encoder-webm-vorbis: bf7c407c2cedff20999df2af8eb42d56 -> 
  custom:SearchIndexIgnoredProperties: e643bd26f0fe6173181afceb89e7c659 -> 
  custom:container-demuxer-ogg: 62fdf1f143b41e24485cea50d1cbac27 -> 
  custom:AudioImporter_EditorPlatform: d09bf68614088b80899f8185d706f6e7 -> 
  custom:CustomObjectIndexerAttribute: 9a22284fe3817be447336de3de66b15e -> 
  custom:framework-win-MediaFoundation: 216162199b28c13a410421893ffa2e32 -> 
  custom:container-demuxer-webm: 4f35f7cbe854078d1ac9338744f61a02 -> 
  custom:container-muxer-webm: aa71ff27fc2769a1b78a27578f13a17b -> 
  custom:video-codec-MediaFoundation-h265: 746d11721c4dcdbdad8f713fa42b33f4 -> 
========================================================================
Received Prepare
Begin MonoManager ReloadAssembly
Symbol file LoadedFromMemory is not a mono symbol file
- Loaded All Assemblies, in  0.853 seconds
Refreshing native plugins compatible for Editor in 16.24 ms, found 0 plugins.
Native extension for WindowsStandalone target not found
Native extension for iOS target not found
Native extension for Android target not found
GPGSUpgrader start
0x00007ff65e96af9d (Unity) StackWalker::GetCurrentCallstack
0x00007ff65e970069 (Unity) StackWalker::ShowCallstack
0x00007ff65f95ff31 (Unity) GetStacktrace
0x00007ff66001b63e (Unity) DebugStringToFile
0x00007ff65da39108 (Unity) DebugLogHandler_CUSTOM_Internal_Log
0x0000020e0767cfe3 (Mono JIT Code) (wrapper managed-to-native) UnityEngine.DebugLogHandler:Internal_Log (UnityEngine.LogType,UnityEngine.LogOption,string,UnityEngine.Object)
0x0000020e0767ccbb (Mono JIT Code) UnityEngine.DebugLogHandler:LogFormat (UnityEngine.LogType,UnityEngine.Object,string,object[])
0x0000020e0767ca40 (Mono JIT Code) UnityEngine.Logger:Log (UnityEngine.LogType,object)
0x0000020e0767c908 (Mono JIT Code) UnityEngine.Debug:Log (object)
0x0000020e0767c4bb (Mono JIT Code) GooglePlayGames.Editor.GPGSUpgrader:.cctor () (at C:/Users/PUS_DESK/OneDrive/Documents/Far Fly/FarFlyUnity/Far Fly/Assets/GooglePlayGames/com.google.play.games/Editor/GPGSUpgrader.cs:40)
0x0000020e0767c6d5 (Mono JIT Code) (wrapper runtime-invoke) object:runtime_invoke_void (object,intptr,intptr,intptr)
0x00007ff8a4fe4c1e (mono-2.0-bdwgc) mono_jit_runtime_invoke (at C:/build/output/Unity-Technologies/mono/mono/mini/mini-runtime.c:3445)
0x00007ff8a4f1d254 (mono-2.0-bdwgc) do_runtime_invoke (at C:/build/output/Unity-Technologies/mono/mono/metadata/object.c:3068)
0x00007ff8a4f17ff9 (mono-2.0-bdwgc) mono_runtime_class_init_full (at C:/build/output/Unity-Technologies/mono/mono/metadata/object.c:563)
0x00007ff8a4e4de07 (mono-2.0-bdwgc) ves_icall_System_Runtime_CompilerServices_RuntimeHelpers_RunClassConstructor (at C:/build/output/Unity-Technologies/mono/mono/metadata/icall.c:1292)
0x00007ff8a4e7feec (mono-2.0-bdwgc) ves_icall_System_Runtime_CompilerServices_RuntimeHelpers_RunClassConstructor_raw (at C:/build/output/Unity-Technologies/mono/mono/metadata/icall-def.h:756)
0x0000020e076090fa (Mono JIT Code) (wrapper managed-to-native) System.Runtime.CompilerServices.RuntimeHelpers:RunClassConstructor (intptr)
0x0000020e0760900b (Mono JIT Code) System.Runtime.CompilerServices.RuntimeHelpers:RunClassConstructor (System.RuntimeTypeHandle)
0x0000020e0760533b (Mono JIT Code) UnityEditor.EditorAssemblies:ProcessInitializeOnLoadAttributes (System.Type[])
0x0000020e088ee5f8 (Mono JIT Code) (wrapper runtime-invoke) <Module>:runtime_invoke_void_object (object,intptr,intptr,intptr)
0x00007ff8a4fe4c1e (mono-2.0-bdwgc) mono_jit_runtime_invoke (at C:/build/output/Unity-Technologies/mono/mono/mini/mini-runtime.c:3445)
0x00007ff8a4f1d254 (mono-2.0-bdwgc) do_runtime_invoke (at C:/build/output/Unity-Technologies/mono/mono/metadata/object.c:3068)
0x00007ff8a4f1d3cc (mono-2.0-bdwgc) mono_runtime_invoke (at C:/build/output/Unity-Technologies/mono/mono/metadata/object.c:3115)
0x00007ff65e883464 (Unity) scripting_method_invoke
0x00007ff65e861154 (Unity) ScriptingInvocation::Invoke
0x00007ff65e85bca5 (Unity) ScriptingInvocation::Invoke<void>
0x00007ff65e9ad383 (Unity) Scripting::UnityEditor::EditorAssembliesProxy::ProcessInitializeOnLoadAttributes
0x00007ff65e855b28 (Unity) MonoManager::SetupLoadedEditorAssemblies
0x00007ff65e84b8a9 (Unity) MonoManager::FinalizeReload
0x00007ff65fc592da (Unity) ScriptingInitializer::FinalizeReload
0x00007ff65f7fde7b (Unity) LoadUserAssemblies
0x00007ff65fd05555 (Unity) <lambda_b37b41f03089e3cb3f55061bbc93253d>::operator()
0x00007ff65fd407b2 (Unity) asio::detail::completion_handler<core::mutable_function<void __cdecl(void)>,asio::io_context::basic_executor_type<std::allocator<void>,0> >::do_complete
0x00007ff65fd2c75e (Unity) asio::detail::win_iocp_io_context::do_one
0x00007ff65fd2e3c4 (Unity) asio::detail::win_iocp_io_context::run
0x00007ff65fd3eb5c (Unity) IOService::Run
0x00007ff65fd126bf (Unity) AssetImportWorkerClient::Run
0x00007ff65fcdd597 (Unity) RunAssetImportWorkerClientV2
0x00007ff65fcdd61b (Unity) RunAssetImporterV2
0x00007ff65f4d60e1 (Unity) Application::InitializeProject
0x00007ff65f96a715 (Unity) WinMain
0x00007ff660d4f4be (Unity) __scrt_common_main_seh
0x00007ff99d68257d (KERNEL32) BaseThreadInitThunk
0x00007ff99e48af28 (ntdll) RtlUserThreadStart

GPGSUpgrader done
0x00007ff65e96af9d (Unity) StackWalker::GetCurrentCallstack
0x00007ff65e970069 (Unity) StackWalker::ShowCallstack
0x00007ff65f95ff31 (Unity) GetStacktrace
0x00007ff66001b63e (Unity) DebugStringToFile
0x00007ff65da39108 (Unity) DebugLogHandler_CUSTOM_Internal_Log
0x0000020e0767cfe3 (Mono JIT Code) (wrapper managed-to-native) UnityEngine.DebugLogHandler:Internal_Log (UnityEngine.LogType,UnityEngine.LogOption,string,UnityEngine.Object)
0x0000020e0767ccbb (Mono JIT Code) UnityEngine.DebugLogHandler:LogFormat (UnityEngine.LogType,UnityEngine.Object,string,object[])
0x0000020e0767ca40 (Mono JIT Code) UnityEngine.Logger:Log (UnityEngine.LogType,object)
0x0000020e0767c908 (Mono JIT Code) UnityEngine.Debug:Log (object)
0x0000020e0767c5bb (Mono JIT Code) GooglePlayGames.Editor.GPGSUpgrader:.cctor () (at C:/Users/PUS_DESK/OneDrive/Documents/Far Fly/FarFlyUnity/Far Fly/Assets/GooglePlayGames/com.google.play.games/Editor/GPGSUpgrader.cs:58)
0x0000020e0767c6d5 (Mono JIT Code) (wrapper runtime-invoke) object:runtime_invoke_void (object,intptr,intptr,intptr)
0x00007ff8a4fe4c1e (mono-2.0-bdwgc) mono_jit_runtime_invoke (at C:/build/output/Unity-Technologies/mono/mono/mini/mini-runtime.c:3445)
0x00007ff8a4f1d254 (mono-2.0-bdwgc) do_runtime_invoke (at C:/build/output/Unity-Technologies/mono/mono/metadata/object.c:3068)
0x00007ff8a4f17ff9 (mono-2.0-bdwgc) mono_runtime_class_init_full (at C:/build/output/Unity-Technologies/mono/mono/metadata/object.c:563)
0x00007ff8a4e4de07 (mono-2.0-bdwgc) ves_icall_System_Runtime_CompilerServices_RuntimeHelpers_RunClassConstructor (at C:/build/output/Unity-Technologies/mono/mono/metadata/icall.c:1292)
0x00007ff8a4e7feec (mono-2.0-bdwgc) ves_icall_System_Runtime_CompilerServices_RuntimeHelpers_RunClassConstructor_raw (at C:/build/output/Unity-Technologies/mono/mono/metadata/icall-def.h:756)
0x0000020e076090fa (Mono JIT Code) (wrapper managed-to-native) System.Runtime.CompilerServices.RuntimeHelpers:RunClassConstructor (intptr)
0x0000020e0760900b (Mono JIT Code) System.Runtime.CompilerServices.RuntimeHelpers:RunClassConstructor (System.RuntimeTypeHandle)
0x0000020e0760533b (Mono JIT Code) UnityEditor.EditorAssemblies:ProcessInitializeOnLoadAttributes (System.Type[])
0x0000020e088ee5f8 (Mono JIT Code) (wrapper runtime-invoke) <Module>:runtime_invoke_void_object (object,intptr,intptr,intptr)
0x00007ff8a4fe4c1e (mono-2.0-bdwgc) mono_jit_runtime_invoke (at C:/build/output/Unity-Technologies/mono/mono/mini/mini-runtime.c:3445)
0x00007ff8a4f1d254 (mono-2.0-bdwgc) do_runtime_invoke (at C:/build/output/Unity-Technologies/mono/mono/metadata/object.c:3068)
0x00007ff8a4f1d3cc (mono-2.0-bdwgc) mono_runtime_invoke (at C:/build/output/Unity-Technologies/mono/mono/metadata/object.c:3115)
0x00007ff65e883464 (Unity) scripting_method_invoke
0x00007ff65e861154 (Unity) ScriptingInvocation::Invoke
0x00007ff65e85bca5 (Unity) ScriptingInvocation::Invoke<void>
0x00007ff65e9ad383 (Unity) Scripting::UnityEditor::EditorAssembliesProxy::ProcessInitializeOnLoadAttributes
0x00007ff65e855b28 (Unity) MonoManager::SetupLoadedEditorAssemblies
0x00007ff65e84b8a9 (Unity) MonoManager::FinalizeReload
0x00007ff65fc592da (Unity) ScriptingInitializer::FinalizeReload
0x00007ff65f7fde7b (Unity) LoadUserAssemblies
0x00007ff65fd05555 (Unity) <lambda_b37b41f03089e3cb3f55061bbc93253d>::operator()
0x00007ff65fd407b2 (Unity) asio::detail::completion_handler<core::mutable_function<void __cdecl(void)>,asio::io_context::basic_executor_type<std::allocator<void>,0> >::do_complete
0x00007ff65fd2c75e (Unity) asio::detail::win_iocp_io_context::do_one
0x00007ff65fd2e3c4 (Unity) asio::detail::win_iocp_io_context::run
0x00007ff65fd3eb5c (Unity) IOService::Run
0x00007ff65fd126bf (Unity) AssetImportWorkerClient::Run
0x00007ff65fcdd597 (Unity) RunAssetImportWorkerClientV2
0x00007ff65fcdd61b (Unity) RunAssetImporterV2
0x00007ff65f4d60e1 (Unity) Application::InitializeProject
0x00007ff65f96a715 (Unity) WinMain
0x00007ff660d4f4be (Unity) __scrt_common_main_seh
0x00007ff99d68257d (KERNEL32) BaseThreadInitThunk
0x00007ff99e48af28 (ntdll) RtlUserThreadStart

Mono: successfully reloaded assembly
- Finished resetting the current domain, in  1.068 seconds
Domain Reload Profiling: 1912ms
	BeginReloadAssembly (269ms)
		ExecutionOrderSort (0ms)
		DisableScriptedObjects (18ms)
		BackupInstance (0ms)
		ReleaseScriptingObjects (0ms)
		CreateAndSetChildDomain (47ms)
	RebuildCommonClasses (42ms)
	RebuildNativeTypeToScriptingClass (13ms)
	initialDomainReloadingComplete (61ms)
	LoadAllAssembliesAndSetupDomain (459ms)
		LoadAssemblies (606ms)
		RebuildTransferFunctionScriptingTraits (0ms)
		AnalyzeDomain (16ms)
			TypeCache.Refresh (10ms)
				TypeCache.ScanAssembly (1ms)
			ScanForSourceGeneratedMonoScriptInfo (2ms)
			ResolveRequiredComponents (3ms)
	FinalizeReload (1069ms)
		ReleaseScriptCaches (0ms)
		RebuildScriptCaches (0ms)
		SetupLoadedEditorAssemblies (811ms)
			LogAssemblyErrors (0ms)
			InitializePlatformSupportModulesInManaged (149ms)
			SetLoadedEditorAssemblies (13ms)
			RefreshPlugins (0ms)
			BeforeProcessingInitializeOnLoad (91ms)
			ProcessInitializeOnLoadAttributes (518ms)
			ProcessInitializeOnLoadMethodAttributes (23ms)
			AfterProcessingInitializeOnLoad (16ms)
			EditorAssembliesLoaded (0ms)
		ExecutionOrderSort2 (0ms)
		AwakeInstancesAfterBackupRestoration (23ms)
Refreshing native plugins compatible for Editor in 13.65 ms, found 0 plugins.
Preloading 0 native plugins for Editor in 0.00 ms.
Unloading 552 Unused Serialized files (Serialized files now loaded: 0)
Unloading 21 unused Assets / (30.1 KB). Loaded Objects now: 1060.
Memory consumption went from 68.3 MB to 68.3 MB.
Total: 2.141600 ms (FindLiveObjects: 0.077800 ms CreateObjectMapping: 0.018100 ms MarkObjects: 2.007800 ms  DeleteObjects: 0.036800 ms)

Prepare: number of updated asset objects reloaded= 0
AssetImportParameters requested are different than current active one (requested -> active):
  custom:video-encoder-webm-vp8: eb34c28f22e8b96e1ab97ce403110664 -> 
  custom:video-decoder-webm-vp8: 9c59270c3fd7afecdb556c50c9e8de78 -> 
  custom:audio-decoder-ogg-vorbis: bf7c407c2cedff20999df2af8eb42d56 -> 
  custom:video-decoder-ogg-theora: a1e56fd34408186e4bbccfd4996cb3dc -> 
  custom:audio-encoder-webm-vorbis: bf7c407c2cedff20999df2af8eb42d56 -> 
  custom:SearchIndexIgnoredProperties: e643bd26f0fe6173181afceb89e7c659 -> 
  custom:container-demuxer-ogg: 62fdf1f143b41e24485cea50d1cbac27 -> 
  custom:AudioImporter_EditorPlatform: d09bf68614088b80899f8185d706f6e7 -> 
  custom:CustomObjectIndexerAttribute: 9a22284fe3817be447336de3de66b15e -> 
  custom:framework-win-MediaFoundation: 216162199b28c13a410421893ffa2e32 -> 
  custom:container-demuxer-webm: 4f35f7cbe854078d1ac9338744f61a02 -> 
  custom:container-muxer-webm: aa71ff27fc2769a1b78a27578f13a17b -> 
  custom:video-codec-MediaFoundation-h265: 746d11721c4dcdbdad8f713fa42b33f4 -> 
========================================================================
Received Prepare
Begin MonoManager ReloadAssembly
Symbol file LoadedFromMemory is not a mono symbol file
- Loaded All Assemblies, in  0.836 seconds
Refreshing native plugins compatible for Editor in 16.50 ms, found 0 plugins.
Native extension for WindowsStandalone target not found
Native extension for iOS target not found
Native extension for Android target not found
GPGSUpgrader start
0x00007ff65e96af9d (Unity) StackWalker::GetCurrentCallstack
0x00007ff65e970069 (Unity) StackWalker::ShowCallstack
0x00007ff65f95ff31 (Unity) GetStacktrace
0x00007ff66001b63e (Unity) DebugStringToFile
0x00007ff65da39108 (Unity) DebugLogHandler_CUSTOM_Internal_Log
0x0000020e0752d3a3 (Mono JIT Code) (wrapper managed-to-native) UnityEngine.DebugLogHandler:Internal_Log (UnityEngine.LogType,UnityEngine.LogOption,string,UnityEngine.Object)
0x0000020e0752d07b (Mono JIT Code) UnityEngine.DebugLogHandler:LogFormat (UnityEngine.LogType,UnityEngine.Object,string,object[])
0x0000020e0752ce00 (Mono JIT Code) UnityEngine.Logger:Log (UnityEngine.LogType,object)
0x0000020e0752ccc8 (Mono JIT Code) UnityEngine.Debug:Log (object)
0x0000020e0752c87b (Mono JIT Code) GooglePlayGames.Editor.GPGSUpgrader:.cctor () (at C:/Users/PUS_DESK/OneDrive/Documents/Far Fly/FarFlyUnity/Far Fly/Assets/GooglePlayGames/com.google.play.games/Editor/GPGSUpgrader.cs:40)
0x0000020e0752ca95 (Mono JIT Code) (wrapper runtime-invoke) object:runtime_invoke_void (object,intptr,intptr,intptr)
0x00007ff8a4fe4c1e (mono-2.0-bdwgc) mono_jit_runtime_invoke (at C:/build/output/Unity-Technologies/mono/mono/mini/mini-runtime.c:3445)
0x00007ff8a4f1d254 (mono-2.0-bdwgc) do_runtime_invoke (at C:/build/output/Unity-Technologies/mono/mono/metadata/object.c:3068)
0x00007ff8a4f17ff9 (mono-2.0-bdwgc) mono_runtime_class_init_full (at C:/build/output/Unity-Technologies/mono/mono/metadata/object.c:563)
0x00007ff8a4e4de07 (mono-2.0-bdwgc) ves_icall_System_Runtime_CompilerServices_RuntimeHelpers_RunClassConstructor (at C:/build/output/Unity-Technologies/mono/mono/metadata/icall.c:1292)
0x00007ff8a4e7feec (mono-2.0-bdwgc) ves_icall_System_Runtime_CompilerServices_RuntimeHelpers_RunClassConstructor_raw (at C:/build/output/Unity-Technologies/mono/mono/metadata/icall-def.h:756)
0x0000020e0760958a (Mono JIT Code) (wrapper managed-to-native) System.Runtime.CompilerServices.RuntimeHelpers:RunClassConstructor (intptr)
0x0000020e0760949b (Mono JIT Code) System.Runtime.CompilerServices.RuntimeHelpers:RunClassConstructor (System.RuntimeTypeHandle)
0x0000020e076057cb (Mono JIT Code) UnityEditor.EditorAssemblies:ProcessInitializeOnLoadAttributes (System.Type[])
0x0000020e088ee5f8 (Mono JIT Code) (wrapper runtime-invoke) <Module>:runtime_invoke_void_object (object,intptr,intptr,intptr)
0x00007ff8a4fe4c1e (mono-2.0-bdwgc) mono_jit_runtime_invoke (at C:/build/output/Unity-Technologies/mono/mono/mini/mini-runtime.c:3445)
0x00007ff8a4f1d254 (mono-2.0-bdwgc) do_runtime_invoke (at C:/build/output/Unity-Technologies/mono/mono/metadata/object.c:3068)
0x00007ff8a4f1d3cc (mono-2.0-bdwgc) mono_runtime_invoke (at C:/build/output/Unity-Technologies/mono/mono/metadata/object.c:3115)
0x00007ff65e883464 (Unity) scripting_method_invoke
0x00007ff65e861154 (Unity) ScriptingInvocation::Invoke
0x00007ff65e85bca5 (Unity) ScriptingInvocation::Invoke<void>
0x00007ff65e9ad383 (Unity) Scripting::UnityEditor::EditorAssembliesProxy::ProcessInitializeOnLoadAttributes
0x00007ff65e855b28 (Unity) MonoManager::SetupLoadedEditorAssemblies
0x00007ff65e84b8a9 (Unity) MonoManager::FinalizeReload
0x00007ff65fc592da (Unity) ScriptingInitializer::FinalizeReload
0x00007ff65f7fde7b (Unity) LoadUserAssemblies
0x00007ff65fd05555 (Unity) <lambda_b37b41f03089e3cb3f55061bbc93253d>::operator()
0x00007ff65fd407b2 (Unity) asio::detail::completion_handler<core::mutable_function<void __cdecl(void)>,asio::io_context::basic_executor_type<std::allocator<void>,0> >::do_complete
0x00007ff65fd2c75e (Unity) asio::detail::win_iocp_io_context::do_one
0x00007ff65fd2e3c4 (Unity) asio::detail::win_iocp_io_context::run
0x00007ff65fd3eb5c (Unity) IOService::Run
0x00007ff65fd126bf (Unity) AssetImportWorkerClient::Run
0x00007ff65fcdd597 (Unity) RunAssetImportWorkerClientV2
0x00007ff65fcdd61b (Unity) RunAssetImporterV2
0x00007ff65f4d60e1 (Unity) Application::InitializeProject
0x00007ff65f96a715 (Unity) WinMain
0x00007ff660d4f4be (Unity) __scrt_common_main_seh
0x00007ff99d68257d (KERNEL32) BaseThreadInitThunk
0x00007ff99e48af28 (ntdll) RtlUserThreadStart

GPGSUpgrader done
0x00007ff65e96af9d (Unity) StackWalker::GetCurrentCallstack
0x00007ff65e970069 (Unity) StackWalker::ShowCallstack
0x00007ff65f95ff31 (Unity) GetStacktrace
0x00007ff66001b63e (Unity) DebugStringToFile
0x00007ff65da39108 (Unity) DebugLogHandler_CUSTOM_Internal_Log
0x0000020e0752d3a3 (Mono JIT Code) (wrapper managed-to-native) UnityEngine.DebugLogHandler:Internal_Log (UnityEngine.LogType,UnityEngine.LogOption,string,UnityEngine.Object)
0x0000020e0752d07b (Mono JIT Code) UnityEngine.DebugLogHandler:LogFormat (UnityEngine.LogType,UnityEngine.Object,string,object[])
0x0000020e0752ce00 (Mono JIT Code) UnityEngine.Logger:Log (UnityEngine.LogType,object)
0x0000020e0752ccc8 (Mono JIT Code) UnityEngine.Debug:Log (object)
0x0000020e0752c97b (Mono JIT Code) GooglePlayGames.Editor.GPGSUpgrader:.cctor () (at C:/Users/PUS_DESK/OneDrive/Documents/Far Fly/FarFlyUnity/Far Fly/Assets/GooglePlayGames/com.google.play.games/Editor/GPGSUpgrader.cs:58)
0x0000020e0752ca95 (Mono JIT Code) (wrapper runtime-invoke) object:runtime_invoke_void (object,intptr,intptr,intptr)
0x00007ff8a4fe4c1e (mono-2.0-bdwgc) mono_jit_runtime_invoke (at C:/build/output/Unity-Technologies/mono/mono/mini/mini-runtime.c:3445)
0x00007ff8a4f1d254 (mono-2.0-bdwgc) do_runtime_invoke (at C:/build/output/Unity-Technologies/mono/mono/metadata/object.c:3068)
0x00007ff8a4f17ff9 (mono-2.0-bdwgc) mono_runtime_class_init_full (at C:/build/output/Unity-Technologies/mono/mono/metadata/object.c:563)
0x00007ff8a4e4de07 (mono-2.0-bdwgc) ves_icall_System_Runtime_CompilerServices_RuntimeHelpers_RunClassConstructor (at C:/build/output/Unity-Technologies/mono/mono/metadata/icall.c:1292)
0x00007ff8a4e7feec (mono-2.0-bdwgc) ves_icall_System_Runtime_CompilerServices_RuntimeHelpers_RunClassConstructor_raw (at C:/build/output/Unity-Technologies/mono/mono/metadata/icall-def.h:756)
0x0000020e0760958a (Mono JIT Code) (wrapper managed-to-native) System.Runtime.CompilerServices.RuntimeHelpers:RunClassConstructor (intptr)
0x0000020e0760949b (Mono JIT Code) System.Runtime.CompilerServices.RuntimeHelpers:RunClassConstructor (System.RuntimeTypeHandle)
0x0000020e076057cb (Mono JIT Code) UnityEditor.EditorAssemblies:ProcessInitializeOnLoadAttributes (System.Type[])
0x0000020e088ee5f8 (Mono JIT Code) (wrapper runtime-invoke) <Module>:runtime_invoke_void_object (object,intptr,intptr,intptr)
0x00007ff8a4fe4c1e (mono-2.0-bdwgc) mono_jit_runtime_invoke (at C:/build/output/Unity-Technologies/mono/mono/mini/mini-runtime.c:3445)
0x00007ff8a4f1d254 (mono-2.0-bdwgc) do_runtime_invoke (at C:/build/output/Unity-Technologies/mono/mono/metadata/object.c:3068)
0x00007ff8a4f1d3cc (mono-2.0-bdwgc) mono_runtime_invoke (at C:/build/output/Unity-Technologies/mono/mono/metadata/object.c:3115)
0x00007ff65e883464 (Unity) scripting_method_invoke
0x00007ff65e861154 (Unity) ScriptingInvocation::Invoke
0x00007ff65e85bca5 (Unity) ScriptingInvocation::Invoke<void>
0x00007ff65e9ad383 (Unity) Scripting::UnityEditor::EditorAssembliesProxy::ProcessInitializeOnLoadAttributes
0x00007ff65e855b28 (Unity) MonoManager::SetupLoadedEditorAssemblies
0x00007ff65e84b8a9 (Unity) MonoManager::FinalizeReload
0x00007ff65fc592da (Unity) ScriptingInitializer::FinalizeReload
0x00007ff65f7fde7b (Unity) LoadUserAssemblies
0x00007ff65fd05555 (Unity) <lambda_b37b41f03089e3cb3f55061bbc93253d>::operator()
0x00007ff65fd407b2 (Unity) asio::detail::completion_handler<core::mutable_function<void __cdecl(void)>,asio::io_context::basic_executor_type<std::allocator<void>,0> >::do_complete
0x00007ff65fd2c75e (Unity) asio::detail::win_iocp_io_context::do_one
0x00007ff65fd2e3c4 (Unity) asio::detail::win_iocp_io_context::run
0x00007ff65fd3eb5c (Unity) IOService::Run
0x00007ff65fd126bf (Unity) AssetImportWorkerClient::Run
0x00007ff65fcdd597 (Unity) RunAssetImportWorkerClientV2
0x00007ff65fcdd61b (Unity) RunAssetImporterV2
0x00007ff65f4d60e1 (Unity) Application::InitializeProject
0x00007ff65f96a715 (Unity) WinMain
0x00007ff660d4f4be (Unity) __scrt_common_main_seh
0x00007ff99d68257d (KERNEL32) BaseThreadInitThunk
0x00007ff99e48af28 (ntdll) RtlUserThreadStart

Mono: successfully reloaded assembly
- Finished resetting the current domain, in  1.987 seconds
Domain Reload Profiling: 2819ms
	BeginReloadAssembly (292ms)
		ExecutionOrderSort (0ms)
		DisableScriptedObjects (6ms)
		BackupInstance (0ms)
		ReleaseScriptingObjects (0ms)
		CreateAndSetChildDomain (31ms)
	RebuildCommonClasses (53ms)
	RebuildNativeTypeToScriptingClass (15ms)
	initialDomainReloadingComplete (50ms)
	LoadAllAssembliesAndSetupDomain (420ms)
		LoadAssemblies (602ms)
		RebuildTransferFunctionScriptingTraits (0ms)
		AnalyzeDomain (34ms)
			TypeCache.Refresh (17ms)
				TypeCache.ScanAssembly (1ms)
			ScanForSourceGeneratedMonoScriptInfo (4ms)
			ResolveRequiredComponents (8ms)
	FinalizeReload (1988ms)
		ReleaseScriptCaches (0ms)
		RebuildScriptCaches (0ms)
		SetupLoadedEditorAssemblies (1411ms)
			LogAssemblyErrors (0ms)
			InitializePlatformSupportModulesInManaged (60ms)
			SetLoadedEditorAssemblies (3ms)
			RefreshPlugins (0ms)
			BeforeProcessingInitializeOnLoad (69ms)
			ProcessInitializeOnLoadAttributes (1211ms)
			ProcessInitializeOnLoadMethodAttributes (32ms)
			AfterProcessingInitializeOnLoad (36ms)
			EditorAssembliesLoaded (0ms)
		ExecutionOrderSort2 (0ms)
		AwakeInstancesAfterBackupRestoration (62ms)
Refreshing native plugins compatible for Editor in 13.28 ms, found 0 plugins.
Preloading 0 native plugins for Editor in 0.00 ms.
Unloading 552 Unused Serialized files (Serialized files now loaded: 0)
Unloading 21 unused Assets / (30.0 KB). Loaded Objects now: 1061.
Memory consumption went from 68.3 MB to 68.3 MB.
Total: 2.495500 ms (FindLiveObjects: 0.084800 ms CreateObjectMapping: 0.022000 ms MarkObjects: 2.346400 ms  DeleteObjects: 0.041200 ms)

Prepare: number of updated asset objects reloaded= 0
AssetImportParameters requested are different than current active one (requested -> active):
  custom:video-encoder-webm-vp8: eb34c28f22e8b96e1ab97ce403110664 -> 
  custom:video-decoder-webm-vp8: 9c59270c3fd7afecdb556c50c9e8de78 -> 
  custom:audio-decoder-ogg-vorbis: bf7c407c2cedff20999df2af8eb42d56 -> 
  custom:video-decoder-ogg-theora: a1e56fd34408186e4bbccfd4996cb3dc -> 
  custom:audio-encoder-webm-vorbis: bf7c407c2cedff20999df2af8eb42d56 -> 
  custom:SearchIndexIgnoredProperties: e643bd26f0fe6173181afceb89e7c659 -> 
  custom:container-demuxer-ogg: 62fdf1f143b41e24485cea50d1cbac27 -> 
  custom:AudioImporter_EditorPlatform: d09bf68614088b80899f8185d706f6e7 -> 
  custom:CustomObjectIndexerAttribute: 9a22284fe3817be447336de3de66b15e -> 
  custom:framework-win-MediaFoundation: 216162199b28c13a410421893ffa2e32 -> 
  custom:container-demuxer-webm: 4f35f7cbe854078d1ac9338744f61a02 -> 
  custom:container-muxer-webm: aa71ff27fc2769a1b78a27578f13a17b -> 
  custom:video-codec-MediaFoundation-h265: 746d11721c4dcdbdad8f713fa42b33f4 -> 
========================================================================
Received Prepare
Begin MonoManager ReloadAssembly
Symbol file LoadedFromMemory is not a mono symbol file
- Loaded All Assemblies, in  0.639 seconds
Refreshing native plugins compatible for Editor in 16.11 ms, found 0 plugins.
Native extension for WindowsStandalone target not found
Native extension for iOS target not found
Native extension for Android target not found
GPGSUpgrader start
0x00007ff65e96af9d (Unity) StackWalker::GetCurrentCallstack
0x00007ff65e970069 (Unity) StackWalker::ShowCallstack
0x00007ff65f95ff31 (Unity) GetStacktrace
0x00007ff66001b63e (Unity) DebugStringToFile
0x00007ff65da39108 (Unity) DebugLogHandler_CUSTOM_Internal_Log
0x0000020e0759d3a3 (Mono JIT Code) (wrapper managed-to-native) UnityEngine.DebugLogHandler:Internal_Log (UnityEngine.LogType,UnityEngine.LogOption,string,UnityEngine.Object)
0x0000020e0759d07b (Mono JIT Code) UnityEngine.DebugLogHandler:LogFormat (UnityEngine.LogType,UnityEngine.Object,string,object[])
0x0000020e0759ce00 (Mono JIT Code) UnityEngine.Logger:Log (UnityEngine.LogType,object)
0x0000020e0759ccc8 (Mono JIT Code) UnityEngine.Debug:Log (object)
0x0000020e0759c87b (Mono JIT Code) GooglePlayGames.Editor.GPGSUpgrader:.cctor () (at C:/Users/PUS_DESK/OneDrive/Documents/Far Fly/FarFlyUnity/Far Fly/Assets/GooglePlayGames/com.google.play.games/Editor/GPGSUpgrader.cs:40)
0x0000020e0759ca95 (Mono JIT Code) (wrapper runtime-invoke) object:runtime_invoke_void (object,intptr,intptr,intptr)
0x00007ff8a4fe4c1e (mono-2.0-bdwgc) mono_jit_runtime_invoke (at C:/build/output/Unity-Technologies/mono/mono/mini/mini-runtime.c:3445)
0x00007ff8a4f1d254 (mono-2.0-bdwgc) do_runtime_invoke (at C:/build/output/Unity-Technologies/mono/mono/metadata/object.c:3068)
0x00007ff8a4f17ff9 (mono-2.0-bdwgc) mono_runtime_class_init_full (at C:/build/output/Unity-Technologies/mono/mono/metadata/object.c:563)
0x00007ff8a4e4de07 (mono-2.0-bdwgc) ves_icall_System_Runtime_CompilerServices_RuntimeHelpers_RunClassConstructor (at C:/build/output/Unity-Technologies/mono/mono/metadata/icall.c:1292)
0x00007ff8a4e7feec (mono-2.0-bdwgc) ves_icall_System_Runtime_CompilerServices_RuntimeHelpers_RunClassConstructor_raw (at C:/build/output/Unity-Technologies/mono/mono/metadata/icall-def.h:756)
0x0000020e0762958a (Mono JIT Code) (wrapper managed-to-native) System.Runtime.CompilerServices.RuntimeHelpers:RunClassConstructor (intptr)
0x0000020e0762949b (Mono JIT Code) System.Runtime.CompilerServices.RuntimeHelpers:RunClassConstructor (System.RuntimeTypeHandle)
0x0000020e076257cb (Mono JIT Code) UnityEditor.EditorAssemblies:ProcessInitializeOnLoadAttributes (System.Type[])
0x0000020e088ee5f8 (Mono JIT Code) (wrapper runtime-invoke) <Module>:runtime_invoke_void_object (object,intptr,intptr,intptr)
0x00007ff8a4fe4c1e (mono-2.0-bdwgc) mono_jit_runtime_invoke (at C:/build/output/Unity-Technologies/mono/mono/mini/mini-runtime.c:3445)
0x00007ff8a4f1d254 (mono-2.0-bdwgc) do_runtime_invoke (at C:/build/output/Unity-Technologies/mono/mono/metadata/object.c:3068)
0x00007ff8a4f1d3cc (mono-2.0-bdwgc) mono_runtime_invoke (at C:/build/output/Unity-Technologies/mono/mono/metadata/object.c:3115)
0x00007ff65e883464 (Unity) scripting_method_invoke
0x00007ff65e861154 (Unity) ScriptingInvocation::Invoke
0x00007ff65e85bca5 (Unity) ScriptingInvocation::Invoke<void>
0x00007ff65e9ad383 (Unity) Scripting::UnityEditor::EditorAssembliesProxy::ProcessInitializeOnLoadAttributes
0x00007ff65e855b28 (Unity) MonoManager::SetupLoadedEditorAssemblies
0x00007ff65e84b8a9 (Unity) MonoManager::FinalizeReload
0x00007ff65fc592da (Unity) ScriptingInitializer::FinalizeReload
0x00007ff65f7fde7b (Unity) LoadUserAssemblies
0x00007ff65fd05555 (Unity) <lambda_b37b41f03089e3cb3f55061bbc93253d>::operator()
0x00007ff65fd407b2 (Unity) asio::detail::completion_handler<core::mutable_function<void __cdecl(void)>,asio::io_context::basic_executor_type<std::allocator<void>,0> >::do_complete
0x00007ff65fd2c75e (Unity) asio::detail::win_iocp_io_context::do_one
0x00007ff65fd2e3c4 (Unity) asio::detail::win_iocp_io_context::run
0x00007ff65fd3eb5c (Unity) IOService::Run
0x00007ff65fd126bf (Unity) AssetImportWorkerClient::Run
0x00007ff65fcdd597 (Unity) RunAssetImportWorkerClientV2
0x00007ff65fcdd61b (Unity) RunAssetImporterV2
0x00007ff65f4d60e1 (Unity) Application::InitializeProject
0x00007ff65f96a715 (Unity) WinMain
0x00007ff660d4f4be (Unity) __scrt_common_main_seh
0x00007ff99d68257d (KERNEL32) BaseThreadInitThunk
0x00007ff99e48af28 (ntdll) RtlUserThreadStart

GPGSUpgrader done
0x00007ff65e96af9d (Unity) StackWalker::GetCurrentCallstack
0x00007ff65e970069 (Unity) StackWalker::ShowCallstack
0x00007ff65f95ff31 (Unity) GetStacktrace
0x00007ff66001b63e (Unity) DebugStringToFile
0x00007ff65da39108 (Unity) DebugLogHandler_CUSTOM_Internal_Log
0x0000020e0759d3a3 (Mono JIT Code) (wrapper managed-to-native) UnityEngine.DebugLogHandler:Internal_Log (UnityEngine.LogType,UnityEngine.LogOption,string,UnityEngine.Object)
0x0000020e0759d07b (Mono JIT Code) UnityEngine.DebugLogHandler:LogFormat (UnityEngine.LogType,UnityEngine.Object,string,object[])
0x0000020e0759ce00 (Mono JIT Code) UnityEngine.Logger:Log (UnityEngine.LogType,object)
0x0000020e0759ccc8 (Mono JIT Code) UnityEngine.Debug:Log (object)
0x0000020e0759c97b (Mono JIT Code) GooglePlayGames.Editor.GPGSUpgrader:.cctor () (at C:/Users/PUS_DESK/OneDrive/Documents/Far Fly/FarFlyUnity/Far Fly/Assets/GooglePlayGames/com.google.play.games/Editor/GPGSUpgrader.cs:58)
0x0000020e0759ca95 (Mono JIT Code) (wrapper runtime-invoke) object:runtime_invoke_void (object,intptr,intptr,intptr)
0x00007ff8a4fe4c1e (mono-2.0-bdwgc) mono_jit_runtime_invoke (at C:/build/output/Unity-Technologies/mono/mono/mini/mini-runtime.c:3445)
0x00007ff8a4f1d254 (mono-2.0-bdwgc) do_runtime_invoke (at C:/build/output/Unity-Technologies/mono/mono/metadata/object.c:3068)
0x00007ff8a4f17ff9 (mono-2.0-bdwgc) mono_runtime_class_init_full (at C:/build/output/Unity-Technologies/mono/mono/metadata/object.c:563)
0x00007ff8a4e4de07 (mono-2.0-bdwgc) ves_icall_System_Runtime_CompilerServices_RuntimeHelpers_RunClassConstructor (at C:/build/output/Unity-Technologies/mono/mono/metadata/icall.c:1292)
0x00007ff8a4e7feec (mono-2.0-bdwgc) ves_icall_System_Runtime_CompilerServices_RuntimeHelpers_RunClassConstructor_raw (at C:/build/output/Unity-Technologies/mono/mono/metadata/icall-def.h:756)
0x0000020e0762958a (Mono JIT Code) (wrapper managed-to-native) System.Runtime.CompilerServices.RuntimeHelpers:RunClassConstructor (intptr)
0x0000020e0762949b (Mono JIT Code) System.Runtime.CompilerServices.RuntimeHelpers:RunClassConstructor (System.RuntimeTypeHandle)
0x0000020e076257cb (Mono JIT Code) UnityEditor.EditorAssemblies:ProcessInitializeOnLoadAttributes (System.Type[])
0x0000020e088ee5f8 (Mono JIT Code) (wrapper runtime-invoke) <Module>:runtime_invoke_void_object (object,intptr,intptr,intptr)
0x00007ff8a4fe4c1e (mono-2.0-bdwgc) mono_jit_runtime_invoke (at C:/build/output/Unity-Technologies/mono/mono/mini/mini-runtime.c:3445)
0x00007ff8a4f1d254 (mono-2.0-bdwgc) do_runtime_invoke (at C:/build/output/Unity-Technologies/mono/mono/metadata/object.c:3068)
0x00007ff8a4f1d3cc (mono-2.0-bdwgc) mono_runtime_invoke (at C:/build/output/Unity-Technologies/mono/mono/metadata/object.c:3115)
0x00007ff65e883464 (Unity) scripting_method_invoke
0x00007ff65e861154 (Unity) ScriptingInvocation::Invoke
0x00007ff65e85bca5 (Unity) ScriptingInvocation::Invoke<void>
0x00007ff65e9ad383 (Unity) Scripting::UnityEditor::EditorAssembliesProxy::ProcessInitializeOnLoadAttributes
0x00007ff65e855b28 (Unity) MonoManager::SetupLoadedEditorAssemblies
0x00007ff65e84b8a9 (Unity) MonoManager::FinalizeReload
0x00007ff65fc592da (Unity) ScriptingInitializer::FinalizeReload
0x00007ff65f7fde7b (Unity) LoadUserAssemblies
0x00007ff65fd05555 (Unity) <lambda_b37b41f03089e3cb3f55061bbc93253d>::operator()
0x00007ff65fd407b2 (Unity) asio::detail::completion_handler<core::mutable_function<void __cdecl(void)>,asio::io_context::basic_executor_type<std::allocator<void>,0> >::do_complete
0x00007ff65fd2c75e (Unity) asio::detail::win_iocp_io_context::do_one
0x00007ff65fd2e3c4 (Unity) asio::detail::win_iocp_io_context::run
0x00007ff65fd3eb5c (Unity) IOService::Run
0x00007ff65fd126bf (Unity) AssetImportWorkerClient::Run
0x00007ff65fcdd597 (Unity) RunAssetImportWorkerClientV2
0x00007ff65fcdd61b (Unity) RunAssetImporterV2
0x00007ff65f4d60e1 (Unity) Application::InitializeProject
0x00007ff65f96a715 (Unity) WinMain
0x00007ff660d4f4be (Unity) __scrt_common_main_seh
0x00007ff99d68257d (KERNEL32) BaseThreadInitThunk
0x00007ff99e48af28 (ntdll) RtlUserThreadStart

Mono: successfully reloaded assembly
- Finished resetting the current domain, in  0.982 seconds
Domain Reload Profiling: 1612ms
	BeginReloadAssembly (232ms)
		ExecutionOrderSort (0ms)
		DisableScriptedObjects (7ms)
		BackupInstance (0ms)
		ReleaseScriptingObjects (0ms)
		CreateAndSetChildDomain (31ms)
	RebuildCommonClasses (43ms)
	RebuildNativeTypeToScriptingClass (13ms)
	initialDomainReloadingComplete (48ms)
	LoadAllAssembliesAndSetupDomain (293ms)
		LoadAssemblies (431ms)
		RebuildTransferFunctionScriptingTraits (0ms)
		AnalyzeDomain (19ms)
			TypeCache.Refresh (13ms)
				TypeCache.ScanAssembly (1ms)
			ScanForSourceGeneratedMonoScriptInfo (3ms)
			ResolveRequiredComponents (3ms)
	FinalizeReload (982ms)
		ReleaseScriptCaches (0ms)
		RebuildScriptCaches (0ms)
		SetupLoadedEditorAssemblies (702ms)
			LogAssemblyErrors (0ms)
			InitializePlatformSupportModulesInManaged (69ms)
			SetLoadedEditorAssemblies (5ms)
			RefreshPlugins (0ms)
			BeforeProcessingInitializeOnLoad (78ms)
			ProcessInitializeOnLoadAttributes (509ms)
			ProcessInitializeOnLoadMethodAttributes (24ms)
			AfterProcessingInitializeOnLoad (18ms)
			EditorAssembliesLoaded (0ms)
		ExecutionOrderSort2 (0ms)
		AwakeInstancesAfterBackupRestoration (29ms)
Refreshing native plugins compatible for Editor in 24.81 ms, found 0 plugins.
Preloading 0 native plugins for Editor in 0.00 ms.
Unloading 552 Unused Serialized files (Serialized files now loaded: 0)
Unloading 21 unused Assets / (30.0 KB). Loaded Objects now: 1062.
Memory consumption went from 68.4 MB to 68.3 MB.
Total: 3.447400 ms (FindLiveObjects: 0.096500 ms CreateObjectMapping: 0.024500 ms MarkObjects: 3.285300 ms  DeleteObjects: 0.039700 ms)

Prepare: number of updated asset objects reloaded= 0
AssetImportParameters requested are different than current active one (requested -> active):
  custom:video-encoder-webm-vp8: eb34c28f22e8b96e1ab97ce403110664 -> 
  custom:video-decoder-webm-vp8: 9c59270c3fd7afecdb556c50c9e8de78 -> 
  custom:audio-decoder-ogg-vorbis: bf7c407c2cedff20999df2af8eb42d56 -> 
  custom:video-decoder-ogg-theora: a1e56fd34408186e4bbccfd4996cb3dc -> 
  custom:audio-encoder-webm-vorbis: bf7c407c2cedff20999df2af8eb42d56 -> 
  custom:SearchIndexIgnoredProperties: e643bd26f0fe6173181afceb89e7c659 -> 
  custom:container-demuxer-ogg: 62fdf1f143b41e24485cea50d1cbac27 -> 
  custom:AudioImporter_EditorPlatform: d09bf68614088b80899f8185d706f6e7 -> 
  custom:CustomObjectIndexerAttribute: 9a22284fe3817be447336de3de66b15e -> 
  custom:framework-win-MediaFoundation: 216162199b28c13a410421893ffa2e32 -> 
  custom:container-demuxer-webm: 4f35f7cbe854078d1ac9338744f61a02 -> 
  custom:container-muxer-webm: aa71ff27fc2769a1b78a27578f13a17b -> 
  custom:video-codec-MediaFoundation-h265: 746d11721c4dcdbdad8f713fa42b33f4 -> 
========================================================================
Received Import Request.
  Time since last request: 162055.705753 seconds.
  path: Assets/Manager/PlayFab/PlayFabDataSync.cs
  artifactKey: Guid(3393c7863a5e40f4a8e2f0cacfeddd2b) Importer(815301076,1909f56bfc062723c751e8b465ee728b)
Start importing Assets/Manager/PlayFab/PlayFabDataSync.cs using Guid(3393c7863a5e40f4a8e2f0cacfeddd2b) Importer(815301076,1909f56bfc062723c751e8b465ee728b) [PhysX] Initialized MultithreadedTaskDispatcher with 6 workers.
 -> (artifact id: '746ec2565ff003b5dace1125f1d9a77f') in 0.180221 seconds
Number of updated asset objects reloaded before import = 0
Number of asset objects unloaded after import = 0
========================================================================
Received Prepare
Begin MonoManager ReloadAssembly
Symbol file LoadedFromMemory is not a mono symbol file
- Loaded All Assemblies, in  0.693 seconds
Refreshing native plugins compatible for Editor in 14.93 ms, found 0 plugins.
Native extension for WindowsStandalone target not found
Native extension for iOS target not found
Native extension for Android target not found
GPGSUpgrader start
0x00007ff65e96af9d (Unity) StackWalker::GetCurrentCallstack
0x00007ff65e970069 (Unity) StackWalker::ShowCallstack
0x00007ff65f95ff31 (Unity) GetStacktrace
0x00007ff66001b63e (Unity) DebugStringToFile
0x00007ff65da39108 (Unity) DebugLogHandler_CUSTOM_Internal_Log
0x0000020e0750c7d3 (Mono JIT Code) (wrapper managed-to-native) UnityEngine.DebugLogHandler:Internal_Log (UnityEngine.LogType,UnityEngine.LogOption,string,UnityEngine.Object)
0x0000020e0750c4ab (Mono JIT Code) UnityEngine.DebugLogHandler:LogFormat (UnityEngine.LogType,UnityEngine.Object,string,object[])
0x0000020e0750c230 (Mono JIT Code) UnityEngine.Logger:Log (UnityEngine.LogType,object)
0x0000020e0750c0f8 (Mono JIT Code) UnityEngine.Debug:Log (object)
0x0000020e0750bcab (Mono JIT Code) GooglePlayGames.Editor.GPGSUpgrader:.cctor () (at C:/Users/PUS_DESK/OneDrive/Documents/Far Fly/FarFlyUnity/Far Fly/Assets/GooglePlayGames/com.google.play.games/Editor/GPGSUpgrader.cs:40)
0x0000020e0750bec5 (Mono JIT Code) (wrapper runtime-invoke) object:runtime_invoke_void (object,intptr,intptr,intptr)
0x00007ff8a4fe4c1e (mono-2.0-bdwgc) mono_jit_runtime_invoke (at C:/build/output/Unity-Technologies/mono/mono/mini/mini-runtime.c:3445)
0x00007ff8a4f1d254 (mono-2.0-bdwgc) do_runtime_invoke (at C:/build/output/Unity-Technologies/mono/mono/metadata/object.c:3068)
0x00007ff8a4f17ff9 (mono-2.0-bdwgc) mono_runtime_class_init_full (at C:/build/output/Unity-Technologies/mono/mono/metadata/object.c:563)
0x00007ff8a4e4de07 (mono-2.0-bdwgc) ves_icall_System_Runtime_CompilerServices_RuntimeHelpers_RunClassConstructor (at C:/build/output/Unity-Technologies/mono/mono/metadata/icall.c:1292)
0x00007ff8a4e7feec (mono-2.0-bdwgc) ves_icall_System_Runtime_CompilerServices_RuntimeHelpers_RunClassConstructor_raw (at C:/build/output/Unity-Technologies/mono/mono/metadata/icall-def.h:756)
0x0000020e075d8a1a (Mono JIT Code) (wrapper managed-to-native) System.Runtime.CompilerServices.RuntimeHelpers:RunClassConstructor (intptr)
0x0000020e075d892b (Mono JIT Code) System.Runtime.CompilerServices.RuntimeHelpers:RunClassConstructor (System.RuntimeTypeHandle)
0x0000020e075d4c5b (Mono JIT Code) UnityEditor.EditorAssemblies:ProcessInitializeOnLoadAttributes (System.Type[])
0x0000020e088ee5f8 (Mono JIT Code) (wrapper runtime-invoke) <Module>:runtime_invoke_void_object (object,intptr,intptr,intptr)
0x00007ff8a4fe4c1e (mono-2.0-bdwgc) mono_jit_runtime_invoke (at C:/build/output/Unity-Technologies/mono/mono/mini/mini-runtime.c:3445)
0x00007ff8a4f1d254 (mono-2.0-bdwgc) do_runtime_invoke (at C:/build/output/Unity-Technologies/mono/mono/metadata/object.c:3068)
0x00007ff8a4f1d3cc (mono-2.0-bdwgc) mono_runtime_invoke (at C:/build/output/Unity-Technologies/mono/mono/metadata/object.c:3115)
0x00007ff65e883464 (Unity) scripting_method_invoke
0x00007ff65e861154 (Unity) ScriptingInvocation::Invoke
0x00007ff65e85bca5 (Unity) ScriptingInvocation::Invoke<void>
0x00007ff65e9ad383 (Unity) Scripting::UnityEditor::EditorAssembliesProxy::ProcessInitializeOnLoadAttributes
0x00007ff65e855b28 (Unity) MonoManager::SetupLoadedEditorAssemblies
0x00007ff65e84b8a9 (Unity) MonoManager::FinalizeReload
0x00007ff65fc592da (Unity) ScriptingInitializer::FinalizeReload
0x00007ff65f7fde7b (Unity) LoadUserAssemblies
0x00007ff65fd05555 (Unity) <lambda_b37b41f03089e3cb3f55061bbc93253d>::operator()
0x00007ff65fd407b2 (Unity) asio::detail::completion_handler<core::mutable_function<void __cdecl(void)>,asio::io_context::basic_executor_type<std::allocator<void>,0> >::do_complete
0x00007ff65fd2c75e (Unity) asio::detail::win_iocp_io_context::do_one
0x00007ff65fd2e3c4 (Unity) asio::detail::win_iocp_io_context::run
0x00007ff65fd3eb5c (Unity) IOService::Run
0x00007ff65fd126bf (Unity) AssetImportWorkerClient::Run
0x00007ff65fcdd597 (Unity) RunAssetImportWorkerClientV2
0x00007ff65fcdd61b (Unity) RunAssetImporterV2
0x00007ff65f4d60e1 (Unity) Application::InitializeProject
0x00007ff65f96a715 (Unity) WinMain
0x00007ff660d4f4be (Unity) __scrt_common_main_seh
0x00007ff99d68257d (KERNEL32) BaseThreadInitThunk
0x00007ff99e48af28 (ntdll) RtlUserThreadStart

GPGSUpgrader done
0x00007ff65e96af9d (Unity) StackWalker::GetCurrentCallstack
0x00007ff65e970069 (Unity) StackWalker::ShowCallstack
0x00007ff65f95ff31 (Unity) GetStacktrace
0x00007ff66001b63e (Unity) DebugStringToFile
0x00007ff65da39108 (Unity) DebugLogHandler_CUSTOM_Internal_Log
0x0000020e0750c7d3 (Mono JIT Code) (wrapper managed-to-native) UnityEngine.DebugLogHandler:Internal_Log (UnityEngine.LogType,UnityEngine.LogOption,string,UnityEngine.Object)
0x0000020e0750c4ab (Mono JIT Code) UnityEngine.DebugLogHandler:LogFormat (UnityEngine.LogType,UnityEngine.Object,string,object[])
0x0000020e0750c230 (Mono JIT Code) UnityEngine.Logger:Log (UnityEngine.LogType,object)
0x0000020e0750c0f8 (Mono JIT Code) UnityEngine.Debug:Log (object)
0x0000020e0750bdab (Mono JIT Code) GooglePlayGames.Editor.GPGSUpgrader:.cctor () (at C:/Users/PUS_DESK/OneDrive/Documents/Far Fly/FarFlyUnity/Far Fly/Assets/GooglePlayGames/com.google.play.games/Editor/GPGSUpgrader.cs:58)
0x0000020e0750bec5 (Mono JIT Code) (wrapper runtime-invoke) object:runtime_invoke_void (object,intptr,intptr,intptr)
0x00007ff8a4fe4c1e (mono-2.0-bdwgc) mono_jit_runtime_invoke (at C:/build/output/Unity-Technologies/mono/mono/mini/mini-runtime.c:3445)
0x00007ff8a4f1d254 (mono-2.0-bdwgc) do_runtime_invoke (at C:/build/output/Unity-Technologies/mono/mono/metadata/object.c:3068)
0x00007ff8a4f17ff9 (mono-2.0-bdwgc) mono_runtime_class_init_full (at C:/build/output/Unity-Technologies/mono/mono/metadata/object.c:563)
0x00007ff8a4e4de07 (mono-2.0-bdwgc) ves_icall_System_Runtime_CompilerServices_RuntimeHelpers_RunClassConstructor (at C:/build/output/Unity-Technologies/mono/mono/metadata/icall.c:1292)
0x00007ff8a4e7feec (mono-2.0-bdwgc) ves_icall_System_Runtime_CompilerServices_RuntimeHelpers_RunClassConstructor_raw (at C:/build/output/Unity-Technologies/mono/mono/metadata/icall-def.h:756)
0x0000020e075d8a1a (Mono JIT Code) (wrapper managed-to-native) System.Runtime.CompilerServices.RuntimeHelpers:RunClassConstructor (intptr)
0x0000020e075d892b (Mono JIT Code) System.Runtime.CompilerServices.RuntimeHelpers:RunClassConstructor (System.RuntimeTypeHandle)
0x0000020e075d4c5b (Mono JIT Code) UnityEditor.EditorAssemblies:ProcessInitializeOnLoadAttributes (System.Type[])
0x0000020e088ee5f8 (Mono JIT Code) (wrapper runtime-invoke) <Module>:runtime_invoke_void_object (object,intptr,intptr,intptr)
0x00007ff8a4fe4c1e (mono-2.0-bdwgc) mono_jit_runtime_invoke (at C:/build/output/Unity-Technologies/mono/mono/mini/mini-runtime.c:3445)
0x00007ff8a4f1d254 (mono-2.0-bdwgc) do_runtime_invoke (at C:/build/output/Unity-Technologies/mono/mono/metadata/object.c:3068)
0x00007ff8a4f1d3cc (mono-2.0-bdwgc) mono_runtime_invoke (at C:/build/output/Unity-Technologies/mono/mono/metadata/object.c:3115)
0x00007ff65e883464 (Unity) scripting_method_invoke
0x00007ff65e861154 (Unity) ScriptingInvocation::Invoke
0x00007ff65e85bca5 (Unity) ScriptingInvocation::Invoke<void>
0x00007ff65e9ad383 (Unity) Scripting::UnityEditor::EditorAssembliesProxy::ProcessInitializeOnLoadAttributes
0x00007ff65e855b28 (Unity) MonoManager::SetupLoadedEditorAssemblies
0x00007ff65e84b8a9 (Unity) MonoManager::FinalizeReload
0x00007ff65fc592da (Unity) ScriptingInitializer::FinalizeReload
0x00007ff65f7fde7b (Unity) LoadUserAssemblies
0x00007ff65fd05555 (Unity) <lambda_b37b41f03089e3cb3f55061bbc93253d>::operator()
0x00007ff65fd407b2 (Unity) asio::detail::completion_handler<core::mutable_function<void __cdecl(void)>,asio::io_context::basic_executor_type<std::allocator<void>,0> >::do_complete
0x00007ff65fd2c75e (Unity) asio::detail::win_iocp_io_context::do_one
0x00007ff65fd2e3c4 (Unity) asio::detail::win_iocp_io_context::run
0x00007ff65fd3eb5c (Unity) IOService::Run
0x00007ff65fd126bf (Unity) AssetImportWorkerClient::Run
0x00007ff65fcdd597 (Unity) RunAssetImportWorkerClientV2
0x00007ff65fcdd61b (Unity) RunAssetImporterV2
0x00007ff65f4d60e1 (Unity) Application::InitializeProject
0x00007ff65f96a715 (Unity) WinMain
0x00007ff660d4f4be (Unity) __scrt_common_main_seh
0x00007ff99d68257d (KERNEL32) BaseThreadInitThunk
0x00007ff99e48af28 (ntdll) RtlUserThreadStart

Mono: successfully reloaded assembly
- Finished resetting the current domain, in  1.331 seconds
Domain Reload Profiling: 2016ms
	BeginReloadAssembly (270ms)
		ExecutionOrderSort (0ms)
		DisableScriptedObjects (9ms)
		BackupInstance (0ms)
		ReleaseScriptingObjects (0ms)
		CreateAndSetChildDomain (35ms)
	RebuildCommonClasses (45ms)
	RebuildNativeTypeToScriptingClass (13ms)
	initialDomainReloadingComplete (53ms)
	LoadAllAssembliesAndSetupDomain (303ms)
		LoadAssemblies (476ms)
		RebuildTransferFunctionScriptingTraits (0ms)
		AnalyzeDomain (10ms)
			TypeCache.Refresh (6ms)
				TypeCache.ScanAssembly (0ms)
			ScanForSourceGeneratedMonoScriptInfo (0ms)
			ResolveRequiredComponents (3ms)
	FinalizeReload (1332ms)
		ReleaseScriptCaches (0ms)
		RebuildScriptCaches (0ms)
		SetupLoadedEditorAssemblies (994ms)
			LogAssemblyErrors (0ms)
			InitializePlatformSupportModulesInManaged (77ms)
			SetLoadedEditorAssemblies (3ms)
			RefreshPlugins (0ms)
			BeforeProcessingInitializeOnLoad (71ms)
			ProcessInitializeOnLoadAttributes (788ms)
			ProcessInitializeOnLoadMethodAttributes (29ms)
			AfterProcessingInitializeOnLoad (25ms)
			EditorAssembliesLoaded (0ms)
		ExecutionOrderSort2 (0ms)
		AwakeInstancesAfterBackupRestoration (29ms)
Refreshing native plugins compatible for Editor in 28.04 ms, found 0 plugins.
Preloading 0 native plugins for Editor in 0.00 ms.
Unloading 551 Unused Serialized files (Serialized files now loaded: 0)
Unloading 21 unused Assets / (30.1 KB). Loaded Objects now: 1063.
Memory consumption went from 68.1 MB to 68.1 MB.
Total: 3.173700 ms (FindLiveObjects: 0.083300 ms CreateObjectMapping: 0.020200 ms MarkObjects: 3.030100 ms  DeleteObjects: 0.038600 ms)

Prepare: number of updated asset objects reloaded= 0
AssetImportParameters requested are different than current active one (requested -> active):
  custom:video-encoder-webm-vp8: eb34c28f22e8b96e1ab97ce403110664 -> 
  custom:video-decoder-webm-vp8: 9c59270c3fd7afecdb556c50c9e8de78 -> 
  custom:audio-decoder-ogg-vorbis: bf7c407c2cedff20999df2af8eb42d56 -> 
  custom:video-decoder-ogg-theora: a1e56fd34408186e4bbccfd4996cb3dc -> 
  custom:audio-encoder-webm-vorbis: bf7c407c2cedff20999df2af8eb42d56 -> 
  custom:SearchIndexIgnoredProperties: e643bd26f0fe6173181afceb89e7c659 -> 
  custom:container-demuxer-ogg: 62fdf1f143b41e24485cea50d1cbac27 -> 
  custom:AudioImporter_EditorPlatform: d09bf68614088b80899f8185d706f6e7 -> 
  custom:CustomObjectIndexerAttribute: 9a22284fe3817be447336de3de66b15e -> 
  custom:framework-win-MediaFoundation: 216162199b28c13a410421893ffa2e32 -> 
  custom:container-demuxer-webm: 4f35f7cbe854078d1ac9338744f61a02 -> 
  custom:container-muxer-webm: aa71ff27fc2769a1b78a27578f13a17b -> 
  custom:video-codec-MediaFoundation-h265: 746d11721c4dcdbdad8f713fa42b33f4 -> 
========================================================================
Received Prepare
Begin MonoManager ReloadAssembly
Symbol file LoadedFromMemory is not a mono symbol file
- Loaded All Assemblies, in  0.737 seconds
Refreshing native plugins compatible for Editor in 14.38 ms, found 0 plugins.
Native extension for WindowsStandalone target not found
Native extension for iOS target not found
Native extension for Android target not found
GPGSUpgrader start
0x00007ff65e96af9d (Unity) StackWalker::GetCurrentCallstack
0x00007ff65e970069 (Unity) StackWalker::ShowCallstack
0x00007ff65f95ff31 (Unity) GetStacktrace
0x00007ff66001b63e (Unity) DebugStringToFile
0x00007ff65da39108 (Unity) DebugLogHandler_CUSTOM_Internal_Log
0x0000020e0753d3a3 (Mono JIT Code) (wrapper managed-to-native) UnityEngine.DebugLogHandler:Internal_Log (UnityEngine.LogType,UnityEngine.LogOption,string,UnityEngine.Object)
0x0000020e0753d07b (Mono JIT Code) UnityEngine.DebugLogHandler:LogFormat (UnityEngine.LogType,UnityEngine.Object,string,object[])
0x0000020e0753ce00 (Mono JIT Code) UnityEngine.Logger:Log (UnityEngine.LogType,object)
0x0000020e0753ccc8 (Mono JIT Code) UnityEngine.Debug:Log (object)
0x0000020e0753c87b (Mono JIT Code) GooglePlayGames.Editor.GPGSUpgrader:.cctor () (at C:/Users/PUS_DESK/OneDrive/Documents/Far Fly/FarFlyUnity/Far Fly/Assets/GooglePlayGames/com.google.play.games/Editor/GPGSUpgrader.cs:40)
0x0000020e0753ca95 (Mono JIT Code) (wrapper runtime-invoke) object:runtime_invoke_void (object,intptr,intptr,intptr)
0x00007ff8a4fe4c1e (mono-2.0-bdwgc) mono_jit_runtime_invoke (at C:/build/output/Unity-Technologies/mono/mono/mini/mini-runtime.c:3445)
0x00007ff8a4f1d254 (mono-2.0-bdwgc) do_runtime_invoke (at C:/build/output/Unity-Technologies/mono/mono/metadata/object.c:3068)
0x00007ff8a4f17ff9 (mono-2.0-bdwgc) mono_runtime_class_init_full (at C:/build/output/Unity-Technologies/mono/mono/metadata/object.c:563)
0x00007ff8a4e4de07 (mono-2.0-bdwgc) ves_icall_System_Runtime_CompilerServices_RuntimeHelpers_RunClassConstructor (at C:/build/output/Unity-Technologies/mono/mono/metadata/icall.c:1292)
0x00007ff8a4e7feec (mono-2.0-bdwgc) ves_icall_System_Runtime_CompilerServices_RuntimeHelpers_RunClassConstructor_raw (at C:/build/output/Unity-Technologies/mono/mono/metadata/icall-def.h:756)
0x0000020e074d958a (Mono JIT Code) (wrapper managed-to-native) System.Runtime.CompilerServices.RuntimeHelpers:RunClassConstructor (intptr)
0x0000020e074d949b (Mono JIT Code) System.Runtime.CompilerServices.RuntimeHelpers:RunClassConstructor (System.RuntimeTypeHandle)
0x0000020e074d57cb (Mono JIT Code) UnityEditor.EditorAssemblies:ProcessInitializeOnLoadAttributes (System.Type[])
0x0000020e088ee5f8 (Mono JIT Code) (wrapper runtime-invoke) <Module>:runtime_invoke_void_object (object,intptr,intptr,intptr)
0x00007ff8a4fe4c1e (mono-2.0-bdwgc) mono_jit_runtime_invoke (at C:/build/output/Unity-Technologies/mono/mono/mini/mini-runtime.c:3445)
0x00007ff8a4f1d254 (mono-2.0-bdwgc) do_runtime_invoke (at C:/build/output/Unity-Technologies/mono/mono/metadata/object.c:3068)
0x00007ff8a4f1d3cc (mono-2.0-bdwgc) mono_runtime_invoke (at C:/build/output/Unity-Technologies/mono/mono/metadata/object.c:3115)
0x00007ff65e883464 (Unity) scripting_method_invoke
0x00007ff65e861154 (Unity) ScriptingInvocation::Invoke
0x00007ff65e85bca5 (Unity) ScriptingInvocation::Invoke<void>
0x00007ff65e9ad383 (Unity) Scripting::UnityEditor::EditorAssembliesProxy::ProcessInitializeOnLoadAttributes
0x00007ff65e855b28 (Unity) MonoManager::SetupLoadedEditorAssemblies
0x00007ff65e84b8a9 (Unity) MonoManager::FinalizeReload
0x00007ff65fc592da (Unity) ScriptingInitializer::FinalizeReload
0x00007ff65f7fde7b (Unity) LoadUserAssemblies
0x00007ff65fd05555 (Unity) <lambda_b37b41f03089e3cb3f55061bbc93253d>::operator()
0x00007ff65fd407b2 (Unity) asio::detail::completion_handler<core::mutable_function<void __cdecl(void)>,asio::io_context::basic_executor_type<std::allocator<void>,0> >::do_complete
0x00007ff65fd2c75e (Unity) asio::detail::win_iocp_io_context::do_one
0x00007ff65fd2e3c4 (Unity) asio::detail::win_iocp_io_context::run
0x00007ff65fd3eb5c (Unity) IOService::Run
0x00007ff65fd126bf (Unity) AssetImportWorkerClient::Run
0x00007ff65fcdd597 (Unity) RunAssetImportWorkerClientV2
0x00007ff65fcdd61b (Unity) RunAssetImporterV2
0x00007ff65f4d60e1 (Unity) Application::InitializeProject
0x00007ff65f96a715 (Unity) WinMain
0x00007ff660d4f4be (Unity) __scrt_common_main_seh
0x00007ff99d68257d (KERNEL32) BaseThreadInitThunk
0x00007ff99e48af28 (ntdll) RtlUserThreadStart

GPGSUpgrader done
0x00007ff65e96af9d (Unity) StackWalker::GetCurrentCallstack
0x00007ff65e970069 (Unity) StackWalker::ShowCallstack
0x00007ff65f95ff31 (Unity) GetStacktrace
0x00007ff66001b63e (Unity) DebugStringToFile
0x00007ff65da39108 (Unity) DebugLogHandler_CUSTOM_Internal_Log
0x0000020e0753d3a3 (Mono JIT Code) (wrapper managed-to-native) UnityEngine.DebugLogHandler:Internal_Log (UnityEngine.LogType,UnityEngine.LogOption,string,UnityEngine.Object)
0x0000020e0753d07b (Mono JIT Code) UnityEngine.DebugLogHandler:LogFormat (UnityEngine.LogType,UnityEngine.Object,string,object[])
0x0000020e0753ce00 (Mono JIT Code) UnityEngine.Logger:Log (UnityEngine.LogType,object)
0x0000020e0753ccc8 (Mono JIT Code) UnityEngine.Debug:Log (object)
0x0000020e0753c97b (Mono JIT Code) GooglePlayGames.Editor.GPGSUpgrader:.cctor () (at C:/Users/PUS_DESK/OneDrive/Documents/Far Fly/FarFlyUnity/Far Fly/Assets/GooglePlayGames/com.google.play.games/Editor/GPGSUpgrader.cs:58)
0x0000020e0753ca95 (Mono JIT Code) (wrapper runtime-invoke) object:runtime_invoke_void (object,intptr,intptr,intptr)
0x00007ff8a4fe4c1e (mono-2.0-bdwgc) mono_jit_runtime_invoke (at C:/build/output/Unity-Technologies/mono/mono/mini/mini-runtime.c:3445)
0x00007ff8a4f1d254 (mono-2.0-bdwgc) do_runtime_invoke (at C:/build/output/Unity-Technologies/mono/mono/metadata/object.c:3068)
0x00007ff8a4f17ff9 (mono-2.0-bdwgc) mono_runtime_class_init_full (at C:/build/output/Unity-Technologies/mono/mono/metadata/object.c:563)
0x00007ff8a4e4de07 (mono-2.0-bdwgc) ves_icall_System_Runtime_CompilerServices_RuntimeHelpers_RunClassConstructor (at C:/build/output/Unity-Technologies/mono/mono/metadata/icall.c:1292)
0x00007ff8a4e7feec (mono-2.0-bdwgc) ves_icall_System_Runtime_CompilerServices_RuntimeHelpers_RunClassConstructor_raw (at C:/build/output/Unity-Technologies/mono/mono/metadata/icall-def.h:756)
0x0000020e074d958a (Mono JIT Code) (wrapper managed-to-native) System.Runtime.CompilerServices.RuntimeHelpers:RunClassConstructor (intptr)
0x0000020e074d949b (Mono JIT Code) System.Runtime.CompilerServices.RuntimeHelpers:RunClassConstructor (System.RuntimeTypeHandle)
0x0000020e074d57cb (Mono JIT Code) UnityEditor.EditorAssemblies:ProcessInitializeOnLoadAttributes (System.Type[])
0x0000020e088ee5f8 (Mono JIT Code) (wrapper runtime-invoke) <Module>:runtime_invoke_void_object (object,intptr,intptr,intptr)
0x00007ff8a4fe4c1e (mono-2.0-bdwgc) mono_jit_runtime_invoke (at C:/build/output/Unity-Technologies/mono/mono/mini/mini-runtime.c:3445)
0x00007ff8a4f1d254 (mono-2.0-bdwgc) do_runtime_invoke (at C:/build/output/Unity-Technologies/mono/mono/metadata/object.c:3068)
0x00007ff8a4f1d3cc (mono-2.0-bdwgc) mono_runtime_invoke (at C:/build/output/Unity-Technologies/mono/mono/metadata/object.c:3115)
0x00007ff65e883464 (Unity) scripting_method_invoke
0x00007ff65e861154 (Unity) ScriptingInvocation::Invoke
0x00007ff65e85bca5 (Unity) ScriptingInvocation::Invoke<void>
0x00007ff65e9ad383 (Unity) Scripting::UnityEditor::EditorAssembliesProxy::ProcessInitializeOnLoadAttributes
0x00007ff65e855b28 (Unity) MonoManager::SetupLoadedEditorAssemblies
0x00007ff65e84b8a9 (Unity) MonoManager::FinalizeReload
0x00007ff65fc592da (Unity) ScriptingInitializer::FinalizeReload
0x00007ff65f7fde7b (Unity) LoadUserAssemblies
0x00007ff65fd05555 (Unity) <lambda_b37b41f03089e3cb3f55061bbc93253d>::operator()
0x00007ff65fd407b2 (Unity) asio::detail::completion_handler<core::mutable_function<void __cdecl(void)>,asio::io_context::basic_executor_type<std::allocator<void>,0> >::do_complete
0x00007ff65fd2c75e (Unity) asio::detail::win_iocp_io_context::do_one
0x00007ff65fd2e3c4 (Unity) asio::detail::win_iocp_io_context::run
0x00007ff65fd3eb5c (Unity) IOService::Run
0x00007ff65fd126bf (Unity) AssetImportWorkerClient::Run
0x00007ff65fcdd597 (Unity) RunAssetImportWorkerClientV2
0x00007ff65fcdd61b (Unity) RunAssetImporterV2
0x00007ff65f4d60e1 (Unity) Application::InitializeProject
0x00007ff65f96a715 (Unity) WinMain
0x00007ff660d4f4be (Unity) __scrt_common_main_seh
0x00007ff99d68257d (KERNEL32) BaseThreadInitThunk
0x00007ff99e48af28 (ntdll) RtlUserThreadStart

Mono: successfully reloaded assembly
- Finished resetting the current domain, in  1.090 seconds
Domain Reload Profiling: 1819ms
	BeginReloadAssembly (329ms)
		ExecutionOrderSort (0ms)
		DisableScriptedObjects (6ms)
		BackupInstance (0ms)
		ReleaseScriptingObjects (0ms)
		CreateAndSetChildDomain (35ms)
	RebuildCommonClasses (43ms)
	RebuildNativeTypeToScriptingClass (14ms)
	initialDomainReloadingComplete (52ms)
	LoadAllAssembliesAndSetupDomain (290ms)
		LoadAssemblies (518ms)
		RebuildTransferFunctionScriptingTraits (0ms)
		AnalyzeDomain (17ms)
			TypeCache.Refresh (10ms)
				TypeCache.ScanAssembly (1ms)
			ScanForSourceGeneratedMonoScriptInfo (3ms)
			ResolveRequiredComponents (3ms)
	FinalizeReload (1091ms)
		ReleaseScriptCaches (0ms)
		RebuildScriptCaches (0ms)
		SetupLoadedEditorAssemblies (798ms)
			LogAssemblyErrors (0ms)
			InitializePlatformSupportModulesInManaged (64ms)
			SetLoadedEditorAssemblies (4ms)
			RefreshPlugins (0ms)
			BeforeProcessingInitializeOnLoad (70ms)
			ProcessInitializeOnLoadAttributes (610ms)
			ProcessInitializeOnLoadMethodAttributes (31ms)
			AfterProcessingInitializeOnLoad (20ms)
			EditorAssembliesLoaded (0ms)
		ExecutionOrderSort2 (0ms)
		AwakeInstancesAfterBackupRestoration (28ms)
Refreshing native plugins compatible for Editor in 19.12 ms, found 0 plugins.
Preloading 0 native plugins for Editor in 0.00 ms.
Unloading 552 Unused Serialized files (Serialized files now loaded: 0)
Unloading 21 unused Assets / (30.1 KB). Loaded Objects now: 1064.
Memory consumption went from 68.4 MB to 68.4 MB.
Total: 3.856800 ms (FindLiveObjects: 0.083900 ms CreateObjectMapping: 0.044400 ms MarkObjects: 3.687100 ms  DeleteObjects: 0.040500 ms)

Prepare: number of updated asset objects reloaded= 0
AssetImportParameters requested are different than current active one (requested -> active):
  custom:video-encoder-webm-vp8: eb34c28f22e8b96e1ab97ce403110664 -> 
  custom:video-decoder-webm-vp8: 9c59270c3fd7afecdb556c50c9e8de78 -> 
  custom:audio-decoder-ogg-vorbis: bf7c407c2cedff20999df2af8eb42d56 -> 
  custom:video-decoder-ogg-theora: a1e56fd34408186e4bbccfd4996cb3dc -> 
  custom:audio-encoder-webm-vorbis: bf7c407c2cedff20999df2af8eb42d56 -> 
  custom:SearchIndexIgnoredProperties: e643bd26f0fe6173181afceb89e7c659 -> 
  custom:container-demuxer-ogg: 62fdf1f143b41e24485cea50d1cbac27 -> 
  custom:AudioImporter_EditorPlatform: d09bf68614088b80899f8185d706f6e7 -> 
  custom:CustomObjectIndexerAttribute: 9a22284fe3817be447336de3de66b15e -> 
  custom:framework-win-MediaFoundation: 216162199b28c13a410421893ffa2e32 -> 
  custom:container-demuxer-webm: 4f35f7cbe854078d1ac9338744f61a02 -> 
  custom:container-muxer-webm: aa71ff27fc2769a1b78a27578f13a17b -> 
  custom:video-codec-MediaFoundation-h265: 746d11721c4dcdbdad8f713fa42b33f4 -> 
