Using pre-set license
Built from '2022.3/staging' branch; Version is '2022.3.34f1 (4886f5360533) revision 4753141'; Using compiler version '192829333'; Build Type 'Release'
OS: 'Windows 11  (10.0.22631) 64bit Education' Language: 'ko' Physical Memory: 16320 MB
BatchMode: 1, IsHumanControllingUs: 0, StartBugReporterOnCrash: 0, Is64bit: 1, IsPro: 1

COMMAND LINE ARGUMENTS:
C:\Program Files\Unity\Hub\Editor\2022.3.34f1\Editor\Unity.exe
-adb2
-batchMode
-noUpm
-name
AssetImportWorker1
-projectPath
C:/Users/PUS_DESK/OneDrive/Documents/Far Fly/FarFlyUnity/Far Fly
-logFile
Logs/AssetImportWorker1.log
-srvPort
6882
Successfully changed project path to: C:/Users/PUS_DESK/OneDrive/Documents/Far Fly/FarFlyUnity/Far Fly
C:/Users/PUS_DESK/OneDrive/Documents/Far Fly/FarFlyUnity/Far Fly
[UnityMemory] Configuration Parameters - Can be set up in boot.config
    "memorysetup-bucket-allocator-granularity=16"
    "memorysetup-bucket-allocator-bucket-count=8"
    "memorysetup-bucket-allocator-block-size=33554432"
    "memorysetup-bucket-allocator-block-count=8"
    "memorysetup-main-allocator-block-size=16777216"
    "memorysetup-thread-allocator-block-size=16777216"
    "memorysetup-gfx-main-allocator-block-size=16777216"
    "memorysetup-gfx-thread-allocator-block-size=16777216"
    "memorysetup-cache-allocator-block-size=4194304"
    "memorysetup-typetree-allocator-block-size=2097152"
    "memorysetup-profiler-bucket-allocator-granularity=16"
    "memorysetup-profiler-bucket-allocator-bucket-count=8"
    "memorysetup-profiler-bucket-allocator-block-size=33554432"
    "memorysetup-profiler-bucket-allocator-block-count=8"
    "memorysetup-profiler-allocator-block-size=16777216"
    "memorysetup-profiler-editor-allocator-block-size=1048576"
    "memorysetup-temp-allocator-size-main=16777216"
    "memorysetup-job-temp-allocator-block-size=2097152"
    "memorysetup-job-temp-allocator-block-size-background=1048576"
    "memorysetup-job-temp-allocator-reduction-small-platforms=262144"
    "memorysetup-allocator-temp-initial-block-size-main=262144"
    "memorysetup-allocator-temp-initial-block-size-worker=262144"
    "memorysetup-temp-allocator-size-background-worker=32768"
    "memorysetup-temp-allocator-size-job-worker=262144"
    "memorysetup-temp-allocator-size-preload-manager=33554432"
    "memorysetup-temp-allocator-size-nav-mesh-worker=65536"
    "memorysetup-temp-allocator-size-audio-worker=65536"
    "memorysetup-temp-allocator-size-cloud-worker=32768"
    "memorysetup-temp-allocator-size-gi-baking-worker=262144"
    "memorysetup-temp-allocator-size-gfx=262144"
Player connection [26596] Host "[IP] 192.168.55.159 [Port] 0 [Flags] 2 [Guid] 3391605529 [EditorId] 3391605529 [Version] 1048832 [Id] WindowsEditor(7,PUS-DESK) [Debug] 1 [PackageName] WindowsEditor [ProjectName] Editor" joined multi-casting on [225.0.0.222:54997]...

Player connection [26596] Host "[IP] 192.168.55.159 [Port] 0 [Flags] 2 [Guid] 3391605529 [EditorId] 3391605529 [Version] 1048832 [Id] WindowsEditor(7,PUS-DESK) [Debug] 1 [PackageName] WindowsEditor [ProjectName] Editor" joined alternative multi-casting on [225.0.0.222:34997]...

[PhysX] Initialized MultithreadedTaskDispatcher with 6 workers.
Refreshing native plugins compatible for Editor in 67.86 ms, found 3 plugins.
Preloading 0 native plugins for Editor in 0.00 ms.
Initialize engine version: 2022.3.34f1 (4886f5360533)
[Subsystems] Discovering subsystems at path C:/Program Files/Unity/Hub/Editor/2022.3.34f1/Editor/Data/Resources/UnitySubsystems
[Subsystems] Discovering subsystems at path C:/Users/PUS_DESK/OneDrive/Documents/Far Fly/FarFlyUnity/Far Fly/Assets
GfxDevice: creating device client; threaded=0; jobified=0
Direct3D:
    Version:  Direct3D 11.0 [level 11.1]
    Renderer: NVIDIA GeForce GTX 1070 (ID=0x1b81)
    Vendor:   NVIDIA
    VRAM:     8067 MB
    Driver:   31.0.15.5152
Initialize mono
Mono path[0] = 'C:/Program Files/Unity/Hub/Editor/2022.3.34f1/Editor/Data/Managed'
Mono path[1] = 'C:/Program Files/Unity/Hub/Editor/2022.3.34f1/Editor/Data/MonoBleedingEdge/lib/mono/unityjit-win32'
Mono config path = 'C:/Program Files/Unity/Hub/Editor/2022.3.34f1/Editor/Data/MonoBleedingEdge/etc'
Using monoOptions --debugger-agent=transport=dt_socket,embedding=1,server=y,suspend=n,address=127.0.0.1:56096
Begin MonoManager ReloadAssembly
Registering precompiled unity dll's ...
Register platform support module: C:/Program Files/Unity/Hub/Editor/2022.3.34f1/Editor/Data/PlaybackEngines/AndroidPlayer/UnityEditor.Android.Extensions.dll
Register platform support module: C:/Program Files/Unity/Hub/Editor/2022.3.34f1/Editor/Data/PlaybackEngines/iOSSupport/UnityEditor.iOS.Extensions.dll
Register platform support module: C:/Program Files/Unity/Hub/Editor/2022.3.34f1/Editor/Data/PlaybackEngines/WindowsStandaloneSupport/UnityEditor.WindowsStandalone.Extensions.dll
Registered in 0.030700 seconds.
- Loaded All Assemblies, in  0.951 seconds
Native extension for WindowsStandalone target not found
[usbmuxd] Start listen thread
[usbmuxd] Listen thread started
Native extension for iOS target not found
Native extension for Android target not found
Android Extension - Scanning For ADB Devices 758 ms
Mono: successfully reloaded assembly
- Finished resetting the current domain, in  1.222 seconds
Domain Reload Profiling: 2165ms
	BeginReloadAssembly (364ms)
		ExecutionOrderSort (0ms)
		DisableScriptedObjects (0ms)
		BackupInstance (0ms)
		ReleaseScriptingObjects (0ms)
		CreateAndSetChildDomain (1ms)
	RebuildCommonClasses (55ms)
	RebuildNativeTypeToScriptingClass (13ms)
	initialDomainReloadingComplete (124ms)
	LoadAllAssembliesAndSetupDomain (385ms)
		LoadAssemblies (358ms)
		RebuildTransferFunctionScriptingTraits (0ms)
		AnalyzeDomain (380ms)
			TypeCache.Refresh (378ms)
				TypeCache.ScanAssembly (356ms)
			ScanForSourceGeneratedMonoScriptInfo (0ms)
			ResolveRequiredComponents (0ms)
	FinalizeReload (1223ms)
		ReleaseScriptCaches (0ms)
		RebuildScriptCaches (0ms)
		SetupLoadedEditorAssemblies (1146ms)
			LogAssemblyErrors (0ms)
			InitializePlatformSupportModulesInManaged (930ms)
			SetLoadedEditorAssemblies (5ms)
			RefreshPlugins (0ms)
			BeforeProcessingInitializeOnLoad (3ms)
			ProcessInitializeOnLoadAttributes (139ms)
			ProcessInitializeOnLoadMethodAttributes (69ms)
			AfterProcessingInitializeOnLoad (0ms)
			EditorAssembliesLoaded (0ms)
		ExecutionOrderSort2 (0ms)
		AwakeInstancesAfterBackupRestoration (0ms)
========================================================================
Worker process is ready to serve import requests
Begin MonoManager ReloadAssembly
- Loaded All Assemblies, in  0.794 seconds
Refreshing native plugins compatible for Editor in 63.44 ms, found 3 plugins.
Native extension for WindowsStandalone target not found
Native extension for iOS target not found
Native extension for Android target not found
Mono: successfully reloaded assembly
- Finished resetting the current domain, in  0.728 seconds
Domain Reload Profiling: 1515ms
	BeginReloadAssembly (223ms)
		ExecutionOrderSort (0ms)
		DisableScriptedObjects (7ms)
		BackupInstance (0ms)
		ReleaseScriptingObjects (0ms)
		CreateAndSetChildDomain (25ms)
	RebuildCommonClasses (57ms)
	RebuildNativeTypeToScriptingClass (15ms)
	initialDomainReloadingComplete (66ms)
	LoadAllAssembliesAndSetupDomain (426ms)
		LoadAssemblies (494ms)
		RebuildTransferFunctionScriptingTraits (0ms)
		AnalyzeDomain (81ms)
			TypeCache.Refresh (65ms)
				TypeCache.ScanAssembly (34ms)
			ScanForSourceGeneratedMonoScriptInfo (4ms)
			ResolveRequiredComponents (11ms)
	FinalizeReload (729ms)
		ReleaseScriptCaches (0ms)
		RebuildScriptCaches (0ms)
		SetupLoadedEditorAssemblies (504ms)
			LogAssemblyErrors (0ms)
			InitializePlatformSupportModulesInManaged (69ms)
			SetLoadedEditorAssemblies (3ms)
			RefreshPlugins (0ms)
			BeforeProcessingInitializeOnLoad (57ms)
			ProcessInitializeOnLoadAttributes (335ms)
			ProcessInitializeOnLoadMethodAttributes (21ms)
			AfterProcessingInitializeOnLoad (18ms)
			EditorAssembliesLoaded (0ms)
		ExecutionOrderSort2 (0ms)
		AwakeInstancesAfterBackupRestoration (19ms)
Launched and connected shader compiler UnityShaderCompiler.exe after 0.10 seconds
Refreshing native plugins compatible for Editor in 16.04 ms, found 3 plugins.
Preloading 0 native plugins for Editor in 0.00 ms.
Unloading 469 Unused Serialized files (Serialized files now loaded: 0)
Unloading 107 unused Assets / (95.0 KB). Loaded Objects now: 863.
Memory consumption went from 71.4 MB to 71.3 MB.
Total: 2.811900 ms (FindLiveObjects: 0.079800 ms CreateObjectMapping: 0.018500 ms MarkObjects: 2.556100 ms  DeleteObjects: 0.156200 ms)

AssetImportParameters requested are different than current active one (requested -> active):
  custom:video-encoder-webm-vp8: eb34c28f22e8b96e1ab97ce403110664 -> 
  custom:video-decoder-webm-vp8: 9c59270c3fd7afecdb556c50c9e8de78 -> 
  custom:audio-decoder-ogg-vorbis: bf7c407c2cedff20999df2af8eb42d56 -> 
  custom:video-decoder-ogg-theora: a1e56fd34408186e4bbccfd4996cb3dc -> 
  custom:audio-encoder-webm-vorbis: bf7c407c2cedff20999df2af8eb42d56 -> 
  custom:container-demuxer-webm: 4f35f7cbe854078d1ac9338744f61a02 -> 
  custom:SearchIndexIgnoredProperties: e643bd26f0fe6173181afceb89e7c659 -> 
  custom:container-muxer-webm: aa71ff27fc2769a1b78a27578f13a17b -> 
  custom:video-codec-MediaFoundation-h265: 746d11721c4dcdbdad8f713fa42b33f4 -> 
  custom:container-demuxer-ogg: 62fdf1f143b41e24485cea50d1cbac27 -> 
  custom:AudioImporter_EditorPlatform: d09bf68614088b80899f8185d706f6e7 -> 
  custom:CustomObjectIndexerAttribute: 9a22284fe3817be447336de3de66b15e -> 
  custom:framework-win-MediaFoundation: 216162199b28c13a410421893ffa2e32 -> 
========================================================================
Received Prepare
Refreshing native plugins compatible for Editor in 22.09 ms, found 3 plugins.
Preloading 0 native plugins for Editor in 0.00 ms.
Unloading 1 Unused Serialized files (Serialized files now loaded: 0)
Unloading 1 unused Assets / (3.1 KB). Loaded Objects now: 863.
Memory consumption went from 58.1 MB to 58.1 MB.
Total: 3.637900 ms (FindLiveObjects: 0.075900 ms CreateObjectMapping: 0.012800 ms MarkObjects: 3.531100 ms  DeleteObjects: 0.017200 ms)

Prepare: number of updated asset objects reloaded= 0
AssetImportParameters requested are different than current active one (requested -> active):
  custom:video-encoder-webm-vp8: eb34c28f22e8b96e1ab97ce403110664 -> 
  custom:video-decoder-webm-vp8: 9c59270c3fd7afecdb556c50c9e8de78 -> 
  custom:audio-decoder-ogg-vorbis: bf7c407c2cedff20999df2af8eb42d56 -> 
  custom:video-decoder-ogg-theora: a1e56fd34408186e4bbccfd4996cb3dc -> 
  custom:audio-encoder-webm-vorbis: bf7c407c2cedff20999df2af8eb42d56 -> 
  custom:container-demuxer-webm: 4f35f7cbe854078d1ac9338744f61a02 -> 
  custom:SearchIndexIgnoredProperties: e643bd26f0fe6173181afceb89e7c659 -> 
  custom:container-muxer-webm: aa71ff27fc2769a1b78a27578f13a17b -> 
  custom:video-codec-MediaFoundation-h265: 746d11721c4dcdbdad8f713fa42b33f4 -> 
  custom:container-demuxer-ogg: 62fdf1f143b41e24485cea50d1cbac27 -> 
  custom:AudioImporter_EditorPlatform: d09bf68614088b80899f8185d706f6e7 -> 
  custom:CustomObjectIndexerAttribute: 9a22284fe3817be447336de3de66b15e -> 
  custom:framework-win-MediaFoundation: 216162199b28c13a410421893ffa2e32 -> 
========================================================================
Received Prepare
Begin MonoManager ReloadAssembly
- Loaded All Assemblies, in  3.441 seconds
Refreshing native plugins compatible for Editor in 19.21 ms, found 3 plugins.
Native extension for WindowsStandalone target not found
Native extension for iOS target not found
Native extension for Android target not found
Mono: successfully reloaded assembly
- Finished resetting the current domain, in  1.326 seconds
Domain Reload Profiling: 4759ms
	BeginReloadAssembly (252ms)
		ExecutionOrderSort (0ms)
		DisableScriptedObjects (9ms)
		BackupInstance (0ms)
		ReleaseScriptingObjects (0ms)
		CreateAndSetChildDomain (26ms)
	RebuildCommonClasses (46ms)
	RebuildNativeTypeToScriptingClass (15ms)
	initialDomainReloadingComplete (66ms)
	LoadAllAssembliesAndSetupDomain (3053ms)
		LoadAssemblies (3213ms)
		RebuildTransferFunctionScriptingTraits (0ms)
		AnalyzeDomain (11ms)
			TypeCache.Refresh (7ms)
				TypeCache.ScanAssembly (0ms)
			ScanForSourceGeneratedMonoScriptInfo (0ms)
			ResolveRequiredComponents (3ms)
	FinalizeReload (1327ms)
		ReleaseScriptCaches (0ms)
		RebuildScriptCaches (0ms)
		SetupLoadedEditorAssemblies (537ms)
			LogAssemblyErrors (0ms)
			InitializePlatformSupportModulesInManaged (65ms)
			SetLoadedEditorAssemblies (3ms)
			RefreshPlugins (0ms)
			BeforeProcessingInitializeOnLoad (57ms)
			ProcessInitializeOnLoadAttributes (366ms)
			ProcessInitializeOnLoadMethodAttributes (26ms)
			AfterProcessingInitializeOnLoad (19ms)
			EditorAssembliesLoaded (0ms)
		ExecutionOrderSort2 (0ms)
		AwakeInstancesAfterBackupRestoration (20ms)
Refreshing native plugins compatible for Editor in 20.45 ms, found 3 plugins.
Preloading 0 native plugins for Editor in 0.00 ms.
Unloading 449 Unused Serialized files (Serialized files now loaded: 0)
Unloading 105 unused Assets / (68.8 KB). Loaded Objects now: 863.
Memory consumption went from 66.3 MB to 66.2 MB.
Total: 2.909700 ms (FindLiveObjects: 0.080800 ms CreateObjectMapping: 0.017400 ms MarkObjects: 2.703000 ms  DeleteObjects: 0.107700 ms)

Prepare: number of updated asset objects reloaded= 0
AssetImportParameters requested are different than current active one (requested -> active):
  custom:video-encoder-webm-vp8: eb34c28f22e8b96e1ab97ce403110664 -> 
  custom:video-decoder-webm-vp8: 9c59270c3fd7afecdb556c50c9e8de78 -> 
  custom:audio-decoder-ogg-vorbis: bf7c407c2cedff20999df2af8eb42d56 -> 
  custom:video-decoder-ogg-theora: a1e56fd34408186e4bbccfd4996cb3dc -> 
  custom:audio-encoder-webm-vorbis: bf7c407c2cedff20999df2af8eb42d56 -> 
  custom:container-demuxer-webm: 4f35f7cbe854078d1ac9338744f61a02 -> 
  custom:SearchIndexIgnoredProperties: e643bd26f0fe6173181afceb89e7c659 -> 
  custom:container-muxer-webm: aa71ff27fc2769a1b78a27578f13a17b -> 
  custom:video-codec-MediaFoundation-h265: 746d11721c4dcdbdad8f713fa42b33f4 -> 
  custom:container-demuxer-ogg: 62fdf1f143b41e24485cea50d1cbac27 -> 
  custom:AudioImporter_EditorPlatform: d09bf68614088b80899f8185d706f6e7 -> 
  custom:CustomObjectIndexerAttribute: 9a22284fe3817be447336de3de66b15e -> 
  custom:framework-win-MediaFoundation: 216162199b28c13a410421893ffa2e32 -> 
========================================================================
Received Prepare
Begin MonoManager ReloadAssembly
- Loaded All Assemblies, in  0.679 seconds
Refreshing native plugins compatible for Editor in 21.14 ms, found 3 plugins.
Native extension for WindowsStandalone target not found
Native extension for iOS target not found
Native extension for Android target not found
Mono: successfully reloaded assembly
- Finished resetting the current domain, in  0.882 seconds
Domain Reload Profiling: 1553ms
	BeginReloadAssembly (275ms)
		ExecutionOrderSort (0ms)
		DisableScriptedObjects (8ms)
		BackupInstance (0ms)
		ReleaseScriptingObjects (0ms)
		CreateAndSetChildDomain (29ms)
	RebuildCommonClasses (47ms)
	RebuildNativeTypeToScriptingClass (14ms)
	initialDomainReloadingComplete (50ms)
	LoadAllAssembliesAndSetupDomain (285ms)
		LoadAssemblies (476ms)
		RebuildTransferFunctionScriptingTraits (0ms)
		AnalyzeDomain (9ms)
			TypeCache.Refresh (5ms)
				TypeCache.ScanAssembly (0ms)
			ScanForSourceGeneratedMonoScriptInfo (0ms)
			ResolveRequiredComponents (3ms)
	FinalizeReload (882ms)
		ReleaseScriptCaches (0ms)
		RebuildScriptCaches (0ms)
		SetupLoadedEditorAssemblies (622ms)
			LogAssemblyErrors (0ms)
			InitializePlatformSupportModulesInManaged (62ms)
			SetLoadedEditorAssemblies (3ms)
			RefreshPlugins (0ms)
			BeforeProcessingInitializeOnLoad (86ms)
			ProcessInitializeOnLoadAttributes (412ms)
			ProcessInitializeOnLoadMethodAttributes (34ms)
			AfterProcessingInitializeOnLoad (25ms)
			EditorAssembliesLoaded (0ms)
		ExecutionOrderSort2 (0ms)
		AwakeInstancesAfterBackupRestoration (32ms)
Refreshing native plugins compatible for Editor in 39.53 ms, found 3 plugins.
Preloading 0 native plugins for Editor in 0.00 ms.
Unloading 449 Unused Serialized files (Serialized files now loaded: 0)
Unloading 105 unused Assets / (69.8 KB). Loaded Objects now: 863.
Memory consumption went from 66.3 MB to 66.2 MB.
Total: 5.942500 ms (FindLiveObjects: 0.111000 ms CreateObjectMapping: 0.033600 ms MarkObjects: 5.685100 ms  DeleteObjects: 0.111800 ms)

Prepare: number of updated asset objects reloaded= 0
AssetImportParameters requested are different than current active one (requested -> active):
  custom:video-encoder-webm-vp8: eb34c28f22e8b96e1ab97ce403110664 -> 
  custom:video-decoder-webm-vp8: 9c59270c3fd7afecdb556c50c9e8de78 -> 
  custom:audio-decoder-ogg-vorbis: bf7c407c2cedff20999df2af8eb42d56 -> 
  custom:video-decoder-ogg-theora: a1e56fd34408186e4bbccfd4996cb3dc -> 
  custom:audio-encoder-webm-vorbis: bf7c407c2cedff20999df2af8eb42d56 -> 
  custom:container-demuxer-webm: 4f35f7cbe854078d1ac9338744f61a02 -> 
  custom:SearchIndexIgnoredProperties: e643bd26f0fe6173181afceb89e7c659 -> 
  custom:container-muxer-webm: aa71ff27fc2769a1b78a27578f13a17b -> 
  custom:video-codec-MediaFoundation-h265: 746d11721c4dcdbdad8f713fa42b33f4 -> 
  custom:container-demuxer-ogg: 62fdf1f143b41e24485cea50d1cbac27 -> 
  custom:AudioImporter_EditorPlatform: d09bf68614088b80899f8185d706f6e7 -> 
  custom:CustomObjectIndexerAttribute: 9a22284fe3817be447336de3de66b15e -> 
  custom:framework-win-MediaFoundation: 216162199b28c13a410421893ffa2e32 -> 
========================================================================
Received Prepare
Begin MonoManager ReloadAssembly
- Loaded All Assemblies, in  0.935 seconds
Refreshing native plugins compatible for Editor in 20.65 ms, found 3 plugins.
Native extension for WindowsStandalone target not found
Native extension for iOS target not found
Native extension for Android target not found
Mono: successfully reloaded assembly
- Finished resetting the current domain, in  0.838 seconds
Domain Reload Profiling: 1762ms
	BeginReloadAssembly (339ms)
		ExecutionOrderSort (0ms)
		DisableScriptedObjects (7ms)
		BackupInstance (0ms)
		ReleaseScriptingObjects (0ms)
		CreateAndSetChildDomain (31ms)
	RebuildCommonClasses (61ms)
	RebuildNativeTypeToScriptingClass (19ms)
	initialDomainReloadingComplete (59ms)
	LoadAllAssembliesAndSetupDomain (446ms)
		LoadAssemblies (685ms)
		RebuildTransferFunctionScriptingTraits (0ms)
		AnalyzeDomain (13ms)
			TypeCache.Refresh (6ms)
				TypeCache.ScanAssembly (1ms)
			ScanForSourceGeneratedMonoScriptInfo (2ms)
			ResolveRequiredComponents (4ms)
	FinalizeReload (838ms)
		ReleaseScriptCaches (0ms)
		RebuildScriptCaches (0ms)
		SetupLoadedEditorAssemblies (524ms)
			LogAssemblyErrors (0ms)
			InitializePlatformSupportModulesInManaged (91ms)
			SetLoadedEditorAssemblies (3ms)
			RefreshPlugins (0ms)
			BeforeProcessingInitializeOnLoad (64ms)
			ProcessInitializeOnLoadAttributes (324ms)
			ProcessInitializeOnLoadMethodAttributes (23ms)
			AfterProcessingInitializeOnLoad (20ms)
			EditorAssembliesLoaded (0ms)
		ExecutionOrderSort2 (0ms)
		AwakeInstancesAfterBackupRestoration (28ms)
Refreshing native plugins compatible for Editor in 23.79 ms, found 3 plugins.
Preloading 0 native plugins for Editor in 0.00 ms.
Unloading 450 Unused Serialized files (Serialized files now loaded: 0)
Unloading 105 unused Assets / (68.8 KB). Loaded Objects now: 864.
Memory consumption went from 66.3 MB to 66.3 MB.
Total: 2.474600 ms (FindLiveObjects: 0.085200 ms CreateObjectMapping: 0.021400 ms MarkObjects: 2.176000 ms  DeleteObjects: 0.190600 ms)

Prepare: number of updated asset objects reloaded= 0
AssetImportParameters requested are different than current active one (requested -> active):
  custom:video-encoder-webm-vp8: eb34c28f22e8b96e1ab97ce403110664 -> 
  custom:video-decoder-webm-vp8: 9c59270c3fd7afecdb556c50c9e8de78 -> 
  custom:audio-decoder-ogg-vorbis: bf7c407c2cedff20999df2af8eb42d56 -> 
  custom:video-decoder-ogg-theora: a1e56fd34408186e4bbccfd4996cb3dc -> 
  custom:audio-encoder-webm-vorbis: bf7c407c2cedff20999df2af8eb42d56 -> 
  custom:container-demuxer-webm: 4f35f7cbe854078d1ac9338744f61a02 -> 
  custom:SearchIndexIgnoredProperties: e643bd26f0fe6173181afceb89e7c659 -> 
  custom:container-muxer-webm: aa71ff27fc2769a1b78a27578f13a17b -> 
  custom:video-codec-MediaFoundation-h265: 746d11721c4dcdbdad8f713fa42b33f4 -> 
  custom:container-demuxer-ogg: 62fdf1f143b41e24485cea50d1cbac27 -> 
  custom:AudioImporter_EditorPlatform: d09bf68614088b80899f8185d706f6e7 -> 
  custom:CustomObjectIndexerAttribute: 9a22284fe3817be447336de3de66b15e -> 
  custom:framework-win-MediaFoundation: 216162199b28c13a410421893ffa2e32 -> 
========================================================================
Received Prepare
Begin MonoManager ReloadAssembly
- Loaded All Assemblies, in  1.123 seconds
Refreshing native plugins compatible for Editor in 33.81 ms, found 3 plugins.
Native extension for WindowsStandalone target not found
Native extension for iOS target not found
Native extension for Android target not found
Mono: successfully reloaded assembly
- Finished resetting the current domain, in  1.039 seconds
Domain Reload Profiling: 2151ms
	BeginReloadAssembly (273ms)
		ExecutionOrderSort (0ms)
		DisableScriptedObjects (5ms)
		BackupInstance (0ms)
		ReleaseScriptingObjects (0ms)
		CreateAndSetChildDomain (21ms)
	RebuildCommonClasses (57ms)
	RebuildNativeTypeToScriptingClass (25ms)
	initialDomainReloadingComplete (84ms)
	LoadAllAssembliesAndSetupDomain (673ms)
		LoadAssemblies (870ms)
		RebuildTransferFunctionScriptingTraits (0ms)
		AnalyzeDomain (12ms)
			TypeCache.Refresh (6ms)
				TypeCache.ScanAssembly (0ms)
			ScanForSourceGeneratedMonoScriptInfo (0ms)
			ResolveRequiredComponents (6ms)
	FinalizeReload (1039ms)
		ReleaseScriptCaches (0ms)
		RebuildScriptCaches (0ms)
		SetupLoadedEditorAssemblies (732ms)
			LogAssemblyErrors (0ms)
			InitializePlatformSupportModulesInManaged (70ms)
			SetLoadedEditorAssemblies (4ms)
			RefreshPlugins (0ms)
			BeforeProcessingInitializeOnLoad (69ms)
			ProcessInitializeOnLoadAttributes (515ms)
			ProcessInitializeOnLoadMethodAttributes (50ms)
			AfterProcessingInitializeOnLoad (24ms)
			EditorAssembliesLoaded (0ms)
		ExecutionOrderSort2 (0ms)
		AwakeInstancesAfterBackupRestoration (25ms)
Refreshing native plugins compatible for Editor in 23.93 ms, found 3 plugins.
Preloading 0 native plugins for Editor in 0.00 ms.
Unloading 450 Unused Serialized files (Serialized files now loaded: 0)
Unloading 105 unused Assets / (69.8 KB). Loaded Objects now: 864.
Memory consumption went from 66.3 MB to 66.3 MB.
Total: 2.588000 ms (FindLiveObjects: 0.074800 ms CreateObjectMapping: 0.019200 ms MarkObjects: 2.388600 ms  DeleteObjects: 0.104300 ms)

Prepare: number of updated asset objects reloaded= 0
AssetImportParameters requested are different than current active one (requested -> active):
  custom:video-encoder-webm-vp8: eb34c28f22e8b96e1ab97ce403110664 -> 
  custom:video-decoder-webm-vp8: 9c59270c3fd7afecdb556c50c9e8de78 -> 
  custom:audio-decoder-ogg-vorbis: bf7c407c2cedff20999df2af8eb42d56 -> 
  custom:video-decoder-ogg-theora: a1e56fd34408186e4bbccfd4996cb3dc -> 
  custom:audio-encoder-webm-vorbis: bf7c407c2cedff20999df2af8eb42d56 -> 
  custom:container-demuxer-webm: 4f35f7cbe854078d1ac9338744f61a02 -> 
  custom:SearchIndexIgnoredProperties: e643bd26f0fe6173181afceb89e7c659 -> 
  custom:container-muxer-webm: aa71ff27fc2769a1b78a27578f13a17b -> 
  custom:video-codec-MediaFoundation-h265: 746d11721c4dcdbdad8f713fa42b33f4 -> 
  custom:container-demuxer-ogg: 62fdf1f143b41e24485cea50d1cbac27 -> 
  custom:AudioImporter_EditorPlatform: d09bf68614088b80899f8185d706f6e7 -> 
  custom:CustomObjectIndexerAttribute: 9a22284fe3817be447336de3de66b15e -> 
  custom:framework-win-MediaFoundation: 216162199b28c13a410421893ffa2e32 -> 
========================================================================
Received Prepare
Begin MonoManager ReloadAssembly
- Loaded All Assemblies, in  0.669 seconds
Refreshing native plugins compatible for Editor in 20.78 ms, found 3 plugins.
Native extension for WindowsStandalone target not found
Native extension for iOS target not found
Native extension for Android target not found
Mono: successfully reloaded assembly
- Finished resetting the current domain, in  1.153 seconds
Domain Reload Profiling: 1812ms
	BeginReloadAssembly (216ms)
		ExecutionOrderSort (0ms)
		DisableScriptedObjects (6ms)
		BackupInstance (0ms)
		ReleaseScriptingObjects (0ms)
		CreateAndSetChildDomain (24ms)
	RebuildCommonClasses (41ms)
	RebuildNativeTypeToScriptingClass (14ms)
	initialDomainReloadingComplete (64ms)
	LoadAllAssembliesAndSetupDomain (324ms)
		LoadAssemblies (449ms)
		RebuildTransferFunctionScriptingTraits (0ms)
		AnalyzeDomain (8ms)
			TypeCache.Refresh (4ms)
				TypeCache.ScanAssembly (0ms)
			ScanForSourceGeneratedMonoScriptInfo (0ms)
			ResolveRequiredComponents (3ms)
	FinalizeReload (1154ms)
		ReleaseScriptCaches (0ms)
		RebuildScriptCaches (0ms)
		SetupLoadedEditorAssemblies (789ms)
			LogAssemblyErrors (0ms)
			InitializePlatformSupportModulesInManaged (225ms)
			SetLoadedEditorAssemblies (17ms)
			RefreshPlugins (0ms)
			BeforeProcessingInitializeOnLoad (94ms)
			ProcessInitializeOnLoadAttributes (400ms)
			ProcessInitializeOnLoadMethodAttributes (27ms)
			AfterProcessingInitializeOnLoad (25ms)
			EditorAssembliesLoaded (0ms)
		ExecutionOrderSort2 (0ms)
		AwakeInstancesAfterBackupRestoration (23ms)
Refreshing native plugins compatible for Editor in 30.20 ms, found 3 plugins.
Preloading 0 native plugins for Editor in 0.00 ms.
Unloading 450 Unused Serialized files (Serialized files now loaded: 0)
Unloading 105 unused Assets / (69.7 KB). Loaded Objects now: 864.
Memory consumption went from 66.3 MB to 66.3 MB.
Total: 7.913500 ms (FindLiveObjects: 0.095800 ms CreateObjectMapping: 0.029900 ms MarkObjects: 7.528000 ms  DeleteObjects: 0.258600 ms)

Prepare: number of updated asset objects reloaded= 0
AssetImportParameters requested are different than current active one (requested -> active):
  custom:video-encoder-webm-vp8: eb34c28f22e8b96e1ab97ce403110664 -> 
  custom:video-decoder-webm-vp8: 9c59270c3fd7afecdb556c50c9e8de78 -> 
  custom:audio-decoder-ogg-vorbis: bf7c407c2cedff20999df2af8eb42d56 -> 
  custom:video-decoder-ogg-theora: a1e56fd34408186e4bbccfd4996cb3dc -> 
  custom:audio-encoder-webm-vorbis: bf7c407c2cedff20999df2af8eb42d56 -> 
  custom:container-demuxer-webm: 4f35f7cbe854078d1ac9338744f61a02 -> 
  custom:SearchIndexIgnoredProperties: e643bd26f0fe6173181afceb89e7c659 -> 
  custom:container-muxer-webm: aa71ff27fc2769a1b78a27578f13a17b -> 
  custom:video-codec-MediaFoundation-h265: 746d11721c4dcdbdad8f713fa42b33f4 -> 
  custom:container-demuxer-ogg: 62fdf1f143b41e24485cea50d1cbac27 -> 
  custom:AudioImporter_EditorPlatform: d09bf68614088b80899f8185d706f6e7 -> 
  custom:CustomObjectIndexerAttribute: 9a22284fe3817be447336de3de66b15e -> 
  custom:framework-win-MediaFoundation: 216162199b28c13a410421893ffa2e32 -> 
========================================================================
Received Prepare
Begin MonoManager ReloadAssembly
- Loaded All Assemblies, in  0.629 seconds
Refreshing native plugins compatible for Editor in 20.55 ms, found 3 plugins.
Native extension for WindowsStandalone target not found
Native extension for iOS target not found
Native extension for Android target not found
Mono: successfully reloaded assembly
- Finished resetting the current domain, in  0.982 seconds
Domain Reload Profiling: 1604ms
	BeginReloadAssembly (231ms)
		ExecutionOrderSort (0ms)
		DisableScriptedObjects (6ms)
		BackupInstance (0ms)
		ReleaseScriptingObjects (0ms)
		CreateAndSetChildDomain (26ms)
	RebuildCommonClasses (49ms)
	RebuildNativeTypeToScriptingClass (15ms)
	initialDomainReloadingComplete (61ms)
	LoadAllAssembliesAndSetupDomain (265ms)
		LoadAssemblies (405ms)
		RebuildTransferFunctionScriptingTraits (0ms)
		AnalyzeDomain (12ms)
			TypeCache.Refresh (7ms)
				TypeCache.ScanAssembly (0ms)
			ScanForSourceGeneratedMonoScriptInfo (1ms)
			ResolveRequiredComponents (3ms)
	FinalizeReload (983ms)
		ReleaseScriptCaches (0ms)
		RebuildScriptCaches (0ms)
		SetupLoadedEditorAssemblies (684ms)
			LogAssemblyErrors (0ms)
			InitializePlatformSupportModulesInManaged (76ms)
			SetLoadedEditorAssemblies (4ms)
			RefreshPlugins (0ms)
			BeforeProcessingInitializeOnLoad (75ms)
			ProcessInitializeOnLoadAttributes (476ms)
			ProcessInitializeOnLoadMethodAttributes (27ms)
			AfterProcessingInitializeOnLoad (26ms)
			EditorAssembliesLoaded (0ms)
		ExecutionOrderSort2 (0ms)
		AwakeInstancesAfterBackupRestoration (23ms)
Refreshing native plugins compatible for Editor in 31.72 ms, found 3 plugins.
Preloading 0 native plugins for Editor in 0.00 ms.
Unloading 450 Unused Serialized files (Serialized files now loaded: 0)
Unloading 105 unused Assets / (68.7 KB). Loaded Objects now: 864.
Memory consumption went from 66.3 MB to 66.3 MB.
Total: 4.116300 ms (FindLiveObjects: 0.102200 ms CreateObjectMapping: 0.030700 ms MarkObjects: 3.873800 ms  DeleteObjects: 0.108500 ms)

Prepare: number of updated asset objects reloaded= 0
AssetImportParameters requested are different than current active one (requested -> active):
  custom:video-encoder-webm-vp8: eb34c28f22e8b96e1ab97ce403110664 -> 
  custom:video-decoder-webm-vp8: 9c59270c3fd7afecdb556c50c9e8de78 -> 
  custom:audio-decoder-ogg-vorbis: bf7c407c2cedff20999df2af8eb42d56 -> 
  custom:video-decoder-ogg-theora: a1e56fd34408186e4bbccfd4996cb3dc -> 
  custom:audio-encoder-webm-vorbis: bf7c407c2cedff20999df2af8eb42d56 -> 
  custom:container-demuxer-webm: 4f35f7cbe854078d1ac9338744f61a02 -> 
  custom:SearchIndexIgnoredProperties: e643bd26f0fe6173181afceb89e7c659 -> 
  custom:container-muxer-webm: aa71ff27fc2769a1b78a27578f13a17b -> 
  custom:video-codec-MediaFoundation-h265: 746d11721c4dcdbdad8f713fa42b33f4 -> 
  custom:container-demuxer-ogg: 62fdf1f143b41e24485cea50d1cbac27 -> 
  custom:AudioImporter_EditorPlatform: d09bf68614088b80899f8185d706f6e7 -> 
  custom:CustomObjectIndexerAttribute: 9a22284fe3817be447336de3de66b15e -> 
  custom:framework-win-MediaFoundation: 216162199b28c13a410421893ffa2e32 -> 
========================================================================
Received Prepare
Begin MonoManager ReloadAssembly
- Loaded All Assemblies, in  0.713 seconds
Refreshing native plugins compatible for Editor in 44.16 ms, found 3 plugins.
Native extension for WindowsStandalone target not found
Native extension for iOS target not found
Native extension for Android target not found
Mono: successfully reloaded assembly
- Finished resetting the current domain, in  1.369 seconds
Domain Reload Profiling: 2071ms
	BeginReloadAssembly (236ms)
		ExecutionOrderSort (0ms)
		DisableScriptedObjects (7ms)
		BackupInstance (0ms)
		ReleaseScriptingObjects (0ms)
		CreateAndSetChildDomain (25ms)
	RebuildCommonClasses (47ms)
	RebuildNativeTypeToScriptingClass (13ms)
	initialDomainReloadingComplete (61ms)
	LoadAllAssembliesAndSetupDomain (343ms)
		LoadAssemblies (488ms)
		RebuildTransferFunctionScriptingTraits (0ms)
		AnalyzeDomain (17ms)
			TypeCache.Refresh (10ms)
				TypeCache.ScanAssembly (1ms)
			ScanForSourceGeneratedMonoScriptInfo (3ms)
			ResolveRequiredComponents (3ms)
	FinalizeReload (1370ms)
		ReleaseScriptCaches (0ms)
		RebuildScriptCaches (0ms)
		SetupLoadedEditorAssemblies (908ms)
			LogAssemblyErrors (0ms)
			InitializePlatformSupportModulesInManaged (89ms)
			SetLoadedEditorAssemblies (4ms)
			RefreshPlugins (0ms)
			BeforeProcessingInitializeOnLoad (88ms)
			ProcessInitializeOnLoadAttributes (645ms)
			ProcessInitializeOnLoadMethodAttributes (45ms)
			AfterProcessingInitializeOnLoad (38ms)
			EditorAssembliesLoaded (0ms)
		ExecutionOrderSort2 (0ms)
		AwakeInstancesAfterBackupRestoration (54ms)
Refreshing native plugins compatible for Editor in 43.78 ms, found 3 plugins.
Preloading 0 native plugins for Editor in 0.00 ms.
Unloading 450 Unused Serialized files (Serialized files now loaded: 0)
Unloading 105 unused Assets / (69.8 KB). Loaded Objects now: 864.
Memory consumption went from 66.4 MB to 66.3 MB.
Total: 2.315400 ms (FindLiveObjects: 0.068400 ms CreateObjectMapping: 0.014900 ms MarkObjects: 2.005800 ms  DeleteObjects: 0.224800 ms)

Prepare: number of updated asset objects reloaded= 0
AssetImportParameters requested are different than current active one (requested -> active):
  custom:video-encoder-webm-vp8: eb34c28f22e8b96e1ab97ce403110664 -> 
  custom:video-decoder-webm-vp8: 9c59270c3fd7afecdb556c50c9e8de78 -> 
  custom:audio-decoder-ogg-vorbis: bf7c407c2cedff20999df2af8eb42d56 -> 
  custom:video-decoder-ogg-theora: a1e56fd34408186e4bbccfd4996cb3dc -> 
  custom:audio-encoder-webm-vorbis: bf7c407c2cedff20999df2af8eb42d56 -> 
  custom:container-demuxer-webm: 4f35f7cbe854078d1ac9338744f61a02 -> 
  custom:SearchIndexIgnoredProperties: e643bd26f0fe6173181afceb89e7c659 -> 
  custom:container-muxer-webm: aa71ff27fc2769a1b78a27578f13a17b -> 
  custom:video-codec-MediaFoundation-h265: 746d11721c4dcdbdad8f713fa42b33f4 -> 
  custom:container-demuxer-ogg: 62fdf1f143b41e24485cea50d1cbac27 -> 
  custom:AudioImporter_EditorPlatform: d09bf68614088b80899f8185d706f6e7 -> 
  custom:CustomObjectIndexerAttribute: 9a22284fe3817be447336de3de66b15e -> 
  custom:framework-win-MediaFoundation: 216162199b28c13a410421893ffa2e32 -> 
========================================================================
Received Prepare
Begin MonoManager ReloadAssembly
- Loaded All Assemblies, in  0.725 seconds
Refreshing native plugins compatible for Editor in 30.17 ms, found 3 plugins.
Native extension for WindowsStandalone target not found
Native extension for iOS target not found
Native extension for Android target not found
Mono: successfully reloaded assembly
- Finished resetting the current domain, in  1.376 seconds
Domain Reload Profiling: 2088ms
	BeginReloadAssembly (227ms)
		ExecutionOrderSort (0ms)
		DisableScriptedObjects (7ms)
		BackupInstance (0ms)
		ReleaseScriptingObjects (0ms)
		CreateAndSetChildDomain (26ms)
	RebuildCommonClasses (51ms)
	RebuildNativeTypeToScriptingClass (14ms)
	initialDomainReloadingComplete (65ms)
	LoadAllAssembliesAndSetupDomain (353ms)
		LoadAssemblies (489ms)
		RebuildTransferFunctionScriptingTraits (0ms)
		AnalyzeDomain (17ms)
			TypeCache.Refresh (10ms)
				TypeCache.ScanAssembly (0ms)
			ScanForSourceGeneratedMonoScriptInfo (0ms)
			ResolveRequiredComponents (6ms)
	FinalizeReload (1377ms)
		ReleaseScriptCaches (0ms)
		RebuildScriptCaches (0ms)
		SetupLoadedEditorAssemblies (810ms)
			LogAssemblyErrors (0ms)
			InitializePlatformSupportModulesInManaged (85ms)
			SetLoadedEditorAssemblies (3ms)
			RefreshPlugins (0ms)
			BeforeProcessingInitializeOnLoad (82ms)
			ProcessInitializeOnLoadAttributes (575ms)
			ProcessInitializeOnLoadMethodAttributes (35ms)
			AfterProcessingInitializeOnLoad (29ms)
			EditorAssembliesLoaded (0ms)
		ExecutionOrderSort2 (0ms)
		AwakeInstancesAfterBackupRestoration (27ms)
Refreshing native plugins compatible for Editor in 32.78 ms, found 3 plugins.
Preloading 0 native plugins for Editor in 0.00 ms.
Unloading 450 Unused Serialized files (Serialized files now loaded: 0)
Unloading 105 unused Assets / (68.8 KB). Loaded Objects now: 864.
Memory consumption went from 66.4 MB to 66.3 MB.
Total: 3.544300 ms (FindLiveObjects: 0.221900 ms CreateObjectMapping: 0.040000 ms MarkObjects: 3.151900 ms  DeleteObjects: 0.128800 ms)

Prepare: number of updated asset objects reloaded= 0
AssetImportParameters requested are different than current active one (requested -> active):
  custom:video-encoder-webm-vp8: eb34c28f22e8b96e1ab97ce403110664 -> 
  custom:video-decoder-webm-vp8: 9c59270c3fd7afecdb556c50c9e8de78 -> 
  custom:audio-decoder-ogg-vorbis: bf7c407c2cedff20999df2af8eb42d56 -> 
  custom:video-decoder-ogg-theora: a1e56fd34408186e4bbccfd4996cb3dc -> 
  custom:audio-encoder-webm-vorbis: bf7c407c2cedff20999df2af8eb42d56 -> 
  custom:container-demuxer-webm: 4f35f7cbe854078d1ac9338744f61a02 -> 
  custom:SearchIndexIgnoredProperties: e643bd26f0fe6173181afceb89e7c659 -> 
  custom:container-muxer-webm: aa71ff27fc2769a1b78a27578f13a17b -> 
  custom:video-codec-MediaFoundation-h265: 746d11721c4dcdbdad8f713fa42b33f4 -> 
  custom:container-demuxer-ogg: 62fdf1f143b41e24485cea50d1cbac27 -> 
  custom:AudioImporter_EditorPlatform: d09bf68614088b80899f8185d706f6e7 -> 
  custom:CustomObjectIndexerAttribute: 9a22284fe3817be447336de3de66b15e -> 
  custom:framework-win-MediaFoundation: 216162199b28c13a410421893ffa2e32 -> 
========================================================================
Received Prepare
Begin MonoManager ReloadAssembly
- Loaded All Assemblies, in  0.583 seconds
Refreshing native plugins compatible for Editor in 21.42 ms, found 3 plugins.
Native extension for WindowsStandalone target not found
Native extension for iOS target not found
Native extension for Android target not found
Mono: successfully reloaded assembly
- Finished resetting the current domain, in  0.975 seconds
Domain Reload Profiling: 1550ms
	BeginReloadAssembly (226ms)
		ExecutionOrderSort (0ms)
		DisableScriptedObjects (5ms)
		BackupInstance (0ms)
		ReleaseScriptingObjects (0ms)
		CreateAndSetChildDomain (25ms)
	RebuildCommonClasses (42ms)
	RebuildNativeTypeToScriptingClass (13ms)
	initialDomainReloadingComplete (51ms)
	LoadAllAssembliesAndSetupDomain (244ms)
		LoadAssemblies (387ms)
		RebuildTransferFunctionScriptingTraits (0ms)
		AnalyzeDomain (8ms)
			TypeCache.Refresh (5ms)
				TypeCache.ScanAssembly (0ms)
			ScanForSourceGeneratedMonoScriptInfo (0ms)
			ResolveRequiredComponents (3ms)
	FinalizeReload (975ms)
		ReleaseScriptCaches (0ms)
		RebuildScriptCaches (0ms)
		SetupLoadedEditorAssemblies (719ms)
			LogAssemblyErrors (0ms)
			InitializePlatformSupportModulesInManaged (159ms)
			SetLoadedEditorAssemblies (3ms)
			RefreshPlugins (0ms)
			BeforeProcessingInitializeOnLoad (105ms)
			ProcessInitializeOnLoadAttributes (400ms)
			ProcessInitializeOnLoadMethodAttributes (26ms)
			AfterProcessingInitializeOnLoad (26ms)
			EditorAssembliesLoaded (0ms)
		ExecutionOrderSort2 (0ms)
		AwakeInstancesAfterBackupRestoration (24ms)
Refreshing native plugins compatible for Editor in 30.28 ms, found 3 plugins.
Preloading 0 native plugins for Editor in 0.00 ms.
Unloading 450 Unused Serialized files (Serialized files now loaded: 0)
Unloading 105 unused Assets / (69.8 KB). Loaded Objects now: 864.
Memory consumption went from 66.4 MB to 66.3 MB.
Total: 2.816300 ms (FindLiveObjects: 0.087600 ms CreateObjectMapping: 0.019600 ms MarkObjects: 2.583600 ms  DeleteObjects: 0.124300 ms)

Prepare: number of updated asset objects reloaded= 0
AssetImportParameters requested are different than current active one (requested -> active):
  custom:video-encoder-webm-vp8: eb34c28f22e8b96e1ab97ce403110664 -> 
  custom:video-decoder-webm-vp8: 9c59270c3fd7afecdb556c50c9e8de78 -> 
  custom:audio-decoder-ogg-vorbis: bf7c407c2cedff20999df2af8eb42d56 -> 
  custom:video-decoder-ogg-theora: a1e56fd34408186e4bbccfd4996cb3dc -> 
  custom:audio-encoder-webm-vorbis: bf7c407c2cedff20999df2af8eb42d56 -> 
  custom:container-demuxer-webm: 4f35f7cbe854078d1ac9338744f61a02 -> 
  custom:SearchIndexIgnoredProperties: e643bd26f0fe6173181afceb89e7c659 -> 
  custom:container-muxer-webm: aa71ff27fc2769a1b78a27578f13a17b -> 
  custom:video-codec-MediaFoundation-h265: 746d11721c4dcdbdad8f713fa42b33f4 -> 
  custom:container-demuxer-ogg: 62fdf1f143b41e24485cea50d1cbac27 -> 
  custom:AudioImporter_EditorPlatform: d09bf68614088b80899f8185d706f6e7 -> 
  custom:CustomObjectIndexerAttribute: 9a22284fe3817be447336de3de66b15e -> 
  custom:framework-win-MediaFoundation: 216162199b28c13a410421893ffa2e32 -> 
========================================================================
Received Prepare
Begin MonoManager ReloadAssembly
- Loaded All Assemblies, in  3.072 seconds
Refreshing native plugins compatible for Editor in 61.57 ms, found 3 plugins.
Native extension for WindowsStandalone target not found
Native extension for iOS target not found
Native extension for Android target not found
CreateSerializedAsset is not supported while importing out-of-process
0x00007ff6e304af9d (Unity) StackWalker::GetCurrentCallstack
0x00007ff6e3050069 (Unity) StackWalker::ShowCallstack
0x00007ff6e403ff31 (Unity) GetStacktrace
0x00007ff6e46fb63e (Unity) DebugStringToFile
0x00007ff6e43fe7ba (Unity) CreateSerializedAssetV2
0x00007ff6e439a075 (Unity) CreateSerializedAssetV2
0x00007ff6e430576e (Unity) AssetDatabase::CreateSerializedAsset
0x00007ff6e27cffb9 (Unity) AssetDatabaseBindings::CreateAsset
0x00007ff6e26894ed (Unity) AssetDatabase_CUSTOM_CreateAsset
0x0000024f83594205 (Mono JIT Code) (wrapper managed-to-native) UnityEditor.AssetDatabase:CreateAsset (UnityEngine.Object,string)
0x0000024f8358d5eb (Mono JIT Code) PlayFab.PfEditor.PlayFabEditorPrefsSO:get_Instance () (at C:/Users/PUS_DESK/OneDrive/Documents/Far Fly/FarFlyUnity/Far Fly/Assets/PlayFabEditorExtensions/Editor/Scripts/Utils/PlayFabEditorPrefsSO.cs:39)
0x0000024f8358d2a3 (Mono JIT Code) PlayFab.PfEditor.SubMenuComponent:RegisterMenuItem (string,System.Action) (at C:/Users/PUS_DESK/OneDrive/Documents/Far Fly/FarFlyUnity/Far Fly/Assets/PlayFabEditorExtensions/Editor/Scripts/Components/SubMenuComponent.cs:162)
0x0000024f8358c2d3 (Mono JIT Code) PlayFab.PfEditor.PlayFabEditorDataMenu:RegisterMenu () (at C:/Users/PUS_DESK/OneDrive/Documents/Far Fly/FarFlyUnity/Far Fly/Assets/PlayFabEditorExtensions/Editor/Scripts/Panels/PlayFabEditorDataMenu.cs:94)
0x0000024f8358baf3 (Mono JIT Code) PlayFab.PfEditor.PlayFabEditorDataMenu:.cctor () (at C:/Users/PUS_DESK/OneDrive/Documents/Far Fly/FarFlyUnity/Far Fly/Assets/PlayFabEditorExtensions/Editor/Scripts/Panels/PlayFabEditorDataMenu.cs:75)
0x0000024f8358bbe5 (Mono JIT Code) (wrapper runtime-invoke) object:runtime_invoke_void (object,intptr,intptr,intptr)
0x00007ff8a45c4c1e (mono-2.0-bdwgc) mono_jit_runtime_invoke (at C:/build/output/Unity-Technologies/mono/mono/mini/mini-runtime.c:3445)
0x00007ff8a44fd254 (mono-2.0-bdwgc) do_runtime_invoke (at C:/build/output/Unity-Technologies/mono/mono/metadata/object.c:3068)
0x00007ff8a44f7ff9 (mono-2.0-bdwgc) mono_runtime_class_init_full (at C:/build/output/Unity-Technologies/mono/mono/metadata/object.c:563)
0x00007ff8a442de07 (mono-2.0-bdwgc) ves_icall_System_Runtime_CompilerServices_RuntimeHelpers_RunClassConstructor (at C:/build/output/Unity-Technologies/mono/mono/metadata/icall.c:1292)
0x00007ff8a445feec (mono-2.0-bdwgc) ves_icall_System_Runtime_CompilerServices_RuntimeHelpers_RunClassConstructor_raw (at C:/build/output/Unity-Technologies/mono/mono/metadata/icall-def.h:756)
0x0000024f82e88bca (Mono JIT Code) (wrapper managed-to-native) System.Runtime.CompilerServices.RuntimeHelpers:RunClassConstructor (intptr)
0x0000024f82e88adb (Mono JIT Code) System.Runtime.CompilerServices.RuntimeHelpers:RunClassConstructor (System.RuntimeTypeHandle)
0x0000024f82e84e0b (Mono JIT Code) UnityEditor.EditorAssemblies:ProcessInitializeOnLoadAttributes (System.Type[])
0x0000024f8461e5f8 (Mono JIT Code) (wrapper runtime-invoke) <Module>:runtime_invoke_void_object (object,intptr,intptr,intptr)
0x00007ff8a45c4c1e (mono-2.0-bdwgc) mono_jit_runtime_invoke (at C:/build/output/Unity-Technologies/mono/mono/mini/mini-runtime.c:3445)
0x00007ff8a44fd254 (mono-2.0-bdwgc) do_runtime_invoke (at C:/build/output/Unity-Technologies/mono/mono/metadata/object.c:3068)
0x00007ff8a44fd3cc (mono-2.0-bdwgc) mono_runtime_invoke (at C:/build/output/Unity-Technologies/mono/mono/metadata/object.c:3115)
0x00007ff6e2f63464 (Unity) scripting_method_invoke
0x00007ff6e2f41154 (Unity) ScriptingInvocation::Invoke
0x00007ff6e2f3bca5 (Unity) ScriptingInvocation::Invoke<void>
0x00007ff6e308d383 (Unity) Scripting::UnityEditor::EditorAssembliesProxy::ProcessInitializeOnLoadAttributes
0x00007ff6e2f35b28 (Unity) MonoManager::SetupLoadedEditorAssemblies
0x00007ff6e2f2b8a9 (Unity) MonoManager::FinalizeReload
0x00007ff6e43392da (Unity) ScriptingInitializer::FinalizeReload
0x00007ff6e3edde7b (Unity) LoadUserAssemblies
0x00007ff6e43e5555 (Unity) <lambda_b37b41f03089e3cb3f55061bbc93253d>::operator()
0x00007ff6e44207b2 (Unity) asio::detail::completion_handler<core::mutable_function<void __cdecl(void)>,asio::io_context::basic_executor_type<std::allocator<void>,0> >::do_complete
0x00007ff6e440c75e (Unity) asio::detail::win_iocp_io_context::do_one
0x00007ff6e440e3c4 (Unity) asio::detail::win_iocp_io_context::run
0x00007ff6e441eb5c (Unity) IOService::Run
0x00007ff6e43f26bf (Unity) AssetImportWorkerClient::Run
0x00007ff6e43bd597 (Unity) RunAssetImportWorkerClientV2
0x00007ff6e43bd61b (Unity) RunAssetImporterV2
0x00007ff6e3bb60e1 (Unity) Application::InitializeProject
0x00007ff6e404a715 (Unity) WinMain
0x00007ff6e542f4be (Unity) __scrt_common_main_seh
0x00007ff93f9b257d (KERNEL32) BaseThreadInitThunk
0x00007ff940a6af28 (ntdll) RtlUserThreadStart

UnityEngine.UnityException: Creating asset at path Assets/PlayFabEditorExtensions/Editor/Resources/PlayFabEditorPrefsSO.asset failed.
  at (wrapper managed-to-native) UnityEditor.AssetDatabase.CreateAsset(UnityEngine.Object,string)
  at PlayFab.PfEditor.PlayFabEditorPrefsSO.get_Instance () [0x00084] in C:\Users\PUS_DESK\OneDrive\Documents\Far Fly\FarFlyUnity\Far Fly\Assets\PlayFabEditorExtensions\Editor\Scripts\Utils\PlayFabEditorPrefsSO.cs:38 
  at PlayFab.PfEditor.SubMenuComponent.RegisterMenuItem (System.String n, System.Action m) [0x00010] in C:\Users\PUS_DESK\OneDrive\Documents\Far Fly\FarFlyUnity\Far Fly\Assets\PlayFabEditorExtensions\Editor\Scripts\Components\SubMenuComponent.cs:162 
  at PlayFab.PfEditor.PlayFabEditorDataMenu.RegisterMenu () [0x00018] in C:\Users\PUS_DESK\OneDrive\Documents\Far Fly\FarFlyUnity\Far Fly\Assets\PlayFabEditorExtensions\Editor\Scripts\Panels\PlayFabEditorDataMenu.cs:93 
  at PlayFab.PfEditor.PlayFabEditorDataMenu..cctor () [0x0003a] in C:\Users\PUS_DESK\OneDrive\Documents\Far Fly\FarFlyUnity\Far Fly\Assets\PlayFabEditorExtensions\Editor\Scripts\Panels\PlayFabEditorDataMenu.cs:74 
0x00007ff6e304af9d (Unity) StackWalker::GetCurrentCallstack
0x00007ff6e3050069 (Unity) StackWalker::ShowCallstack
0x00007ff6e403ff31 (Unity) GetStacktrace
0x00007ff6e46fb63e (Unity) DebugStringToFile
0x00007ff6e2119108 (Unity) DebugLogHandler_CUSTOM_Internal_Log
0x0000024f835970a3 (Mono JIT Code) (wrapper managed-to-native) UnityEngine.DebugLogHandler:Internal_Log (UnityEngine.LogType,UnityEngine.LogOption,string,UnityEngine.Object)
0x0000024f83596d7b (Mono JIT Code) UnityEngine.DebugLogHandler:LogFormat (UnityEngine.LogType,UnityEngine.Object,string,object[])
0x0000024f835946b0 (Mono JIT Code) UnityEngine.Logger:Log (UnityEngine.LogType,object)
0x0000024f83594575 (Mono JIT Code) UnityEngine.Debug:LogError (object)
0x0000024f82e84ebb (Mono JIT Code) UnityEditor.EditorAssemblies:ProcessInitializeOnLoadAttributes (System.Type[])
0x0000024f8461e5f8 (Mono JIT Code) (wrapper runtime-invoke) <Module>:runtime_invoke_void_object (object,intptr,intptr,intptr)
0x00007ff8a45c4c1e (mono-2.0-bdwgc) mono_jit_runtime_invoke (at C:/build/output/Unity-Technologies/mono/mono/mini/mini-runtime.c:3445)
0x00007ff8a44fd254 (mono-2.0-bdwgc) do_runtime_invoke (at C:/build/output/Unity-Technologies/mono/mono/metadata/object.c:3068)
0x00007ff8a44fd3cc (mono-2.0-bdwgc) mono_runtime_invoke (at C:/build/output/Unity-Technologies/mono/mono/metadata/object.c:3115)
0x00007ff6e2f63464 (Unity) scripting_method_invoke
0x00007ff6e2f41154 (Unity) ScriptingInvocation::Invoke
0x00007ff6e2f3bca5 (Unity) ScriptingInvocation::Invoke<void>
0x00007ff6e308d383 (Unity) Scripting::UnityEditor::EditorAssembliesProxy::ProcessInitializeOnLoadAttributes
0x00007ff6e2f35b28 (Unity) MonoManager::SetupLoadedEditorAssemblies
0x00007ff6e2f2b8a9 (Unity) MonoManager::FinalizeReload
0x00007ff6e43392da (Unity) ScriptingInitializer::FinalizeReload
0x00007ff6e3edde7b (Unity) LoadUserAssemblies
0x00007ff6e43e5555 (Unity) <lambda_b37b41f03089e3cb3f55061bbc93253d>::operator()
0x00007ff6e44207b2 (Unity) asio::detail::completion_handler<core::mutable_function<void __cdecl(void)>,asio::io_context::basic_executor_type<std::allocator<void>,0> >::do_complete
0x00007ff6e440c75e (Unity) asio::detail::win_iocp_io_context::do_one
0x00007ff6e440e3c4 (Unity) asio::detail::win_iocp_io_context::run
0x00007ff6e441eb5c (Unity) IOService::Run
0x00007ff6e43f26bf (Unity) AssetImportWorkerClient::Run
0x00007ff6e43bd597 (Unity) RunAssetImportWorkerClientV2
0x00007ff6e43bd61b (Unity) RunAssetImporterV2
0x00007ff6e3bb60e1 (Unity) Application::InitializeProject
0x00007ff6e404a715 (Unity) WinMain
0x00007ff6e542f4be (Unity) __scrt_common_main_seh
0x00007ff93f9b257d (KERNEL32) BaseThreadInitThunk
0x00007ff940a6af28 (ntdll) RtlUserThreadStart

Mono: successfully reloaded assembly
- Finished resetting the current domain, in  8.672 seconds
Domain Reload Profiling: 11685ms
	BeginReloadAssembly (712ms)
		ExecutionOrderSort (0ms)
		DisableScriptedObjects (16ms)
		BackupInstance (0ms)
		ReleaseScriptingObjects (0ms)
		CreateAndSetChildDomain (365ms)
	RebuildCommonClasses (371ms)
	RebuildNativeTypeToScriptingClass (44ms)
	initialDomainReloadingComplete (175ms)
	LoadAllAssembliesAndSetupDomain (1709ms)
		LoadAssemblies (1766ms)
		RebuildTransferFunctionScriptingTraits (0ms)
		AnalyzeDomain (205ms)
			TypeCache.Refresh (184ms)
				TypeCache.ScanAssembly (154ms)
			ScanForSourceGeneratedMonoScriptInfo (13ms)
			ResolveRequiredComponents (6ms)
	FinalizeReload (8673ms)
		ReleaseScriptCaches (0ms)
		RebuildScriptCaches (0ms)
		SetupLoadedEditorAssemblies (7619ms)
			LogAssemblyErrors (0ms)
			InitializePlatformSupportModulesInManaged (235ms)
			SetLoadedEditorAssemblies (33ms)
			RefreshPlugins (0ms)
			BeforeProcessingInitializeOnLoad (539ms)
			ProcessInitializeOnLoadAttributes (6646ms)
			ProcessInitializeOnLoadMethodAttributes (122ms)
			AfterProcessingInitializeOnLoad (43ms)
			EditorAssembliesLoaded (0ms)
		ExecutionOrderSort2 (0ms)
		AwakeInstancesAfterBackupRestoration (38ms)
Refreshing native plugins compatible for Editor in 101.59 ms, found 3 plugins.
Preloading 0 native plugins for Editor in 0.00 ms.
Unloading 487 Unused Serialized files (Serialized files now loaded: 0)
Unloading 112 unused Assets / (73.6 KB). Loaded Objects now: 897.
Memory consumption went from 68.5 MB to 68.4 MB.
Total: 48.240800 ms (FindLiveObjects: 0.082900 ms CreateObjectMapping: 0.018400 ms MarkObjects: 47.788800 ms  DeleteObjects: 0.349500 ms)

Prepare: number of updated asset objects reloaded= 0
AssetImportParameters requested are different than current active one (requested -> active):
  custom:video-encoder-webm-vp8: eb34c28f22e8b96e1ab97ce403110664 -> 
  custom:video-decoder-webm-vp8: 9c59270c3fd7afecdb556c50c9e8de78 -> 
  custom:audio-decoder-ogg-vorbis: bf7c407c2cedff20999df2af8eb42d56 -> 
  custom:video-decoder-ogg-theora: a1e56fd34408186e4bbccfd4996cb3dc -> 
  custom:audio-encoder-webm-vorbis: bf7c407c2cedff20999df2af8eb42d56 -> 
  custom:container-demuxer-webm: 4f35f7cbe854078d1ac9338744f61a02 -> 
  custom:SearchIndexIgnoredProperties: e643bd26f0fe6173181afceb89e7c659 -> 
  custom:container-muxer-webm: aa71ff27fc2769a1b78a27578f13a17b -> 
  custom:video-codec-MediaFoundation-h265: 746d11721c4dcdbdad8f713fa42b33f4 -> 
  custom:container-demuxer-ogg: 62fdf1f143b41e24485cea50d1cbac27 -> 
  custom:AudioImporter_EditorPlatform: d09bf68614088b80899f8185d706f6e7 -> 
  custom:CustomObjectIndexerAttribute: 9a22284fe3817be447336de3de66b15e -> 
  custom:framework-win-MediaFoundation: 216162199b28c13a410421893ffa2e32 -> 
========================================================================
Received Prepare
Begin MonoManager ReloadAssembly
- Loaded All Assemblies, in  4.824 seconds
Refreshing native plugins compatible for Editor in 163.14 ms, found 3 plugins.
Native extension for WindowsStandalone target not found
Native extension for iOS target not found
Native extension for Android target not found
Mono: successfully reloaded assembly
- Finished resetting the current domain, in  4.467 seconds
Domain Reload Profiling: 9244ms
	BeginReloadAssembly (667ms)
		ExecutionOrderSort (0ms)
		DisableScriptedObjects (21ms)
		BackupInstance (0ms)
		ReleaseScriptingObjects (0ms)
		CreateAndSetChildDomain (119ms)
	RebuildCommonClasses (75ms)
	RebuildNativeTypeToScriptingClass (30ms)
	initialDomainReloadingComplete (314ms)
	LoadAllAssembliesAndSetupDomain (3689ms)
		LoadAssemblies (3866ms)
		RebuildTransferFunctionScriptingTraits (0ms)
		AnalyzeDomain (188ms)
			TypeCache.Refresh (116ms)
				TypeCache.ScanAssembly (83ms)
			ScanForSourceGeneratedMonoScriptInfo (36ms)
			ResolveRequiredComponents (32ms)
	FinalizeReload (4468ms)
		ReleaseScriptCaches (0ms)
		RebuildScriptCaches (0ms)
		SetupLoadedEditorAssemblies (2627ms)
			LogAssemblyErrors (0ms)
			InitializePlatformSupportModulesInManaged (494ms)
			SetLoadedEditorAssemblies (6ms)
			RefreshPlugins (0ms)
			BeforeProcessingInitializeOnLoad (271ms)
			ProcessInitializeOnLoadAttributes (1644ms)
			ProcessInitializeOnLoadMethodAttributes (45ms)
			AfterProcessingInitializeOnLoad (167ms)
			EditorAssembliesLoaded (0ms)
		ExecutionOrderSort2 (0ms)
		AwakeInstancesAfterBackupRestoration (184ms)
Refreshing native plugins compatible for Editor in 41.05 ms, found 3 plugins.
Preloading 0 native plugins for Editor in 0.00 ms.
Unloading 588 Unused Serialized files (Serialized files now loaded: 0)
Unloading 113 unused Assets / (73.9 KB). Loaded Objects now: 1002.
Memory consumption went from 70.4 MB to 70.3 MB.
Total: 6.497600 ms (FindLiveObjects: 0.114100 ms CreateObjectMapping: 0.027800 ms MarkObjects: 6.211500 ms  DeleteObjects: 0.143000 ms)

Prepare: number of updated asset objects reloaded= 0
AssetImportParameters requested are different than current active one (requested -> active):
  custom:video-encoder-webm-vp8: eb34c28f22e8b96e1ab97ce403110664 -> 
  custom:video-decoder-webm-vp8: 9c59270c3fd7afecdb556c50c9e8de78 -> 
  custom:audio-decoder-ogg-vorbis: bf7c407c2cedff20999df2af8eb42d56 -> 
  custom:video-decoder-ogg-theora: a1e56fd34408186e4bbccfd4996cb3dc -> 
  custom:audio-encoder-webm-vorbis: bf7c407c2cedff20999df2af8eb42d56 -> 
  custom:SearchIndexIgnoredProperties: e643bd26f0fe6173181afceb89e7c659 -> 
  custom:container-demuxer-ogg: 62fdf1f143b41e24485cea50d1cbac27 -> 
  custom:AudioImporter_EditorPlatform: d09bf68614088b80899f8185d706f6e7 -> 
  custom:CustomObjectIndexerAttribute: 9a22284fe3817be447336de3de66b15e -> 
  custom:framework-win-MediaFoundation: 216162199b28c13a410421893ffa2e32 -> 
  custom:container-demuxer-webm: 4f35f7cbe854078d1ac9338744f61a02 -> 
  custom:container-muxer-webm: aa71ff27fc2769a1b78a27578f13a17b -> 
  custom:video-codec-MediaFoundation-h265: 746d11721c4dcdbdad8f713fa42b33f4 -> 
========================================================================
Received Prepare
Begin MonoManager ReloadAssembly
- Loaded All Assemblies, in  1.179 seconds
Refreshing native plugins compatible for Editor in 56.23 ms, found 3 plugins.
Native extension for WindowsStandalone target not found
Native extension for iOS target not found
Native extension for Android target not found
Mono: successfully reloaded assembly
- Finished resetting the current domain, in  1.219 seconds
Domain Reload Profiling: 2390ms
	BeginReloadAssembly (276ms)
		ExecutionOrderSort (0ms)
		DisableScriptedObjects (9ms)
		BackupInstance (0ms)
		ReleaseScriptingObjects (0ms)
		CreateAndSetChildDomain (54ms)
	RebuildCommonClasses (42ms)
	RebuildNativeTypeToScriptingClass (16ms)
	initialDomainReloadingComplete (62ms)
	LoadAllAssembliesAndSetupDomain (776ms)
		LoadAssemblies (868ms)
		RebuildTransferFunctionScriptingTraits (0ms)
		AnalyzeDomain (70ms)
			TypeCache.Refresh (21ms)
				TypeCache.ScanAssembly (1ms)
			ScanForSourceGeneratedMonoScriptInfo (40ms)
			ResolveRequiredComponents (4ms)
	FinalizeReload (1219ms)
		ReleaseScriptCaches (0ms)
		RebuildScriptCaches (0ms)
		SetupLoadedEditorAssemblies (886ms)
			LogAssemblyErrors (0ms)
			InitializePlatformSupportModulesInManaged (89ms)
			SetLoadedEditorAssemblies (5ms)
			RefreshPlugins (0ms)
			BeforeProcessingInitializeOnLoad (64ms)
			ProcessInitializeOnLoadAttributes (681ms)
			ProcessInitializeOnLoadMethodAttributes (26ms)
			AfterProcessingInitializeOnLoad (20ms)
			EditorAssembliesLoaded (0ms)
		ExecutionOrderSort2 (0ms)
		AwakeInstancesAfterBackupRestoration (25ms)
Refreshing native plugins compatible for Editor in 18.99 ms, found 3 plugins.
Preloading 0 native plugins for Editor in 0.00 ms.
Unloading 588 Unused Serialized files (Serialized files now loaded: 0)
Unloading 113 unused Assets / (71.8 KB). Loaded Objects now: 1004.
Memory consumption went from 70.4 MB to 70.3 MB.
Total: 2.770700 ms (FindLiveObjects: 0.098900 ms CreateObjectMapping: 0.027100 ms MarkObjects: 2.526400 ms  DeleteObjects: 0.116400 ms)

Prepare: number of updated asset objects reloaded= 0
AssetImportParameters requested are different than current active one (requested -> active):
  custom:video-encoder-webm-vp8: eb34c28f22e8b96e1ab97ce403110664 -> 
  custom:video-decoder-webm-vp8: 9c59270c3fd7afecdb556c50c9e8de78 -> 
  custom:audio-decoder-ogg-vorbis: bf7c407c2cedff20999df2af8eb42d56 -> 
  custom:video-decoder-ogg-theora: a1e56fd34408186e4bbccfd4996cb3dc -> 
  custom:audio-encoder-webm-vorbis: bf7c407c2cedff20999df2af8eb42d56 -> 
  custom:SearchIndexIgnoredProperties: e643bd26f0fe6173181afceb89e7c659 -> 
  custom:container-demuxer-ogg: 62fdf1f143b41e24485cea50d1cbac27 -> 
  custom:AudioImporter_EditorPlatform: d09bf68614088b80899f8185d706f6e7 -> 
  custom:CustomObjectIndexerAttribute: 9a22284fe3817be447336de3de66b15e -> 
  custom:framework-win-MediaFoundation: 216162199b28c13a410421893ffa2e32 -> 
  custom:container-demuxer-webm: 4f35f7cbe854078d1ac9338744f61a02 -> 
  custom:container-muxer-webm: aa71ff27fc2769a1b78a27578f13a17b -> 
  custom:video-codec-MediaFoundation-h265: 746d11721c4dcdbdad8f713fa42b33f4 -> 
========================================================================
Received Import Request.
  Time since last request: 105286.971108 seconds.
  path: Assets/Manager/PlayFabLogin.cs
  artifactKey: Guid(595f44096a64383418023879427666f3) Importer(815301076,1909f56bfc062723c751e8b465ee728b)
Start importing Assets/Manager/PlayFabLogin.cs using Guid(595f44096a64383418023879427666f3) Importer(815301076,1909f56bfc062723c751e8b465ee728b) [PhysX] Initialized MultithreadedTaskDispatcher with 6 workers.
 -> (artifact id: '735e9a6a1d07d590bfb1e5c9c3525e36') in 0.057119 seconds
Number of updated asset objects reloaded before import = 1
Number of asset objects unloaded after import = 0
========================================================================
Received Prepare
Begin MonoManager ReloadAssembly
- Loaded All Assemblies, in  1.229 seconds
Refreshing native plugins compatible for Editor in 34.24 ms, found 3 plugins.
Native extension for WindowsStandalone target not found
Native extension for iOS target not found
Native extension for Android target not found
Mono: successfully reloaded assembly
- Finished resetting the current domain, in  1.170 seconds
Domain Reload Profiling: 2378ms
	BeginReloadAssembly (239ms)
		ExecutionOrderSort (0ms)
		DisableScriptedObjects (15ms)
		BackupInstance (0ms)
		ReleaseScriptingObjects (0ms)
		CreateAndSetChildDomain (35ms)
	RebuildCommonClasses (92ms)
	RebuildNativeTypeToScriptingClass (34ms)
	initialDomainReloadingComplete (124ms)
	LoadAllAssembliesAndSetupDomain (719ms)
		LoadAssemblies (845ms)
		RebuildTransferFunctionScriptingTraits (0ms)
		AnalyzeDomain (23ms)
			TypeCache.Refresh (10ms)
				TypeCache.ScanAssembly (1ms)
			ScanForSourceGeneratedMonoScriptInfo (3ms)
			ResolveRequiredComponents (9ms)
	FinalizeReload (1171ms)
		ReleaseScriptCaches (0ms)
		RebuildScriptCaches (0ms)
		SetupLoadedEditorAssemblies (858ms)
			LogAssemblyErrors (0ms)
			InitializePlatformSupportModulesInManaged (63ms)
			SetLoadedEditorAssemblies (5ms)
			RefreshPlugins (0ms)
			BeforeProcessingInitializeOnLoad (75ms)
			ProcessInitializeOnLoadAttributes (676ms)
			ProcessInitializeOnLoadMethodAttributes (21ms)
			AfterProcessingInitializeOnLoad (18ms)
			EditorAssembliesLoaded (0ms)
		ExecutionOrderSort2 (0ms)
		AwakeInstancesAfterBackupRestoration (24ms)
Refreshing native plugins compatible for Editor in 18.31 ms, found 3 plugins.
Preloading 0 native plugins for Editor in 0.00 ms.
Unloading 587 Unused Serialized files (Serialized files now loaded: 0)
Unloading 113 unused Assets / (71.8 KB). Loaded Objects now: 1005.
Memory consumption went from 70.2 MB to 70.1 MB.
Total: 2.432800 ms (FindLiveObjects: 0.080900 ms CreateObjectMapping: 0.019600 ms MarkObjects: 2.224500 ms  DeleteObjects: 0.106600 ms)

Prepare: number of updated asset objects reloaded= 0
AssetImportParameters requested are different than current active one (requested -> active):
  custom:video-encoder-webm-vp8: eb34c28f22e8b96e1ab97ce403110664 -> 
  custom:video-decoder-webm-vp8: 9c59270c3fd7afecdb556c50c9e8de78 -> 
  custom:audio-decoder-ogg-vorbis: bf7c407c2cedff20999df2af8eb42d56 -> 
  custom:video-decoder-ogg-theora: a1e56fd34408186e4bbccfd4996cb3dc -> 
  custom:audio-encoder-webm-vorbis: bf7c407c2cedff20999df2af8eb42d56 -> 
  custom:SearchIndexIgnoredProperties: e643bd26f0fe6173181afceb89e7c659 -> 
  custom:container-demuxer-ogg: 62fdf1f143b41e24485cea50d1cbac27 -> 
  custom:AudioImporter_EditorPlatform: d09bf68614088b80899f8185d706f6e7 -> 
  custom:CustomObjectIndexerAttribute: 9a22284fe3817be447336de3de66b15e -> 
  custom:framework-win-MediaFoundation: 216162199b28c13a410421893ffa2e32 -> 
  custom:container-demuxer-webm: 4f35f7cbe854078d1ac9338744f61a02 -> 
  custom:container-muxer-webm: aa71ff27fc2769a1b78a27578f13a17b -> 
  custom:video-codec-MediaFoundation-h265: 746d11721c4dcdbdad8f713fa42b33f4 -> 
========================================================================
Received Import Request.
  Time since last request: 25.015747 seconds.
  path: Assets/Manager/PlayFabLogin.cs
  artifactKey: Guid(595f44096a64383418023879427666f3) Importer(815301076,1909f56bfc062723c751e8b465ee728b)
Start importing Assets/Manager/PlayFabLogin.cs using Guid(595f44096a64383418023879427666f3) Importer(815301076,1909f56bfc062723c751e8b465ee728b) [PhysX] Initialized MultithreadedTaskDispatcher with 6 workers.
 -> (artifact id: '04217f561a03a80a60981a98aa656222') in 0.002601 seconds
Number of updated asset objects reloaded before import = 0
Number of asset objects unloaded after import = 0
========================================================================
Received Prepare
Begin MonoManager ReloadAssembly
- Loaded All Assemblies, in  1.169 seconds
Refreshing native plugins compatible for Editor in 21.80 ms, found 3 plugins.
Native extension for WindowsStandalone target not found
Native extension for iOS target not found
Native extension for Android target not found
Mono: successfully reloaded assembly
- Finished resetting the current domain, in  1.046 seconds
Domain Reload Profiling: 2199ms
	BeginReloadAssembly (518ms)
		ExecutionOrderSort (0ms)
		DisableScriptedObjects (14ms)
		BackupInstance (0ms)
		ReleaseScriptingObjects (1ms)
		CreateAndSetChildDomain (60ms)
	RebuildCommonClasses (98ms)
	RebuildNativeTypeToScriptingClass (42ms)
	initialDomainReloadingComplete (87ms)
	LoadAllAssembliesAndSetupDomain (407ms)
		LoadAssemblies (747ms)
		RebuildTransferFunctionScriptingTraits (0ms)
		AnalyzeDomain (9ms)
			TypeCache.Refresh (5ms)
				TypeCache.ScanAssembly (0ms)
			ScanForSourceGeneratedMonoScriptInfo (0ms)
			ResolveRequiredComponents (3ms)
	FinalizeReload (1047ms)
		ReleaseScriptCaches (0ms)
		RebuildScriptCaches (0ms)
		SetupLoadedEditorAssemblies (802ms)
			LogAssemblyErrors (0ms)
			InitializePlatformSupportModulesInManaged (57ms)
			SetLoadedEditorAssemblies (4ms)
			RefreshPlugins (0ms)
			BeforeProcessingInitializeOnLoad (102ms)
			ProcessInitializeOnLoadAttributes (598ms)
			ProcessInitializeOnLoadMethodAttributes (22ms)
			AfterProcessingInitializeOnLoad (18ms)
			EditorAssembliesLoaded (0ms)
		ExecutionOrderSort2 (0ms)
		AwakeInstancesAfterBackupRestoration (26ms)
Refreshing native plugins compatible for Editor in 17.27 ms, found 3 plugins.
Preloading 0 native plugins for Editor in 0.00 ms.
Unloading 587 Unused Serialized files (Serialized files now loaded: 0)
Unloading 113 unused Assets / (72.9 KB). Loaded Objects now: 1006.
Memory consumption went from 70.2 MB to 70.1 MB.
Total: 2.566900 ms (FindLiveObjects: 0.087500 ms CreateObjectMapping: 0.022800 ms MarkObjects: 2.344500 ms  DeleteObjects: 0.111000 ms)

Prepare: number of updated asset objects reloaded= 0
AssetImportParameters requested are different than current active one (requested -> active):
  custom:video-encoder-webm-vp8: eb34c28f22e8b96e1ab97ce403110664 -> 
  custom:video-decoder-webm-vp8: 9c59270c3fd7afecdb556c50c9e8de78 -> 
  custom:audio-decoder-ogg-vorbis: bf7c407c2cedff20999df2af8eb42d56 -> 
  custom:video-decoder-ogg-theora: a1e56fd34408186e4bbccfd4996cb3dc -> 
  custom:audio-encoder-webm-vorbis: bf7c407c2cedff20999df2af8eb42d56 -> 
  custom:SearchIndexIgnoredProperties: e643bd26f0fe6173181afceb89e7c659 -> 
  custom:container-demuxer-ogg: 62fdf1f143b41e24485cea50d1cbac27 -> 
  custom:AudioImporter_EditorPlatform: d09bf68614088b80899f8185d706f6e7 -> 
  custom:CustomObjectIndexerAttribute: 9a22284fe3817be447336de3de66b15e -> 
  custom:framework-win-MediaFoundation: 216162199b28c13a410421893ffa2e32 -> 
  custom:container-demuxer-webm: 4f35f7cbe854078d1ac9338744f61a02 -> 
  custom:container-muxer-webm: aa71ff27fc2769a1b78a27578f13a17b -> 
  custom:video-codec-MediaFoundation-h265: 746d11721c4dcdbdad8f713fa42b33f4 -> 
========================================================================
Received Prepare
Begin MonoManager ReloadAssembly
Symbol file LoadedFromMemory is not a mono symbol file
- Loaded All Assemblies, in  1.977 seconds
Refreshing native plugins compatible for Editor in 18.43 ms, found 3 plugins.
Native extension for WindowsStandalone target not found
Native extension for iOS target not found
Native extension for Android target not found
GPGSUpgrader start
0x00007ff6e304af9d (Unity) StackWalker::GetCurrentCallstack
0x00007ff6e3050069 (Unity) StackWalker::ShowCallstack
0x00007ff6e403ff31 (Unity) GetStacktrace
0x00007ff6e46fb63e (Unity) DebugStringToFile
0x00007ff6e2119108 (Unity) DebugLogHandler_CUSTOM_Internal_Log
0x0000024f62a7fa73 (Mono JIT Code) (wrapper managed-to-native) UnityEngine.DebugLogHandler:Internal_Log (UnityEngine.LogType,UnityEngine.LogOption,string,UnityEngine.Object)
0x0000024f62a7f74b (Mono JIT Code) UnityEngine.DebugLogHandler:LogFormat (UnityEngine.LogType,UnityEngine.Object,string,object[])
0x0000024f62a7f4d0 (Mono JIT Code) UnityEngine.Logger:Log (UnityEngine.LogType,object)
0x0000024f62a7f398 (Mono JIT Code) UnityEngine.Debug:Log (object)
0x0000024f62a7ef4b (Mono JIT Code) GooglePlayGames.Editor.GPGSUpgrader:.cctor () (at C:/Users/PUS_DESK/OneDrive/Documents/Far Fly/FarFlyUnity/Far Fly/Assets/GooglePlayGames/com.google.play.games/Editor/GPGSUpgrader.cs:40)
0x0000024f62a7f165 (Mono JIT Code) (wrapper runtime-invoke) object:runtime_invoke_void (object,intptr,intptr,intptr)
0x00007ff8a45c4c1e (mono-2.0-bdwgc) mono_jit_runtime_invoke (at C:/build/output/Unity-Technologies/mono/mono/mini/mini-runtime.c:3445)
0x00007ff8a44fd254 (mono-2.0-bdwgc) do_runtime_invoke (at C:/build/output/Unity-Technologies/mono/mono/metadata/object.c:3068)
0x00007ff8a44f7ff9 (mono-2.0-bdwgc) mono_runtime_class_init_full (at C:/build/output/Unity-Technologies/mono/mono/metadata/object.c:563)
0x00007ff8a442de07 (mono-2.0-bdwgc) ves_icall_System_Runtime_CompilerServices_RuntimeHelpers_RunClassConstructor (at C:/build/output/Unity-Technologies/mono/mono/metadata/icall.c:1292)
0x00007ff8a445feec (mono-2.0-bdwgc) ves_icall_System_Runtime_CompilerServices_RuntimeHelpers_RunClassConstructor_raw (at C:/build/output/Unity-Technologies/mono/mono/metadata/icall-def.h:756)
0x0000024f8344ccda (Mono JIT Code) (wrapper managed-to-native) System.Runtime.CompilerServices.RuntimeHelpers:RunClassConstructor (intptr)
0x0000024f8344cbeb (Mono JIT Code) System.Runtime.CompilerServices.RuntimeHelpers:RunClassConstructor (System.RuntimeTypeHandle)
0x0000024f83448f1b (Mono JIT Code) UnityEditor.EditorAssemblies:ProcessInitializeOnLoadAttributes (System.Type[])
0x0000024f8461e5f8 (Mono JIT Code) (wrapper runtime-invoke) <Module>:runtime_invoke_void_object (object,intptr,intptr,intptr)
0x00007ff8a45c4c1e (mono-2.0-bdwgc) mono_jit_runtime_invoke (at C:/build/output/Unity-Technologies/mono/mono/mini/mini-runtime.c:3445)
0x00007ff8a44fd254 (mono-2.0-bdwgc) do_runtime_invoke (at C:/build/output/Unity-Technologies/mono/mono/metadata/object.c:3068)
0x00007ff8a44fd3cc (mono-2.0-bdwgc) mono_runtime_invoke (at C:/build/output/Unity-Technologies/mono/mono/metadata/object.c:3115)
0x00007ff6e2f63464 (Unity) scripting_method_invoke
0x00007ff6e2f41154 (Unity) ScriptingInvocation::Invoke
0x00007ff6e2f3bca5 (Unity) ScriptingInvocation::Invoke<void>
0x00007ff6e308d383 (Unity) Scripting::UnityEditor::EditorAssembliesProxy::ProcessInitializeOnLoadAttributes
0x00007ff6e2f35b28 (Unity) MonoManager::SetupLoadedEditorAssemblies
0x00007ff6e2f2b8a9 (Unity) MonoManager::FinalizeReload
0x00007ff6e43392da (Unity) ScriptingInitializer::FinalizeReload
0x00007ff6e3edde7b (Unity) LoadUserAssemblies
0x00007ff6e43e5555 (Unity) <lambda_b37b41f03089e3cb3f55061bbc93253d>::operator()
0x00007ff6e44207b2 (Unity) asio::detail::completion_handler<core::mutable_function<void __cdecl(void)>,asio::io_context::basic_executor_type<std::allocator<void>,0> >::do_complete
0x00007ff6e440c75e (Unity) asio::detail::win_iocp_io_context::do_one
0x00007ff6e440e3c4 (Unity) asio::detail::win_iocp_io_context::run
0x00007ff6e441eb5c (Unity) IOService::Run
0x00007ff6e43f26bf (Unity) AssetImportWorkerClient::Run
0x00007ff6e43bd597 (Unity) RunAssetImportWorkerClientV2
0x00007ff6e43bd61b (Unity) RunAssetImporterV2
0x00007ff6e3bb60e1 (Unity) Application::InitializeProject
0x00007ff6e404a715 (Unity) WinMain
0x00007ff6e542f4be (Unity) __scrt_common_main_seh
0x00007ff93f9b257d (KERNEL32) BaseThreadInitThunk
0x00007ff940a6af28 (ntdll) RtlUserThreadStart

GPGSUpgrader done
0x00007ff6e304af9d (Unity) StackWalker::GetCurrentCallstack
0x00007ff6e3050069 (Unity) StackWalker::ShowCallstack
0x00007ff6e403ff31 (Unity) GetStacktrace
0x00007ff6e46fb63e (Unity) DebugStringToFile
0x00007ff6e2119108 (Unity) DebugLogHandler_CUSTOM_Internal_Log
0x0000024f62a7fa73 (Mono JIT Code) (wrapper managed-to-native) UnityEngine.DebugLogHandler:Internal_Log (UnityEngine.LogType,UnityEngine.LogOption,string,UnityEngine.Object)
0x0000024f62a7f74b (Mono JIT Code) UnityEngine.DebugLogHandler:LogFormat (UnityEngine.LogType,UnityEngine.Object,string,object[])
0x0000024f62a7f4d0 (Mono JIT Code) UnityEngine.Logger:Log (UnityEngine.LogType,object)
0x0000024f62a7f398 (Mono JIT Code) UnityEngine.Debug:Log (object)
0x0000024f62a7f04b (Mono JIT Code) GooglePlayGames.Editor.GPGSUpgrader:.cctor () (at C:/Users/PUS_DESK/OneDrive/Documents/Far Fly/FarFlyUnity/Far Fly/Assets/GooglePlayGames/com.google.play.games/Editor/GPGSUpgrader.cs:58)
0x0000024f62a7f165 (Mono JIT Code) (wrapper runtime-invoke) object:runtime_invoke_void (object,intptr,intptr,intptr)
0x00007ff8a45c4c1e (mono-2.0-bdwgc) mono_jit_runtime_invoke (at C:/build/output/Unity-Technologies/mono/mono/mini/mini-runtime.c:3445)
0x00007ff8a44fd254 (mono-2.0-bdwgc) do_runtime_invoke (at C:/build/output/Unity-Technologies/mono/mono/metadata/object.c:3068)
0x00007ff8a44f7ff9 (mono-2.0-bdwgc) mono_runtime_class_init_full (at C:/build/output/Unity-Technologies/mono/mono/metadata/object.c:563)
0x00007ff8a442de07 (mono-2.0-bdwgc) ves_icall_System_Runtime_CompilerServices_RuntimeHelpers_RunClassConstructor (at C:/build/output/Unity-Technologies/mono/mono/metadata/icall.c:1292)
0x00007ff8a445feec (mono-2.0-bdwgc) ves_icall_System_Runtime_CompilerServices_RuntimeHelpers_RunClassConstructor_raw (at C:/build/output/Unity-Technologies/mono/mono/metadata/icall-def.h:756)
0x0000024f8344ccda (Mono JIT Code) (wrapper managed-to-native) System.Runtime.CompilerServices.RuntimeHelpers:RunClassConstructor (intptr)
0x0000024f8344cbeb (Mono JIT Code) System.Runtime.CompilerServices.RuntimeHelpers:RunClassConstructor (System.RuntimeTypeHandle)
0x0000024f83448f1b (Mono JIT Code) UnityEditor.EditorAssemblies:ProcessInitializeOnLoadAttributes (System.Type[])
0x0000024f8461e5f8 (Mono JIT Code) (wrapper runtime-invoke) <Module>:runtime_invoke_void_object (object,intptr,intptr,intptr)
0x00007ff8a45c4c1e (mono-2.0-bdwgc) mono_jit_runtime_invoke (at C:/build/output/Unity-Technologies/mono/mono/mini/mini-runtime.c:3445)
0x00007ff8a44fd254 (mono-2.0-bdwgc) do_runtime_invoke (at C:/build/output/Unity-Technologies/mono/mono/metadata/object.c:3068)
0x00007ff8a44fd3cc (mono-2.0-bdwgc) mono_runtime_invoke (at C:/build/output/Unity-Technologies/mono/mono/metadata/object.c:3115)
0x00007ff6e2f63464 (Unity) scripting_method_invoke
0x00007ff6e2f41154 (Unity) ScriptingInvocation::Invoke
0x00007ff6e2f3bca5 (Unity) ScriptingInvocation::Invoke<void>
0x00007ff6e308d383 (Unity) Scripting::UnityEditor::EditorAssembliesProxy::ProcessInitializeOnLoadAttributes
0x00007ff6e2f35b28 (Unity) MonoManager::SetupLoadedEditorAssemblies
0x00007ff6e2f2b8a9 (Unity) MonoManager::FinalizeReload
0x00007ff6e43392da (Unity) ScriptingInitializer::FinalizeReload
0x00007ff6e3edde7b (Unity) LoadUserAssemblies
0x00007ff6e43e5555 (Unity) <lambda_b37b41f03089e3cb3f55061bbc93253d>::operator()
0x00007ff6e44207b2 (Unity) asio::detail::completion_handler<core::mutable_function<void __cdecl(void)>,asio::io_context::basic_executor_type<std::allocator<void>,0> >::do_complete
0x00007ff6e440c75e (Unity) asio::detail::win_iocp_io_context::do_one
0x00007ff6e440e3c4 (Unity) asio::detail::win_iocp_io_context::run
0x00007ff6e441eb5c (Unity) IOService::Run
0x00007ff6e43f26bf (Unity) AssetImportWorkerClient::Run
0x00007ff6e43bd597 (Unity) RunAssetImportWorkerClientV2
0x00007ff6e43bd61b (Unity) RunAssetImporterV2
0x00007ff6e3bb60e1 (Unity) Application::InitializeProject
0x00007ff6e404a715 (Unity) WinMain
0x00007ff6e542f4be (Unity) __scrt_common_main_seh
0x00007ff93f9b257d (KERNEL32) BaseThreadInitThunk
0x00007ff940a6af28 (ntdll) RtlUserThreadStart

Mono: successfully reloaded assembly
- Finished resetting the current domain, in  2.038 seconds
Domain Reload Profiling: 3984ms
	BeginReloadAssembly (295ms)
		ExecutionOrderSort (0ms)
		DisableScriptedObjects (14ms)
		BackupInstance (0ms)
		ReleaseScriptingObjects (0ms)
		CreateAndSetChildDomain (40ms)
	RebuildCommonClasses (39ms)
	RebuildNativeTypeToScriptingClass (17ms)
	initialDomainReloadingComplete (530ms)
	LoadAllAssembliesAndSetupDomain (1064ms)
		LoadAssemblies (1159ms)
		RebuildTransferFunctionScriptingTraits (0ms)
		AnalyzeDomain (81ms)
			TypeCache.Refresh (66ms)
				TypeCache.ScanAssembly (55ms)
			ScanForSourceGeneratedMonoScriptInfo (7ms)
			ResolveRequiredComponents (6ms)
	FinalizeReload (2039ms)
		ReleaseScriptCaches (0ms)
		RebuildScriptCaches (0ms)
		SetupLoadedEditorAssemblies (1751ms)
			LogAssemblyErrors (0ms)
			InitializePlatformSupportModulesInManaged (53ms)
			SetLoadedEditorAssemblies (3ms)
			RefreshPlugins (0ms)
			BeforeProcessingInitializeOnLoad (59ms)
			ProcessInitializeOnLoadAttributes (1523ms)
			ProcessInitializeOnLoadMethodAttributes (87ms)
			AfterProcessingInitializeOnLoad (26ms)
			EditorAssembliesLoaded (0ms)
		ExecutionOrderSort2 (0ms)
		AwakeInstancesAfterBackupRestoration (47ms)
Script is not up to date after domain reload: guid(12cfec295ecf76a6fb0d0d48f59d374c) path("Assets/GooglePlayGames/com.google.play.games/Runtime/Scripts/BasicApi/PlayerProfile.cs") state(2)
Script is not up to date after domain reload: guid(a6dfb529ed3bfc58ea80e1e100af33fd) path("Assets/GooglePlayGames/com.google.play.games/Runtime/Scripts/BasicApi/Player.cs") state(2)
Refreshing native plugins compatible for Editor in 21.79 ms, found 3 plugins.
Preloading 0 native plugins for Editor in 0.00 ms.
Unloading 673 Unused Serialized files (Serialized files now loaded: 0)
Unloading 198 unused Assets / (88.9 KB). Loaded Objects now: 1073.
Memory consumption went from 72.3 MB to 72.2 MB.
Total: 3.857900 ms (FindLiveObjects: 0.091000 ms CreateObjectMapping: 0.026500 ms MarkObjects: 3.570300 ms  DeleteObjects: 0.168800 ms)

Prepare: number of updated asset objects reloaded= 0
AssetImportParameters requested are different than current active one (requested -> active):
  custom:video-encoder-webm-vp8: eb34c28f22e8b96e1ab97ce403110664 -> 
  custom:video-decoder-webm-vp8: 9c59270c3fd7afecdb556c50c9e8de78 -> 
  custom:audio-decoder-ogg-vorbis: bf7c407c2cedff20999df2af8eb42d56 -> 
  custom:video-decoder-ogg-theora: a1e56fd34408186e4bbccfd4996cb3dc -> 
  custom:audio-encoder-webm-vorbis: bf7c407c2cedff20999df2af8eb42d56 -> 
  custom:SearchIndexIgnoredProperties: e643bd26f0fe6173181afceb89e7c659 -> 
  custom:container-demuxer-ogg: 62fdf1f143b41e24485cea50d1cbac27 -> 
  custom:AudioImporter_EditorPlatform: d09bf68614088b80899f8185d706f6e7 -> 
  custom:CustomObjectIndexerAttribute: 9a22284fe3817be447336de3de66b15e -> 
  custom:framework-win-MediaFoundation: 216162199b28c13a410421893ffa2e32 -> 
  custom:container-demuxer-webm: 4f35f7cbe854078d1ac9338744f61a02 -> 
  custom:container-muxer-webm: aa71ff27fc2769a1b78a27578f13a17b -> 
  custom:video-codec-MediaFoundation-h265: 746d11721c4dcdbdad8f713fa42b33f4 -> 
========================================================================
Received Prepare
Begin MonoManager ReloadAssembly
Symbol file LoadedFromMemory is not a mono symbol file
- Loaded All Assemblies, in  0.871 seconds
Refreshing native plugins compatible for Editor in 18.33 ms, found 3 plugins.
Native extension for WindowsStandalone target not found
Native extension for iOS target not found
Native extension for Android target not found
GPGSUpgrader start
0x00007ff6e304af9d (Unity) StackWalker::GetCurrentCallstack
0x00007ff6e3050069 (Unity) StackWalker::ShowCallstack
0x00007ff6e403ff31 (Unity) GetStacktrace
0x00007ff6e46fb63e (Unity) DebugStringToFile
0x00007ff6e2119108 (Unity) DebugLogHandler_CUSTOM_Internal_Log
0x0000024f82edbc93 (Mono JIT Code) (wrapper managed-to-native) UnityEngine.DebugLogHandler:Internal_Log (UnityEngine.LogType,UnityEngine.LogOption,string,UnityEngine.Object)
0x0000024f82edb96b (Mono JIT Code) UnityEngine.DebugLogHandler:LogFormat (UnityEngine.LogType,UnityEngine.Object,string,object[])
0x0000024f82edb6f0 (Mono JIT Code) UnityEngine.Logger:Log (UnityEngine.LogType,object)
0x0000024f82edb5b8 (Mono JIT Code) UnityEngine.Debug:Log (object)
0x0000024f82edb16b (Mono JIT Code) GooglePlayGames.Editor.GPGSUpgrader:.cctor () (at C:/Users/PUS_DESK/OneDrive/Documents/Far Fly/FarFlyUnity/Far Fly/Assets/GooglePlayGames/com.google.play.games/Editor/GPGSUpgrader.cs:40)
0x0000024f82edb385 (Mono JIT Code) (wrapper runtime-invoke) object:runtime_invoke_void (object,intptr,intptr,intptr)
0x00007ff8a45c4c1e (mono-2.0-bdwgc) mono_jit_runtime_invoke (at C:/build/output/Unity-Technologies/mono/mono/mini/mini-runtime.c:3445)
0x00007ff8a44fd254 (mono-2.0-bdwgc) do_runtime_invoke (at C:/build/output/Unity-Technologies/mono/mono/metadata/object.c:3068)
0x00007ff8a44f7ff9 (mono-2.0-bdwgc) mono_runtime_class_init_full (at C:/build/output/Unity-Technologies/mono/mono/metadata/object.c:563)
0x00007ff8a442de07 (mono-2.0-bdwgc) ves_icall_System_Runtime_CompilerServices_RuntimeHelpers_RunClassConstructor (at C:/build/output/Unity-Technologies/mono/mono/metadata/icall.c:1292)
0x00007ff8a445feec (mono-2.0-bdwgc) ves_icall_System_Runtime_CompilerServices_RuntimeHelpers_RunClassConstructor_raw (at C:/build/output/Unity-Technologies/mono/mono/metadata/icall-def.h:756)
0x0000024f83118a1a (Mono JIT Code) (wrapper managed-to-native) System.Runtime.CompilerServices.RuntimeHelpers:RunClassConstructor (intptr)
0x0000024f8311892b (Mono JIT Code) System.Runtime.CompilerServices.RuntimeHelpers:RunClassConstructor (System.RuntimeTypeHandle)
0x0000024f83114c5b (Mono JIT Code) UnityEditor.EditorAssemblies:ProcessInitializeOnLoadAttributes (System.Type[])
0x0000024f8461e5f8 (Mono JIT Code) (wrapper runtime-invoke) <Module>:runtime_invoke_void_object (object,intptr,intptr,intptr)
0x00007ff8a45c4c1e (mono-2.0-bdwgc) mono_jit_runtime_invoke (at C:/build/output/Unity-Technologies/mono/mono/mini/mini-runtime.c:3445)
0x00007ff8a44fd254 (mono-2.0-bdwgc) do_runtime_invoke (at C:/build/output/Unity-Technologies/mono/mono/metadata/object.c:3068)
0x00007ff8a44fd3cc (mono-2.0-bdwgc) mono_runtime_invoke (at C:/build/output/Unity-Technologies/mono/mono/metadata/object.c:3115)
0x00007ff6e2f63464 (Unity) scripting_method_invoke
0x00007ff6e2f41154 (Unity) ScriptingInvocation::Invoke
0x00007ff6e2f3bca5 (Unity) ScriptingInvocation::Invoke<void>
0x00007ff6e308d383 (Unity) Scripting::UnityEditor::EditorAssembliesProxy::ProcessInitializeOnLoadAttributes
0x00007ff6e2f35b28 (Unity) MonoManager::SetupLoadedEditorAssemblies
0x00007ff6e2f2b8a9 (Unity) MonoManager::FinalizeReload
0x00007ff6e43392da (Unity) ScriptingInitializer::FinalizeReload
0x00007ff6e3edde7b (Unity) LoadUserAssemblies
0x00007ff6e43e5555 (Unity) <lambda_b37b41f03089e3cb3f55061bbc93253d>::operator()
0x00007ff6e44207b2 (Unity) asio::detail::completion_handler<core::mutable_function<void __cdecl(void)>,asio::io_context::basic_executor_type<std::allocator<void>,0> >::do_complete
0x00007ff6e440c75e (Unity) asio::detail::win_iocp_io_context::do_one
0x00007ff6e440e3c4 (Unity) asio::detail::win_iocp_io_context::run
0x00007ff6e441eb5c (Unity) IOService::Run
0x00007ff6e43f26bf (Unity) AssetImportWorkerClient::Run
0x00007ff6e43bd597 (Unity) RunAssetImportWorkerClientV2
0x00007ff6e43bd61b (Unity) RunAssetImporterV2
0x00007ff6e3bb60e1 (Unity) Application::InitializeProject
0x00007ff6e404a715 (Unity) WinMain
0x00007ff6e542f4be (Unity) __scrt_common_main_seh
0x00007ff93f9b257d (KERNEL32) BaseThreadInitThunk
0x00007ff940a6af28 (ntdll) RtlUserThreadStart

System.IO.IOException: Sharing violation on path C:\Users\PUS_DESK\OneDrive\Documents\Far Fly\FarFlyUnity\Far Fly\ProjectSettings\GooglePlayGameSettings.txt
  at System.IO.FileStream..ctor (System.String path, System.IO.FileMode mode, System.IO.FileAccess access, System.IO.FileShare share, System.Int32 bufferSize, System.Boolean anonymous, System.IO.FileOptions options) [0x0019e] in <51fded79cd284d4d911c5949aff4cb21>:0 
  at System.IO.FileStream..ctor (System.String path, System.IO.FileMode mode, System.IO.FileAccess access, System.IO.FileShare share, System.Int32 bufferSize, System.IO.FileOptions options) [0x00000] in <51fded79cd284d4d911c5949aff4cb21>:0 
  at (wrapper remoting-invoke-with-check) System.IO.FileStream..ctor(string,System.IO.FileMode,System.IO.FileAccess,System.IO.FileShare,int,System.IO.FileOptions)
  at System.IO.StreamReader..ctor (System.String path, System.Text.Encoding encoding, System.Boolean detectEncodingFromByteOrderMarks, System.Int32 bufferSize) [0x00055] in <51fded79cd284d4d911c5949aff4cb21>:0 
  at System.IO.StreamReader..ctor (System.String path, System.Boolean detectEncodingFromByteOrderMarks) [0x00007] in <51fded79cd284d4d911c5949aff4cb21>:0 
  at System.IO.StreamReader..ctor (System.String path) [0x00000] in <51fded79cd284d4d911c5949aff4cb21>:0 
  at (wrapper remoting-invoke-with-check) System.IO.StreamReader..ctor(string)
  at GooglePlayGames.Editor.GPGSProjectSettings..ctor () [0x00067] in C:\Users\PUS_DESK\OneDrive\Documents\Far Fly\FarFlyUnity\Far Fly\Assets\GooglePlayGames\com.google.play.games\Editor\GPGSProjectSettings.cs:70 
  at GooglePlayGames.Editor.GPGSProjectSettings.get_Instance () [0x00007] in C:\Users\PUS_DESK\OneDrive\Documents\Far Fly\FarFlyUnity\Far Fly\Assets\GooglePlayGames\com.google.play.games\Editor\GPGSProjectSettings.cs:40 
  at GooglePlayGames.Editor.GPGSUpgrader..cctor () [0x00012] in C:\Users\PUS_DESK\OneDrive\Documents\Far Fly\FarFlyUnity\Far Fly\Assets\GooglePlayGames\com.google.play.games\Editor\GPGSUpgrader.cs:40 
0x00007ff6e304af9d (Unity) StackWalker::GetCurrentCallstack
0x00007ff6e3050069 (Unity) StackWalker::ShowCallstack
0x00007ff6e403ff31 (Unity) GetStacktrace
0x00007ff6e46fb63e (Unity) DebugStringToFile
0x00007ff6e2119108 (Unity) DebugLogHandler_CUSTOM_Internal_Log
0x0000024f82edbc93 (Mono JIT Code) (wrapper managed-to-native) UnityEngine.DebugLogHandler:Internal_Log (UnityEngine.LogType,UnityEngine.LogOption,string,UnityEngine.Object)
0x0000024f82edb96b (Mono JIT Code) UnityEngine.DebugLogHandler:LogFormat (UnityEngine.LogType,UnityEngine.Object,string,object[])
0x0000024f82edb6f0 (Mono JIT Code) UnityEngine.Logger:Log (UnityEngine.LogType,object)
0x0000024f82ede115 (Mono JIT Code) UnityEngine.Debug:LogError (object)
0x0000024f83114d0b (Mono JIT Code) UnityEditor.EditorAssemblies:ProcessInitializeOnLoadAttributes (System.Type[])
0x0000024f8461e5f8 (Mono JIT Code) (wrapper runtime-invoke) <Module>:runtime_invoke_void_object (object,intptr,intptr,intptr)
0x00007ff8a45c4c1e (mono-2.0-bdwgc) mono_jit_runtime_invoke (at C:/build/output/Unity-Technologies/mono/mono/mini/mini-runtime.c:3445)
0x00007ff8a44fd254 (mono-2.0-bdwgc) do_runtime_invoke (at C:/build/output/Unity-Technologies/mono/mono/metadata/object.c:3068)
0x00007ff8a44fd3cc (mono-2.0-bdwgc) mono_runtime_invoke (at C:/build/output/Unity-Technologies/mono/mono/metadata/object.c:3115)
0x00007ff6e2f63464 (Unity) scripting_method_invoke
0x00007ff6e2f41154 (Unity) ScriptingInvocation::Invoke
0x00007ff6e2f3bca5 (Unity) ScriptingInvocation::Invoke<void>
0x00007ff6e308d383 (Unity) Scripting::UnityEditor::EditorAssembliesProxy::ProcessInitializeOnLoadAttributes
0x00007ff6e2f35b28 (Unity) MonoManager::SetupLoadedEditorAssemblies
0x00007ff6e2f2b8a9 (Unity) MonoManager::FinalizeReload
0x00007ff6e43392da (Unity) ScriptingInitializer::FinalizeReload
0x00007ff6e3edde7b (Unity) LoadUserAssemblies
0x00007ff6e43e5555 (Unity) <lambda_b37b41f03089e3cb3f55061bbc93253d>::operator()
0x00007ff6e44207b2 (Unity) asio::detail::completion_handler<core::mutable_function<void __cdecl(void)>,asio::io_context::basic_executor_type<std::allocator<void>,0> >::do_complete
0x00007ff6e440c75e (Unity) asio::detail::win_iocp_io_context::do_one
0x00007ff6e440e3c4 (Unity) asio::detail::win_iocp_io_context::run
0x00007ff6e441eb5c (Unity) IOService::Run
0x00007ff6e43f26bf (Unity) AssetImportWorkerClient::Run
0x00007ff6e43bd597 (Unity) RunAssetImportWorkerClientV2
0x00007ff6e43bd61b (Unity) RunAssetImporterV2
0x00007ff6e3bb60e1 (Unity) Application::InitializeProject
0x00007ff6e404a715 (Unity) WinMain
0x00007ff6e542f4be (Unity) __scrt_common_main_seh
0x00007ff93f9b257d (KERNEL32) BaseThreadInitThunk
0x00007ff940a6af28 (ntdll) RtlUserThreadStart

Mono: successfully reloaded assembly
- Finished resetting the current domain, in  2.408 seconds
Domain Reload Profiling: 3276ms
	BeginReloadAssembly (275ms)
		ExecutionOrderSort (0ms)
		DisableScriptedObjects (6ms)
		BackupInstance (0ms)
		ReleaseScriptingObjects (0ms)
		CreateAndSetChildDomain (29ms)
	RebuildCommonClasses (57ms)
	RebuildNativeTypeToScriptingClass (19ms)
	initialDomainReloadingComplete (69ms)
	LoadAllAssembliesAndSetupDomain (441ms)
		LoadAssemblies (634ms)
		RebuildTransferFunctionScriptingTraits (0ms)
		AnalyzeDomain (10ms)
			TypeCache.Refresh (6ms)
				TypeCache.ScanAssembly (0ms)
			ScanForSourceGeneratedMonoScriptInfo (0ms)
			ResolveRequiredComponents (3ms)
	FinalizeReload (2414ms)
		ReleaseScriptCaches (0ms)
		RebuildScriptCaches (0ms)
		SetupLoadedEditorAssemblies (2001ms)
			LogAssemblyErrors (0ms)
			InitializePlatformSupportModulesInManaged (76ms)
			SetLoadedEditorAssemblies (3ms)
			RefreshPlugins (0ms)
			BeforeProcessingInitializeOnLoad (76ms)
			ProcessInitializeOnLoadAttributes (1710ms)
			ProcessInitializeOnLoadMethodAttributes (97ms)
			AfterProcessingInitializeOnLoad (39ms)
			EditorAssembliesLoaded (0ms)
		ExecutionOrderSort2 (0ms)
		AwakeInstancesAfterBackupRestoration (50ms)
Script is not up to date after domain reload: guid(3cc007de7ecc4944c9ad956d1baa55aa) path("Assets/GeneratedLocalRepo/GoogleSignIn/Editor/m2repository/com/google/signin/google-signin-support/1.0.4/google-signin-support-1.0.4.aar") state(2)
Refreshing native plugins compatible for Editor in 19.92 ms, found 3 plugins.
Preloading 0 native plugins for Editor in 0.00 ms.
Unloading 673 Unused Serialized files (Serialized files now loaded: 0)
Unloading 198 unused Assets / (87.9 KB). Loaded Objects now: 1076.
Memory consumption went from 72.3 MB to 72.3 MB.
Total: 2.761900 ms (FindLiveObjects: 0.092000 ms CreateObjectMapping: 0.029400 ms MarkObjects: 2.471900 ms  DeleteObjects: 0.167900 ms)

Prepare: number of updated asset objects reloaded= 0
AssetImportParameters requested are different than current active one (requested -> active):
  custom:video-encoder-webm-vp8: eb34c28f22e8b96e1ab97ce403110664 -> 
  custom:video-decoder-webm-vp8: 9c59270c3fd7afecdb556c50c9e8de78 -> 
  custom:audio-decoder-ogg-vorbis: bf7c407c2cedff20999df2af8eb42d56 -> 
  custom:video-decoder-ogg-theora: a1e56fd34408186e4bbccfd4996cb3dc -> 
  custom:audio-encoder-webm-vorbis: bf7c407c2cedff20999df2af8eb42d56 -> 
  custom:SearchIndexIgnoredProperties: e643bd26f0fe6173181afceb89e7c659 -> 
  custom:container-demuxer-ogg: 62fdf1f143b41e24485cea50d1cbac27 -> 
  custom:AudioImporter_EditorPlatform: d09bf68614088b80899f8185d706f6e7 -> 
  custom:CustomObjectIndexerAttribute: 9a22284fe3817be447336de3de66b15e -> 
  custom:framework-win-MediaFoundation: 216162199b28c13a410421893ffa2e32 -> 
  custom:container-demuxer-webm: 4f35f7cbe854078d1ac9338744f61a02 -> 
  custom:container-muxer-webm: aa71ff27fc2769a1b78a27578f13a17b -> 
  custom:video-codec-MediaFoundation-h265: 746d11721c4dcdbdad8f713fa42b33f4 -> 
========================================================================
Received Prepare
Begin MonoManager ReloadAssembly
Symbol file LoadedFromMemory is not a mono symbol file
- Loaded All Assemblies, in  1.447 seconds
Refreshing native plugins compatible for Editor in 20.00 ms, found 3 plugins.
Native extension for WindowsStandalone target not found
Native extension for iOS target not found
Native extension for Android target not found
GPGSUpgrader start
0x00007ff6e304af9d (Unity) StackWalker::GetCurrentCallstack
0x00007ff6e3050069 (Unity) StackWalker::ShowCallstack
0x00007ff6e403ff31 (Unity) GetStacktrace
0x00007ff6e46fb63e (Unity) DebugStringToFile
0x00007ff6e2119108 (Unity) DebugLogHandler_CUSTOM_Internal_Log
0x0000024f62a7d493 (Mono JIT Code) (wrapper managed-to-native) UnityEngine.DebugLogHandler:Internal_Log (UnityEngine.LogType,UnityEngine.LogOption,string,UnityEngine.Object)
0x0000024f62a7d16b (Mono JIT Code) UnityEngine.DebugLogHandler:LogFormat (UnityEngine.LogType,UnityEngine.Object,string,object[])
0x0000024f62a7cef0 (Mono JIT Code) UnityEngine.Logger:Log (UnityEngine.LogType,object)
0x0000024f62a7cdb8 (Mono JIT Code) UnityEngine.Debug:Log (object)
0x0000024f62a7c96b (Mono JIT Code) GooglePlayGames.Editor.GPGSUpgrader:.cctor () (at C:/Users/PUS_DESK/OneDrive/Documents/Far Fly/FarFlyUnity/Far Fly/Assets/GooglePlayGames/com.google.play.games/Editor/GPGSUpgrader.cs:40)
0x0000024f62a7cb85 (Mono JIT Code) (wrapper runtime-invoke) object:runtime_invoke_void (object,intptr,intptr,intptr)
0x00007ff8a45c4c1e (mono-2.0-bdwgc) mono_jit_runtime_invoke (at C:/build/output/Unity-Technologies/mono/mono/mini/mini-runtime.c:3445)
0x00007ff8a44fd254 (mono-2.0-bdwgc) do_runtime_invoke (at C:/build/output/Unity-Technologies/mono/mono/metadata/object.c:3068)
0x00007ff8a44f7ff9 (mono-2.0-bdwgc) mono_runtime_class_init_full (at C:/build/output/Unity-Technologies/mono/mono/metadata/object.c:563)
0x00007ff8a442de07 (mono-2.0-bdwgc) ves_icall_System_Runtime_CompilerServices_RuntimeHelpers_RunClassConstructor (at C:/build/output/Unity-Technologies/mono/mono/metadata/icall.c:1292)
0x00007ff8a445feec (mono-2.0-bdwgc) ves_icall_System_Runtime_CompilerServices_RuntimeHelpers_RunClassConstructor_raw (at C:/build/output/Unity-Technologies/mono/mono/metadata/icall-def.h:756)
0x0000024f82efa1da (Mono JIT Code) (wrapper managed-to-native) System.Runtime.CompilerServices.RuntimeHelpers:RunClassConstructor (intptr)
0x0000024f82efa0eb (Mono JIT Code) System.Runtime.CompilerServices.RuntimeHelpers:RunClassConstructor (System.RuntimeTypeHandle)
0x0000024f82ef641b (Mono JIT Code) UnityEditor.EditorAssemblies:ProcessInitializeOnLoadAttributes (System.Type[])
0x0000024f8461e5f8 (Mono JIT Code) (wrapper runtime-invoke) <Module>:runtime_invoke_void_object (object,intptr,intptr,intptr)
0x00007ff8a45c4c1e (mono-2.0-bdwgc) mono_jit_runtime_invoke (at C:/build/output/Unity-Technologies/mono/mono/mini/mini-runtime.c:3445)
0x00007ff8a44fd254 (mono-2.0-bdwgc) do_runtime_invoke (at C:/build/output/Unity-Technologies/mono/mono/metadata/object.c:3068)
0x00007ff8a44fd3cc (mono-2.0-bdwgc) mono_runtime_invoke (at C:/build/output/Unity-Technologies/mono/mono/metadata/object.c:3115)
0x00007ff6e2f63464 (Unity) scripting_method_invoke
0x00007ff6e2f41154 (Unity) ScriptingInvocation::Invoke
0x00007ff6e2f3bca5 (Unity) ScriptingInvocation::Invoke<void>
0x00007ff6e308d383 (Unity) Scripting::UnityEditor::EditorAssembliesProxy::ProcessInitializeOnLoadAttributes
0x00007ff6e2f35b28 (Unity) MonoManager::SetupLoadedEditorAssemblies
0x00007ff6e2f2b8a9 (Unity) MonoManager::FinalizeReload
0x00007ff6e43392da (Unity) ScriptingInitializer::FinalizeReload
0x00007ff6e3edde7b (Unity) LoadUserAssemblies
0x00007ff6e43e5555 (Unity) <lambda_b37b41f03089e3cb3f55061bbc93253d>::operator()
0x00007ff6e44207b2 (Unity) asio::detail::completion_handler<core::mutable_function<void __cdecl(void)>,asio::io_context::basic_executor_type<std::allocator<void>,0> >::do_complete
0x00007ff6e440c75e (Unity) asio::detail::win_iocp_io_context::do_one
0x00007ff6e440e3c4 (Unity) asio::detail::win_iocp_io_context::run
0x00007ff6e441eb5c (Unity) IOService::Run
0x00007ff6e43f26bf (Unity) AssetImportWorkerClient::Run
0x00007ff6e43bd597 (Unity) RunAssetImportWorkerClientV2
0x00007ff6e43bd61b (Unity) RunAssetImporterV2
0x00007ff6e3bb60e1 (Unity) Application::InitializeProject
0x00007ff6e404a715 (Unity) WinMain
0x00007ff6e542f4be (Unity) __scrt_common_main_seh
0x00007ff93f9b257d (KERNEL32) BaseThreadInitThunk
0x00007ff940a6af28 (ntdll) RtlUserThreadStart

GPGSUpgrader done
0x00007ff6e304af9d (Unity) StackWalker::GetCurrentCallstack
0x00007ff6e3050069 (Unity) StackWalker::ShowCallstack
0x00007ff6e403ff31 (Unity) GetStacktrace
0x00007ff6e46fb63e (Unity) DebugStringToFile
0x00007ff6e2119108 (Unity) DebugLogHandler_CUSTOM_Internal_Log
0x0000024f62a7d493 (Mono JIT Code) (wrapper managed-to-native) UnityEngine.DebugLogHandler:Internal_Log (UnityEngine.LogType,UnityEngine.LogOption,string,UnityEngine.Object)
0x0000024f62a7d16b (Mono JIT Code) UnityEngine.DebugLogHandler:LogFormat (UnityEngine.LogType,UnityEngine.Object,string,object[])
0x0000024f62a7cef0 (Mono JIT Code) UnityEngine.Logger:Log (UnityEngine.LogType,object)
0x0000024f62a7cdb8 (Mono JIT Code) UnityEngine.Debug:Log (object)
0x0000024f62a7ca6b (Mono JIT Code) GooglePlayGames.Editor.GPGSUpgrader:.cctor () (at C:/Users/PUS_DESK/OneDrive/Documents/Far Fly/FarFlyUnity/Far Fly/Assets/GooglePlayGames/com.google.play.games/Editor/GPGSUpgrader.cs:58)
0x0000024f62a7cb85 (Mono JIT Code) (wrapper runtime-invoke) object:runtime_invoke_void (object,intptr,intptr,intptr)
0x00007ff8a45c4c1e (mono-2.0-bdwgc) mono_jit_runtime_invoke (at C:/build/output/Unity-Technologies/mono/mono/mini/mini-runtime.c:3445)
0x00007ff8a44fd254 (mono-2.0-bdwgc) do_runtime_invoke (at C:/build/output/Unity-Technologies/mono/mono/metadata/object.c:3068)
0x00007ff8a44f7ff9 (mono-2.0-bdwgc) mono_runtime_class_init_full (at C:/build/output/Unity-Technologies/mono/mono/metadata/object.c:563)
0x00007ff8a442de07 (mono-2.0-bdwgc) ves_icall_System_Runtime_CompilerServices_RuntimeHelpers_RunClassConstructor (at C:/build/output/Unity-Technologies/mono/mono/metadata/icall.c:1292)
0x00007ff8a445feec (mono-2.0-bdwgc) ves_icall_System_Runtime_CompilerServices_RuntimeHelpers_RunClassConstructor_raw (at C:/build/output/Unity-Technologies/mono/mono/metadata/icall-def.h:756)
0x0000024f82efa1da (Mono JIT Code) (wrapper managed-to-native) System.Runtime.CompilerServices.RuntimeHelpers:RunClassConstructor (intptr)
0x0000024f82efa0eb (Mono JIT Code) System.Runtime.CompilerServices.RuntimeHelpers:RunClassConstructor (System.RuntimeTypeHandle)
0x0000024f82ef641b (Mono JIT Code) UnityEditor.EditorAssemblies:ProcessInitializeOnLoadAttributes (System.Type[])
0x0000024f8461e5f8 (Mono JIT Code) (wrapper runtime-invoke) <Module>:runtime_invoke_void_object (object,intptr,intptr,intptr)
0x00007ff8a45c4c1e (mono-2.0-bdwgc) mono_jit_runtime_invoke (at C:/build/output/Unity-Technologies/mono/mono/mini/mini-runtime.c:3445)
0x00007ff8a44fd254 (mono-2.0-bdwgc) do_runtime_invoke (at C:/build/output/Unity-Technologies/mono/mono/metadata/object.c:3068)
0x00007ff8a44fd3cc (mono-2.0-bdwgc) mono_runtime_invoke (at C:/build/output/Unity-Technologies/mono/mono/metadata/object.c:3115)
0x00007ff6e2f63464 (Unity) scripting_method_invoke
0x00007ff6e2f41154 (Unity) ScriptingInvocation::Invoke
0x00007ff6e2f3bca5 (Unity) ScriptingInvocation::Invoke<void>
0x00007ff6e308d383 (Unity) Scripting::UnityEditor::EditorAssembliesProxy::ProcessInitializeOnLoadAttributes
0x00007ff6e2f35b28 (Unity) MonoManager::SetupLoadedEditorAssemblies
0x00007ff6e2f2b8a9 (Unity) MonoManager::FinalizeReload
0x00007ff6e43392da (Unity) ScriptingInitializer::FinalizeReload
0x00007ff6e3edde7b (Unity) LoadUserAssemblies
0x00007ff6e43e5555 (Unity) <lambda_b37b41f03089e3cb3f55061bbc93253d>::operator()
0x00007ff6e44207b2 (Unity) asio::detail::completion_handler<core::mutable_function<void __cdecl(void)>,asio::io_context::basic_executor_type<std::allocator<void>,0> >::do_complete
0x00007ff6e440c75e (Unity) asio::detail::win_iocp_io_context::do_one
0x00007ff6e440e3c4 (Unity) asio::detail::win_iocp_io_context::run
0x00007ff6e441eb5c (Unity) IOService::Run
0x00007ff6e43f26bf (Unity) AssetImportWorkerClient::Run
0x00007ff6e43bd597 (Unity) RunAssetImportWorkerClientV2
0x00007ff6e43bd61b (Unity) RunAssetImporterV2
0x00007ff6e3bb60e1 (Unity) Application::InitializeProject
0x00007ff6e404a715 (Unity) WinMain
0x00007ff6e542f4be (Unity) __scrt_common_main_seh
0x00007ff93f9b257d (KERNEL32) BaseThreadInitThunk
0x00007ff940a6af28 (ntdll) RtlUserThreadStart

Mono: successfully reloaded assembly
- Finished resetting the current domain, in  2.701 seconds
Domain Reload Profiling: 4139ms
	BeginReloadAssembly (545ms)
		ExecutionOrderSort (0ms)
		DisableScriptedObjects (18ms)
		BackupInstance (0ms)
		ReleaseScriptingObjects (0ms)
		CreateAndSetChildDomain (139ms)
	RebuildCommonClasses (172ms)
	RebuildNativeTypeToScriptingClass (16ms)
	initialDomainReloadingComplete (67ms)
	LoadAllAssembliesAndSetupDomain (638ms)
		LoadAssemblies (931ms)
		RebuildTransferFunctionScriptingTraits (0ms)
		AnalyzeDomain (21ms)
			TypeCache.Refresh (13ms)
				TypeCache.ScanAssembly (2ms)
			ScanForSourceGeneratedMonoScriptInfo (4ms)
			ResolveRequiredComponents (4ms)
	FinalizeReload (2701ms)
		ReleaseScriptCaches (0ms)
		RebuildScriptCaches (0ms)
		SetupLoadedEditorAssemblies (1559ms)
			LogAssemblyErrors (0ms)
			InitializePlatformSupportModulesInManaged (66ms)
			SetLoadedEditorAssemblies (4ms)
			RefreshPlugins (0ms)
			BeforeProcessingInitializeOnLoad (64ms)
			ProcessInitializeOnLoadAttributes (1383ms)
			ProcessInitializeOnLoadMethodAttributes (24ms)
			AfterProcessingInitializeOnLoad (18ms)
			EditorAssembliesLoaded (0ms)
		ExecutionOrderSort2 (0ms)
		AwakeInstancesAfterBackupRestoration (24ms)
Refreshing native plugins compatible for Editor in 21.50 ms, found 3 plugins.
Preloading 0 native plugins for Editor in 0.00 ms.
Unloading 664 Unused Serialized files (Serialized files now loaded: 0)
Unloading 200 unused Assets / (86.9 KB). Loaded Objects now: 1066.
Memory consumption went from 72.2 MB to 72.1 MB.
Total: 3.585400 ms (FindLiveObjects: 0.091600 ms CreateObjectMapping: 0.026200 ms MarkObjects: 3.215600 ms  DeleteObjects: 0.250400 ms)

Prepare: number of updated asset objects reloaded= 0
AssetImportParameters requested are different than current active one (requested -> active):
  custom:video-encoder-webm-vp8: eb34c28f22e8b96e1ab97ce403110664 -> 
  custom:video-decoder-webm-vp8: 9c59270c3fd7afecdb556c50c9e8de78 -> 
  custom:audio-decoder-ogg-vorbis: bf7c407c2cedff20999df2af8eb42d56 -> 
  custom:video-decoder-ogg-theora: a1e56fd34408186e4bbccfd4996cb3dc -> 
  custom:audio-encoder-webm-vorbis: bf7c407c2cedff20999df2af8eb42d56 -> 
  custom:SearchIndexIgnoredProperties: e643bd26f0fe6173181afceb89e7c659 -> 
  custom:container-demuxer-ogg: 62fdf1f143b41e24485cea50d1cbac27 -> 
  custom:AudioImporter_EditorPlatform: d09bf68614088b80899f8185d706f6e7 -> 
  custom:CustomObjectIndexerAttribute: 9a22284fe3817be447336de3de66b15e -> 
  custom:framework-win-MediaFoundation: 216162199b28c13a410421893ffa2e32 -> 
  custom:container-demuxer-webm: 4f35f7cbe854078d1ac9338744f61a02 -> 
  custom:container-muxer-webm: aa71ff27fc2769a1b78a27578f13a17b -> 
  custom:video-codec-MediaFoundation-h265: 746d11721c4dcdbdad8f713fa42b33f4 -> 
========================================================================
Received Prepare
Begin MonoManager ReloadAssembly
Symbol file LoadedFromMemory is not a mono symbol file
- Loaded All Assemblies, in  1.265 seconds
Refreshing native plugins compatible for Editor in 31.05 ms, found 3 plugins.
Native extension for WindowsStandalone target not found
Native extension for iOS target not found
Native extension for Android target not found
GPGSUpgrader start
0x00007ff6e304af9d (Unity) StackWalker::GetCurrentCallstack
0x00007ff6e3050069 (Unity) StackWalker::ShowCallstack
0x00007ff6e403ff31 (Unity) GetStacktrace
0x00007ff6e46fb63e (Unity) DebugStringToFile
0x00007ff6e2119108 (Unity) DebugLogHandler_CUSTOM_Internal_Log
0x0000024f6290c8f3 (Mono JIT Code) (wrapper managed-to-native) UnityEngine.DebugLogHandler:Internal_Log (UnityEngine.LogType,UnityEngine.LogOption,string,UnityEngine.Object)
0x0000024f6290c5cb (Mono JIT Code) UnityEngine.DebugLogHandler:LogFormat (UnityEngine.LogType,UnityEngine.Object,string,object[])
0x0000024f6290c350 (Mono JIT Code) UnityEngine.Logger:Log (UnityEngine.LogType,object)
0x0000024f6290c218 (Mono JIT Code) UnityEngine.Debug:Log (object)
0x0000024f6290bdcb (Mono JIT Code) GooglePlayGames.Editor.GPGSUpgrader:.cctor () (at C:/Users/PUS_DESK/OneDrive/Documents/Far Fly/FarFlyUnity/Far Fly/Assets/GooglePlayGames/com.google.play.games/Editor/GPGSUpgrader.cs:40)
0x0000024f6290bfe5 (Mono JIT Code) (wrapper runtime-invoke) object:runtime_invoke_void (object,intptr,intptr,intptr)
0x00007ff8a45c4c1e (mono-2.0-bdwgc) mono_jit_runtime_invoke (at C:/build/output/Unity-Technologies/mono/mono/mini/mini-runtime.c:3445)
0x00007ff8a44fd254 (mono-2.0-bdwgc) do_runtime_invoke (at C:/build/output/Unity-Technologies/mono/mono/metadata/object.c:3068)
0x00007ff8a44f7ff9 (mono-2.0-bdwgc) mono_runtime_class_init_full (at C:/build/output/Unity-Technologies/mono/mono/metadata/object.c:563)
0x00007ff8a442de07 (mono-2.0-bdwgc) ves_icall_System_Runtime_CompilerServices_RuntimeHelpers_RunClassConstructor (at C:/build/output/Unity-Technologies/mono/mono/metadata/icall.c:1292)
0x00007ff8a445feec (mono-2.0-bdwgc) ves_icall_System_Runtime_CompilerServices_RuntimeHelpers_RunClassConstructor_raw (at C:/build/output/Unity-Technologies/mono/mono/metadata/icall-def.h:756)
0x0000024f62ad958a (Mono JIT Code) (wrapper managed-to-native) System.Runtime.CompilerServices.RuntimeHelpers:RunClassConstructor (intptr)
0x0000024f62ad949b (Mono JIT Code) System.Runtime.CompilerServices.RuntimeHelpers:RunClassConstructor (System.RuntimeTypeHandle)
0x0000024f62ad57cb (Mono JIT Code) UnityEditor.EditorAssemblies:ProcessInitializeOnLoadAttributes (System.Type[])
0x0000024f8461e5f8 (Mono JIT Code) (wrapper runtime-invoke) <Module>:runtime_invoke_void_object (object,intptr,intptr,intptr)
0x00007ff8a45c4c1e (mono-2.0-bdwgc) mono_jit_runtime_invoke (at C:/build/output/Unity-Technologies/mono/mono/mini/mini-runtime.c:3445)
0x00007ff8a44fd254 (mono-2.0-bdwgc) do_runtime_invoke (at C:/build/output/Unity-Technologies/mono/mono/metadata/object.c:3068)
0x00007ff8a44fd3cc (mono-2.0-bdwgc) mono_runtime_invoke (at C:/build/output/Unity-Technologies/mono/mono/metadata/object.c:3115)
0x00007ff6e2f63464 (Unity) scripting_method_invoke
0x00007ff6e2f41154 (Unity) ScriptingInvocation::Invoke
0x00007ff6e2f3bca5 (Unity) ScriptingInvocation::Invoke<void>
0x00007ff6e308d383 (Unity) Scripting::UnityEditor::EditorAssembliesProxy::ProcessInitializeOnLoadAttributes
0x00007ff6e2f35b28 (Unity) MonoManager::SetupLoadedEditorAssemblies
0x00007ff6e2f2b8a9 (Unity) MonoManager::FinalizeReload
0x00007ff6e43392da (Unity) ScriptingInitializer::FinalizeReload
0x00007ff6e3edde7b (Unity) LoadUserAssemblies
0x00007ff6e43e5555 (Unity) <lambda_b37b41f03089e3cb3f55061bbc93253d>::operator()
0x00007ff6e44207b2 (Unity) asio::detail::completion_handler<core::mutable_function<void __cdecl(void)>,asio::io_context::basic_executor_type<std::allocator<void>,0> >::do_complete
0x00007ff6e440c75e (Unity) asio::detail::win_iocp_io_context::do_one
0x00007ff6e440e3c4 (Unity) asio::detail::win_iocp_io_context::run
0x00007ff6e441eb5c (Unity) IOService::Run
0x00007ff6e43f26bf (Unity) AssetImportWorkerClient::Run
0x00007ff6e43bd597 (Unity) RunAssetImportWorkerClientV2
0x00007ff6e43bd61b (Unity) RunAssetImporterV2
0x00007ff6e3bb60e1 (Unity) Application::InitializeProject
0x00007ff6e404a715 (Unity) WinMain
0x00007ff6e542f4be (Unity) __scrt_common_main_seh
0x00007ff93f9b257d (KERNEL32) BaseThreadInitThunk
0x00007ff940a6af28 (ntdll) RtlUserThreadStart

GPGSUpgrader done
0x00007ff6e304af9d (Unity) StackWalker::GetCurrentCallstack
0x00007ff6e3050069 (Unity) StackWalker::ShowCallstack
0x00007ff6e403ff31 (Unity) GetStacktrace
0x00007ff6e46fb63e (Unity) DebugStringToFile
0x00007ff6e2119108 (Unity) DebugLogHandler_CUSTOM_Internal_Log
0x0000024f6290c8f3 (Mono JIT Code) (wrapper managed-to-native) UnityEngine.DebugLogHandler:Internal_Log (UnityEngine.LogType,UnityEngine.LogOption,string,UnityEngine.Object)
0x0000024f6290c5cb (Mono JIT Code) UnityEngine.DebugLogHandler:LogFormat (UnityEngine.LogType,UnityEngine.Object,string,object[])
0x0000024f6290c350 (Mono JIT Code) UnityEngine.Logger:Log (UnityEngine.LogType,object)
0x0000024f6290c218 (Mono JIT Code) UnityEngine.Debug:Log (object)
0x0000024f6290becb (Mono JIT Code) GooglePlayGames.Editor.GPGSUpgrader:.cctor () (at C:/Users/PUS_DESK/OneDrive/Documents/Far Fly/FarFlyUnity/Far Fly/Assets/GooglePlayGames/com.google.play.games/Editor/GPGSUpgrader.cs:58)
0x0000024f6290bfe5 (Mono JIT Code) (wrapper runtime-invoke) object:runtime_invoke_void (object,intptr,intptr,intptr)
0x00007ff8a45c4c1e (mono-2.0-bdwgc) mono_jit_runtime_invoke (at C:/build/output/Unity-Technologies/mono/mono/mini/mini-runtime.c:3445)
0x00007ff8a44fd254 (mono-2.0-bdwgc) do_runtime_invoke (at C:/build/output/Unity-Technologies/mono/mono/metadata/object.c:3068)
0x00007ff8a44f7ff9 (mono-2.0-bdwgc) mono_runtime_class_init_full (at C:/build/output/Unity-Technologies/mono/mono/metadata/object.c:563)
0x00007ff8a442de07 (mono-2.0-bdwgc) ves_icall_System_Runtime_CompilerServices_RuntimeHelpers_RunClassConstructor (at C:/build/output/Unity-Technologies/mono/mono/metadata/icall.c:1292)
0x00007ff8a445feec (mono-2.0-bdwgc) ves_icall_System_Runtime_CompilerServices_RuntimeHelpers_RunClassConstructor_raw (at C:/build/output/Unity-Technologies/mono/mono/metadata/icall-def.h:756)
0x0000024f62ad958a (Mono JIT Code) (wrapper managed-to-native) System.Runtime.CompilerServices.RuntimeHelpers:RunClassConstructor (intptr)
0x0000024f62ad949b (Mono JIT Code) System.Runtime.CompilerServices.RuntimeHelpers:RunClassConstructor (System.RuntimeTypeHandle)
0x0000024f62ad57cb (Mono JIT Code) UnityEditor.EditorAssemblies:ProcessInitializeOnLoadAttributes (System.Type[])
0x0000024f8461e5f8 (Mono JIT Code) (wrapper runtime-invoke) <Module>:runtime_invoke_void_object (object,intptr,intptr,intptr)
0x00007ff8a45c4c1e (mono-2.0-bdwgc) mono_jit_runtime_invoke (at C:/build/output/Unity-Technologies/mono/mono/mini/mini-runtime.c:3445)
0x00007ff8a44fd254 (mono-2.0-bdwgc) do_runtime_invoke (at C:/build/output/Unity-Technologies/mono/mono/metadata/object.c:3068)
0x00007ff8a44fd3cc (mono-2.0-bdwgc) mono_runtime_invoke (at C:/build/output/Unity-Technologies/mono/mono/metadata/object.c:3115)
0x00007ff6e2f63464 (Unity) scripting_method_invoke
0x00007ff6e2f41154 (Unity) ScriptingInvocation::Invoke
0x00007ff6e2f3bca5 (Unity) ScriptingInvocation::Invoke<void>
0x00007ff6e308d383 (Unity) Scripting::UnityEditor::EditorAssembliesProxy::ProcessInitializeOnLoadAttributes
0x00007ff6e2f35b28 (Unity) MonoManager::SetupLoadedEditorAssemblies
0x00007ff6e2f2b8a9 (Unity) MonoManager::FinalizeReload
0x00007ff6e43392da (Unity) ScriptingInitializer::FinalizeReload
0x00007ff6e3edde7b (Unity) LoadUserAssemblies
0x00007ff6e43e5555 (Unity) <lambda_b37b41f03089e3cb3f55061bbc93253d>::operator()
0x00007ff6e44207b2 (Unity) asio::detail::completion_handler<core::mutable_function<void __cdecl(void)>,asio::io_context::basic_executor_type<std::allocator<void>,0> >::do_complete
0x00007ff6e440c75e (Unity) asio::detail::win_iocp_io_context::do_one
0x00007ff6e440e3c4 (Unity) asio::detail::win_iocp_io_context::run
0x00007ff6e441eb5c (Unity) IOService::Run
0x00007ff6e43f26bf (Unity) AssetImportWorkerClient::Run
0x00007ff6e43bd597 (Unity) RunAssetImportWorkerClientV2
0x00007ff6e43bd61b (Unity) RunAssetImporterV2
0x00007ff6e3bb60e1 (Unity) Application::InitializeProject
0x00007ff6e404a715 (Unity) WinMain
0x00007ff6e542f4be (Unity) __scrt_common_main_seh
0x00007ff93f9b257d (KERNEL32) BaseThreadInitThunk
0x00007ff940a6af28 (ntdll) RtlUserThreadStart

Mono: successfully reloaded assembly
- Finished resetting the current domain, in  1.252 seconds
Domain Reload Profiling: 2509ms
	BeginReloadAssembly (243ms)
		ExecutionOrderSort (0ms)
		DisableScriptedObjects (10ms)
		BackupInstance (0ms)
		ReleaseScriptingObjects (0ms)
		CreateAndSetChildDomain (37ms)
	RebuildCommonClasses (54ms)
	RebuildNativeTypeToScriptingClass (15ms)
	initialDomainReloadingComplete (58ms)
	LoadAllAssembliesAndSetupDomain (887ms)
		LoadAssemblies (994ms)
		RebuildTransferFunctionScriptingTraits (0ms)
		AnalyzeDomain (50ms)
			TypeCache.Refresh (23ms)
				TypeCache.ScanAssembly (1ms)
			ScanForSourceGeneratedMonoScriptInfo (8ms)
			ResolveRequiredComponents (18ms)
	FinalizeReload (1253ms)
		ReleaseScriptCaches (0ms)
		RebuildScriptCaches (0ms)
		SetupLoadedEditorAssemblies (910ms)
			LogAssemblyErrors (0ms)
			InitializePlatformSupportModulesInManaged (59ms)
			SetLoadedEditorAssemblies (3ms)
			RefreshPlugins (0ms)
			BeforeProcessingInitializeOnLoad (60ms)
			ProcessInitializeOnLoadAttributes (747ms)
			ProcessInitializeOnLoadMethodAttributes (24ms)
			AfterProcessingInitializeOnLoad (17ms)
			EditorAssembliesLoaded (0ms)
		ExecutionOrderSort2 (0ms)
		AwakeInstancesAfterBackupRestoration (23ms)
Refreshing native plugins compatible for Editor in 21.37 ms, found 3 plugins.
Preloading 0 native plugins for Editor in 0.00 ms.
Unloading 664 Unused Serialized files (Serialized files now loaded: 0)
Unloading 188 unused Assets / (84.8 KB). Loaded Objects now: 1067.
Memory consumption went from 72.2 MB to 72.1 MB.
Total: 3.798300 ms (FindLiveObjects: 0.099800 ms CreateObjectMapping: 0.029000 ms MarkObjects: 3.393500 ms  DeleteObjects: 0.274800 ms)

Prepare: number of updated asset objects reloaded= 0
AssetImportParameters requested are different than current active one (requested -> active):
  custom:video-encoder-webm-vp8: eb34c28f22e8b96e1ab97ce403110664 -> 
  custom:video-decoder-webm-vp8: 9c59270c3fd7afecdb556c50c9e8de78 -> 
  custom:audio-decoder-ogg-vorbis: bf7c407c2cedff20999df2af8eb42d56 -> 
  custom:video-decoder-ogg-theora: a1e56fd34408186e4bbccfd4996cb3dc -> 
  custom:audio-encoder-webm-vorbis: bf7c407c2cedff20999df2af8eb42d56 -> 
  custom:SearchIndexIgnoredProperties: e643bd26f0fe6173181afceb89e7c659 -> 
  custom:container-demuxer-ogg: 62fdf1f143b41e24485cea50d1cbac27 -> 
  custom:AudioImporter_EditorPlatform: d09bf68614088b80899f8185d706f6e7 -> 
  custom:CustomObjectIndexerAttribute: 9a22284fe3817be447336de3de66b15e -> 
  custom:framework-win-MediaFoundation: 216162199b28c13a410421893ffa2e32 -> 
  custom:container-demuxer-webm: 4f35f7cbe854078d1ac9338744f61a02 -> 
  custom:container-muxer-webm: aa71ff27fc2769a1b78a27578f13a17b -> 
  custom:video-codec-MediaFoundation-h265: 746d11721c4dcdbdad8f713fa42b33f4 -> 
========================================================================
Received Prepare
Begin MonoManager ReloadAssembly
Symbol file LoadedFromMemory is not a mono symbol file
- Loaded All Assemblies, in  0.800 seconds
Refreshing native plugins compatible for Editor in 21.36 ms, found 3 plugins.
Native extension for WindowsStandalone target not found
Native extension for iOS target not found
Native extension for Android target not found
GPGSUpgrader start
0x00007ff6e304af9d (Unity) StackWalker::GetCurrentCallstack
0x00007ff6e3050069 (Unity) StackWalker::ShowCallstack
0x00007ff6e403ff31 (Unity) GetStacktrace
0x00007ff6e46fb63e (Unity) DebugStringToFile
0x00007ff6e2119108 (Unity) DebugLogHandler_CUSTOM_Internal_Log
0x0000024f62a7c8f3 (Mono JIT Code) (wrapper managed-to-native) UnityEngine.DebugLogHandler:Internal_Log (UnityEngine.LogType,UnityEngine.LogOption,string,UnityEngine.Object)
0x0000024f62a7c5cb (Mono JIT Code) UnityEngine.DebugLogHandler:LogFormat (UnityEngine.LogType,UnityEngine.Object,string,object[])
0x0000024f62a7c350 (Mono JIT Code) UnityEngine.Logger:Log (UnityEngine.LogType,object)
0x0000024f62a7c218 (Mono JIT Code) UnityEngine.Debug:Log (object)
0x0000024f62a7bdcb (Mono JIT Code) GooglePlayGames.Editor.GPGSUpgrader:.cctor () (at C:/Users/PUS_DESK/OneDrive/Documents/Far Fly/FarFlyUnity/Far Fly/Assets/GooglePlayGames/com.google.play.games/Editor/GPGSUpgrader.cs:40)
0x0000024f62a7bfe5 (Mono JIT Code) (wrapper runtime-invoke) object:runtime_invoke_void (object,intptr,intptr,intptr)
0x00007ff8a45c4c1e (mono-2.0-bdwgc) mono_jit_runtime_invoke (at C:/build/output/Unity-Technologies/mono/mono/mini/mini-runtime.c:3445)
0x00007ff8a44fd254 (mono-2.0-bdwgc) do_runtime_invoke (at C:/build/output/Unity-Technologies/mono/mono/metadata/object.c:3068)
0x00007ff8a44f7ff9 (mono-2.0-bdwgc) mono_runtime_class_init_full (at C:/build/output/Unity-Technologies/mono/mono/metadata/object.c:563)
0x00007ff8a442de07 (mono-2.0-bdwgc) ves_icall_System_Runtime_CompilerServices_RuntimeHelpers_RunClassConstructor (at C:/build/output/Unity-Technologies/mono/mono/metadata/icall.c:1292)
0x00007ff8a445feec (mono-2.0-bdwgc) ves_icall_System_Runtime_CompilerServices_RuntimeHelpers_RunClassConstructor_raw (at C:/build/output/Unity-Technologies/mono/mono/metadata/icall-def.h:756)
0x0000024f629f958a (Mono JIT Code) (wrapper managed-to-native) System.Runtime.CompilerServices.RuntimeHelpers:RunClassConstructor (intptr)
0x0000024f629f949b (Mono JIT Code) System.Runtime.CompilerServices.RuntimeHelpers:RunClassConstructor (System.RuntimeTypeHandle)
0x0000024f629f57cb (Mono JIT Code) UnityEditor.EditorAssemblies:ProcessInitializeOnLoadAttributes (System.Type[])
0x0000024f8461e5f8 (Mono JIT Code) (wrapper runtime-invoke) <Module>:runtime_invoke_void_object (object,intptr,intptr,intptr)
0x00007ff8a45c4c1e (mono-2.0-bdwgc) mono_jit_runtime_invoke (at C:/build/output/Unity-Technologies/mono/mono/mini/mini-runtime.c:3445)
0x00007ff8a44fd254 (mono-2.0-bdwgc) do_runtime_invoke (at C:/build/output/Unity-Technologies/mono/mono/metadata/object.c:3068)
0x00007ff8a44fd3cc (mono-2.0-bdwgc) mono_runtime_invoke (at C:/build/output/Unity-Technologies/mono/mono/metadata/object.c:3115)
0x00007ff6e2f63464 (Unity) scripting_method_invoke
0x00007ff6e2f41154 (Unity) ScriptingInvocation::Invoke
0x00007ff6e2f3bca5 (Unity) ScriptingInvocation::Invoke<void>
0x00007ff6e308d383 (Unity) Scripting::UnityEditor::EditorAssembliesProxy::ProcessInitializeOnLoadAttributes
0x00007ff6e2f35b28 (Unity) MonoManager::SetupLoadedEditorAssemblies
0x00007ff6e2f2b8a9 (Unity) MonoManager::FinalizeReload
0x00007ff6e43392da (Unity) ScriptingInitializer::FinalizeReload
0x00007ff6e3edde7b (Unity) LoadUserAssemblies
0x00007ff6e43e5555 (Unity) <lambda_b37b41f03089e3cb3f55061bbc93253d>::operator()
0x00007ff6e44207b2 (Unity) asio::detail::completion_handler<core::mutable_function<void __cdecl(void)>,asio::io_context::basic_executor_type<std::allocator<void>,0> >::do_complete
0x00007ff6e440c75e (Unity) asio::detail::win_iocp_io_context::do_one
0x00007ff6e440e3c4 (Unity) asio::detail::win_iocp_io_context::run
0x00007ff6e441eb5c (Unity) IOService::Run
0x00007ff6e43f26bf (Unity) AssetImportWorkerClient::Run
0x00007ff6e43bd597 (Unity) RunAssetImportWorkerClientV2
0x00007ff6e43bd61b (Unity) RunAssetImporterV2
0x00007ff6e3bb60e1 (Unity) Application::InitializeProject
0x00007ff6e404a715 (Unity) WinMain
0x00007ff6e542f4be (Unity) __scrt_common_main_seh
0x00007ff93f9b257d (KERNEL32) BaseThreadInitThunk
0x00007ff940a6af28 (ntdll) RtlUserThreadStart

GPGSUpgrader done
0x00007ff6e304af9d (Unity) StackWalker::GetCurrentCallstack
0x00007ff6e3050069 (Unity) StackWalker::ShowCallstack
0x00007ff6e403ff31 (Unity) GetStacktrace
0x00007ff6e46fb63e (Unity) DebugStringToFile
0x00007ff6e2119108 (Unity) DebugLogHandler_CUSTOM_Internal_Log
0x0000024f62a7c8f3 (Mono JIT Code) (wrapper managed-to-native) UnityEngine.DebugLogHandler:Internal_Log (UnityEngine.LogType,UnityEngine.LogOption,string,UnityEngine.Object)
0x0000024f62a7c5cb (Mono JIT Code) UnityEngine.DebugLogHandler:LogFormat (UnityEngine.LogType,UnityEngine.Object,string,object[])
0x0000024f62a7c350 (Mono JIT Code) UnityEngine.Logger:Log (UnityEngine.LogType,object)
0x0000024f62a7c218 (Mono JIT Code) UnityEngine.Debug:Log (object)
0x0000024f62a7becb (Mono JIT Code) GooglePlayGames.Editor.GPGSUpgrader:.cctor () (at C:/Users/PUS_DESK/OneDrive/Documents/Far Fly/FarFlyUnity/Far Fly/Assets/GooglePlayGames/com.google.play.games/Editor/GPGSUpgrader.cs:58)
0x0000024f62a7bfe5 (Mono JIT Code) (wrapper runtime-invoke) object:runtime_invoke_void (object,intptr,intptr,intptr)
0x00007ff8a45c4c1e (mono-2.0-bdwgc) mono_jit_runtime_invoke (at C:/build/output/Unity-Technologies/mono/mono/mini/mini-runtime.c:3445)
0x00007ff8a44fd254 (mono-2.0-bdwgc) do_runtime_invoke (at C:/build/output/Unity-Technologies/mono/mono/metadata/object.c:3068)
0x00007ff8a44f7ff9 (mono-2.0-bdwgc) mono_runtime_class_init_full (at C:/build/output/Unity-Technologies/mono/mono/metadata/object.c:563)
0x00007ff8a442de07 (mono-2.0-bdwgc) ves_icall_System_Runtime_CompilerServices_RuntimeHelpers_RunClassConstructor (at C:/build/output/Unity-Technologies/mono/mono/metadata/icall.c:1292)
0x00007ff8a445feec (mono-2.0-bdwgc) ves_icall_System_Runtime_CompilerServices_RuntimeHelpers_RunClassConstructor_raw (at C:/build/output/Unity-Technologies/mono/mono/metadata/icall-def.h:756)
0x0000024f629f958a (Mono JIT Code) (wrapper managed-to-native) System.Runtime.CompilerServices.RuntimeHelpers:RunClassConstructor (intptr)
0x0000024f629f949b (Mono JIT Code) System.Runtime.CompilerServices.RuntimeHelpers:RunClassConstructor (System.RuntimeTypeHandle)
0x0000024f629f57cb (Mono JIT Code) UnityEditor.EditorAssemblies:ProcessInitializeOnLoadAttributes (System.Type[])
0x0000024f8461e5f8 (Mono JIT Code) (wrapper runtime-invoke) <Module>:runtime_invoke_void_object (object,intptr,intptr,intptr)
0x00007ff8a45c4c1e (mono-2.0-bdwgc) mono_jit_runtime_invoke (at C:/build/output/Unity-Technologies/mono/mono/mini/mini-runtime.c:3445)
0x00007ff8a44fd254 (mono-2.0-bdwgc) do_runtime_invoke (at C:/build/output/Unity-Technologies/mono/mono/metadata/object.c:3068)
0x00007ff8a44fd3cc (mono-2.0-bdwgc) mono_runtime_invoke (at C:/build/output/Unity-Technologies/mono/mono/metadata/object.c:3115)
0x00007ff6e2f63464 (Unity) scripting_method_invoke
0x00007ff6e2f41154 (Unity) ScriptingInvocation::Invoke
0x00007ff6e2f3bca5 (Unity) ScriptingInvocation::Invoke<void>
0x00007ff6e308d383 (Unity) Scripting::UnityEditor::EditorAssembliesProxy::ProcessInitializeOnLoadAttributes
0x00007ff6e2f35b28 (Unity) MonoManager::SetupLoadedEditorAssemblies
0x00007ff6e2f2b8a9 (Unity) MonoManager::FinalizeReload
0x00007ff6e43392da (Unity) ScriptingInitializer::FinalizeReload
0x00007ff6e3edde7b (Unity) LoadUserAssemblies
0x00007ff6e43e5555 (Unity) <lambda_b37b41f03089e3cb3f55061bbc93253d>::operator()
0x00007ff6e44207b2 (Unity) asio::detail::completion_handler<core::mutable_function<void __cdecl(void)>,asio::io_context::basic_executor_type<std::allocator<void>,0> >::do_complete
0x00007ff6e440c75e (Unity) asio::detail::win_iocp_io_context::do_one
0x00007ff6e440e3c4 (Unity) asio::detail::win_iocp_io_context::run
0x00007ff6e441eb5c (Unity) IOService::Run
0x00007ff6e43f26bf (Unity) AssetImportWorkerClient::Run
0x00007ff6e43bd597 (Unity) RunAssetImportWorkerClientV2
0x00007ff6e43bd61b (Unity) RunAssetImporterV2
0x00007ff6e3bb60e1 (Unity) Application::InitializeProject
0x00007ff6e404a715 (Unity) WinMain
0x00007ff6e542f4be (Unity) __scrt_common_main_seh
0x00007ff93f9b257d (KERNEL32) BaseThreadInitThunk
0x00007ff940a6af28 (ntdll) RtlUserThreadStart

Mono: successfully reloaded assembly
- Finished resetting the current domain, in  1.427 seconds
Domain Reload Profiling: 2216ms
	BeginReloadAssembly (253ms)
		ExecutionOrderSort (0ms)
		DisableScriptedObjects (7ms)
		BackupInstance (0ms)
		ReleaseScriptingObjects (0ms)
		CreateAndSetChildDomain (40ms)
	RebuildCommonClasses (49ms)
	RebuildNativeTypeToScriptingClass (14ms)
	initialDomainReloadingComplete (63ms)
	LoadAllAssembliesAndSetupDomain (408ms)
		LoadAssemblies (554ms)
		RebuildTransferFunctionScriptingTraits (0ms)
		AnalyzeDomain (19ms)
			TypeCache.Refresh (9ms)
				TypeCache.ScanAssembly (1ms)
			ScanForSourceGeneratedMonoScriptInfo (4ms)
			ResolveRequiredComponents (5ms)
	FinalizeReload (1428ms)
		ReleaseScriptCaches (0ms)
		RebuildScriptCaches (0ms)
		SetupLoadedEditorAssemblies (1145ms)
			LogAssemblyErrors (0ms)
			InitializePlatformSupportModulesInManaged (79ms)
			SetLoadedEditorAssemblies (4ms)
			RefreshPlugins (0ms)
			BeforeProcessingInitializeOnLoad (85ms)
			ProcessInitializeOnLoadAttributes (935ms)
			ProcessInitializeOnLoadMethodAttributes (26ms)
			AfterProcessingInitializeOnLoad (16ms)
			EditorAssembliesLoaded (0ms)
		ExecutionOrderSort2 (0ms)
		AwakeInstancesAfterBackupRestoration (43ms)
Refreshing native plugins compatible for Editor in 16.91 ms, found 3 plugins.
Preloading 0 native plugins for Editor in 0.00 ms.
Unloading 664 Unused Serialized files (Serialized files now loaded: 0)
Unloading 188 unused Assets / (84.8 KB). Loaded Objects now: 1068.
Memory consumption went from 72.2 MB to 72.1 MB.
Total: 2.298900 ms (FindLiveObjects: 0.091800 ms CreateObjectMapping: 0.020400 ms MarkObjects: 2.048600 ms  DeleteObjects: 0.137200 ms)

Prepare: number of updated asset objects reloaded= 0
AssetImportParameters requested are different than current active one (requested -> active):
  custom:video-encoder-webm-vp8: eb34c28f22e8b96e1ab97ce403110664 -> 
  custom:video-decoder-webm-vp8: 9c59270c3fd7afecdb556c50c9e8de78 -> 
  custom:audio-decoder-ogg-vorbis: bf7c407c2cedff20999df2af8eb42d56 -> 
  custom:video-decoder-ogg-theora: a1e56fd34408186e4bbccfd4996cb3dc -> 
  custom:audio-encoder-webm-vorbis: bf7c407c2cedff20999df2af8eb42d56 -> 
  custom:SearchIndexIgnoredProperties: e643bd26f0fe6173181afceb89e7c659 -> 
  custom:container-demuxer-ogg: 62fdf1f143b41e24485cea50d1cbac27 -> 
  custom:AudioImporter_EditorPlatform: d09bf68614088b80899f8185d706f6e7 -> 
  custom:CustomObjectIndexerAttribute: 9a22284fe3817be447336de3de66b15e -> 
  custom:framework-win-MediaFoundation: 216162199b28c13a410421893ffa2e32 -> 
  custom:container-demuxer-webm: 4f35f7cbe854078d1ac9338744f61a02 -> 
  custom:container-muxer-webm: aa71ff27fc2769a1b78a27578f13a17b -> 
  custom:video-codec-MediaFoundation-h265: 746d11721c4dcdbdad8f713fa42b33f4 -> 
========================================================================
Received Prepare
Begin MonoManager ReloadAssembly
Symbol file LoadedFromMemory is not a mono symbol file
- Loaded All Assemblies, in  0.617 seconds
Refreshing native plugins compatible for Editor in 23.70 ms, found 3 plugins.
Native extension for WindowsStandalone target not found
Native extension for iOS target not found
Native extension for Android target not found
GPGSUpgrader start
0x00007ff6e304af9d (Unity) StackWalker::GetCurrentCallstack
0x00007ff6e3050069 (Unity) StackWalker::ShowCallstack
0x00007ff6e403ff31 (Unity) GetStacktrace
0x00007ff6e46fb63e (Unity) DebugStringToFile
0x00007ff6e2119108 (Unity) DebugLogHandler_CUSTOM_Internal_Log
0x0000024f3a0fbc93 (Mono JIT Code) (wrapper managed-to-native) UnityEngine.DebugLogHandler:Internal_Log (UnityEngine.LogType,UnityEngine.LogOption,string,UnityEngine.Object)
0x0000024f3a0fb96b (Mono JIT Code) UnityEngine.DebugLogHandler:LogFormat (UnityEngine.LogType,UnityEngine.Object,string,object[])
0x0000024f3a0fb6f0 (Mono JIT Code) UnityEngine.Logger:Log (UnityEngine.LogType,object)
0x0000024f3a0fb5b8 (Mono JIT Code) UnityEngine.Debug:Log (object)
0x0000024f3a0fb16b (Mono JIT Code) GooglePlayGames.Editor.GPGSUpgrader:.cctor () (at C:/Users/PUS_DESK/OneDrive/Documents/Far Fly/FarFlyUnity/Far Fly/Assets/GooglePlayGames/com.google.play.games/Editor/GPGSUpgrader.cs:40)
0x0000024f3a0fb385 (Mono JIT Code) (wrapper runtime-invoke) object:runtime_invoke_void (object,intptr,intptr,intptr)
0x00007ff8a45c4c1e (mono-2.0-bdwgc) mono_jit_runtime_invoke (at C:/build/output/Unity-Technologies/mono/mono/mini/mini-runtime.c:3445)
0x00007ff8a44fd254 (mono-2.0-bdwgc) do_runtime_invoke (at C:/build/output/Unity-Technologies/mono/mono/metadata/object.c:3068)
0x00007ff8a44f7ff9 (mono-2.0-bdwgc) mono_runtime_class_init_full (at C:/build/output/Unity-Technologies/mono/mono/metadata/object.c:563)
0x00007ff8a442de07 (mono-2.0-bdwgc) ves_icall_System_Runtime_CompilerServices_RuntimeHelpers_RunClassConstructor (at C:/build/output/Unity-Technologies/mono/mono/metadata/icall.c:1292)
0x00007ff8a445feec (mono-2.0-bdwgc) ves_icall_System_Runtime_CompilerServices_RuntimeHelpers_RunClassConstructor_raw (at C:/build/output/Unity-Technologies/mono/mono/metadata/icall-def.h:756)
0x0000024f62ac8a1a (Mono JIT Code) (wrapper managed-to-native) System.Runtime.CompilerServices.RuntimeHelpers:RunClassConstructor (intptr)
0x0000024f62ac892b (Mono JIT Code) System.Runtime.CompilerServices.RuntimeHelpers:RunClassConstructor (System.RuntimeTypeHandle)
0x0000024f62ac4c5b (Mono JIT Code) UnityEditor.EditorAssemblies:ProcessInitializeOnLoadAttributes (System.Type[])
0x0000024f8461e5f8 (Mono JIT Code) (wrapper runtime-invoke) <Module>:runtime_invoke_void_object (object,intptr,intptr,intptr)
0x00007ff8a45c4c1e (mono-2.0-bdwgc) mono_jit_runtime_invoke (at C:/build/output/Unity-Technologies/mono/mono/mini/mini-runtime.c:3445)
0x00007ff8a44fd254 (mono-2.0-bdwgc) do_runtime_invoke (at C:/build/output/Unity-Technologies/mono/mono/metadata/object.c:3068)
0x00007ff8a44fd3cc (mono-2.0-bdwgc) mono_runtime_invoke (at C:/build/output/Unity-Technologies/mono/mono/metadata/object.c:3115)
0x00007ff6e2f63464 (Unity) scripting_method_invoke
0x00007ff6e2f41154 (Unity) ScriptingInvocation::Invoke
0x00007ff6e2f3bca5 (Unity) ScriptingInvocation::Invoke<void>
0x00007ff6e308d383 (Unity) Scripting::UnityEditor::EditorAssembliesProxy::ProcessInitializeOnLoadAttributes
0x00007ff6e2f35b28 (Unity) MonoManager::SetupLoadedEditorAssemblies
0x00007ff6e2f2b8a9 (Unity) MonoManager::FinalizeReload
0x00007ff6e43392da (Unity) ScriptingInitializer::FinalizeReload
0x00007ff6e3edde7b (Unity) LoadUserAssemblies
0x00007ff6e43e5555 (Unity) <lambda_b37b41f03089e3cb3f55061bbc93253d>::operator()
0x00007ff6e44207b2 (Unity) asio::detail::completion_handler<core::mutable_function<void __cdecl(void)>,asio::io_context::basic_executor_type<std::allocator<void>,0> >::do_complete
0x00007ff6e440c75e (Unity) asio::detail::win_iocp_io_context::do_one
0x00007ff6e440e3c4 (Unity) asio::detail::win_iocp_io_context::run
0x00007ff6e441eb5c (Unity) IOService::Run
0x00007ff6e43f26bf (Unity) AssetImportWorkerClient::Run
0x00007ff6e43bd597 (Unity) RunAssetImportWorkerClientV2
0x00007ff6e43bd61b (Unity) RunAssetImporterV2
0x00007ff6e3bb60e1 (Unity) Application::InitializeProject
0x00007ff6e404a715 (Unity) WinMain
0x00007ff6e542f4be (Unity) __scrt_common_main_seh
0x00007ff93f9b257d (KERNEL32) BaseThreadInitThunk
0x00007ff940a6af28 (ntdll) RtlUserThreadStart

GPGSUpgrader done
0x00007ff6e304af9d (Unity) StackWalker::GetCurrentCallstack
0x00007ff6e3050069 (Unity) StackWalker::ShowCallstack
0x00007ff6e403ff31 (Unity) GetStacktrace
0x00007ff6e46fb63e (Unity) DebugStringToFile
0x00007ff6e2119108 (Unity) DebugLogHandler_CUSTOM_Internal_Log
0x0000024f3a0fbc93 (Mono JIT Code) (wrapper managed-to-native) UnityEngine.DebugLogHandler:Internal_Log (UnityEngine.LogType,UnityEngine.LogOption,string,UnityEngine.Object)
0x0000024f3a0fb96b (Mono JIT Code) UnityEngine.DebugLogHandler:LogFormat (UnityEngine.LogType,UnityEngine.Object,string,object[])
0x0000024f3a0fb6f0 (Mono JIT Code) UnityEngine.Logger:Log (UnityEngine.LogType,object)
0x0000024f3a0fb5b8 (Mono JIT Code) UnityEngine.Debug:Log (object)
0x0000024f3a0fb26b (Mono JIT Code) GooglePlayGames.Editor.GPGSUpgrader:.cctor () (at C:/Users/PUS_DESK/OneDrive/Documents/Far Fly/FarFlyUnity/Far Fly/Assets/GooglePlayGames/com.google.play.games/Editor/GPGSUpgrader.cs:58)
0x0000024f3a0fb385 (Mono JIT Code) (wrapper runtime-invoke) object:runtime_invoke_void (object,intptr,intptr,intptr)
0x00007ff8a45c4c1e (mono-2.0-bdwgc) mono_jit_runtime_invoke (at C:/build/output/Unity-Technologies/mono/mono/mini/mini-runtime.c:3445)
0x00007ff8a44fd254 (mono-2.0-bdwgc) do_runtime_invoke (at C:/build/output/Unity-Technologies/mono/mono/metadata/object.c:3068)
0x00007ff8a44f7ff9 (mono-2.0-bdwgc) mono_runtime_class_init_full (at C:/build/output/Unity-Technologies/mono/mono/metadata/object.c:563)
0x00007ff8a442de07 (mono-2.0-bdwgc) ves_icall_System_Runtime_CompilerServices_RuntimeHelpers_RunClassConstructor (at C:/build/output/Unity-Technologies/mono/mono/metadata/icall.c:1292)
0x00007ff8a445feec (mono-2.0-bdwgc) ves_icall_System_Runtime_CompilerServices_RuntimeHelpers_RunClassConstructor_raw (at C:/build/output/Unity-Technologies/mono/mono/metadata/icall-def.h:756)
0x0000024f62ac8a1a (Mono JIT Code) (wrapper managed-to-native) System.Runtime.CompilerServices.RuntimeHelpers:RunClassConstructor (intptr)
0x0000024f62ac892b (Mono JIT Code) System.Runtime.CompilerServices.RuntimeHelpers:RunClassConstructor (System.RuntimeTypeHandle)
0x0000024f62ac4c5b (Mono JIT Code) UnityEditor.EditorAssemblies:ProcessInitializeOnLoadAttributes (System.Type[])
0x0000024f8461e5f8 (Mono JIT Code) (wrapper runtime-invoke) <Module>:runtime_invoke_void_object (object,intptr,intptr,intptr)
0x00007ff8a45c4c1e (mono-2.0-bdwgc) mono_jit_runtime_invoke (at C:/build/output/Unity-Technologies/mono/mono/mini/mini-runtime.c:3445)
0x00007ff8a44fd254 (mono-2.0-bdwgc) do_runtime_invoke (at C:/build/output/Unity-Technologies/mono/mono/metadata/object.c:3068)
0x00007ff8a44fd3cc (mono-2.0-bdwgc) mono_runtime_invoke (at C:/build/output/Unity-Technologies/mono/mono/metadata/object.c:3115)
0x00007ff6e2f63464 (Unity) scripting_method_invoke
0x00007ff6e2f41154 (Unity) ScriptingInvocation::Invoke
0x00007ff6e2f3bca5 (Unity) ScriptingInvocation::Invoke<void>
0x00007ff6e308d383 (Unity) Scripting::UnityEditor::EditorAssembliesProxy::ProcessInitializeOnLoadAttributes
0x00007ff6e2f35b28 (Unity) MonoManager::SetupLoadedEditorAssemblies
0x00007ff6e2f2b8a9 (Unity) MonoManager::FinalizeReload
0x00007ff6e43392da (Unity) ScriptingInitializer::FinalizeReload
0x00007ff6e3edde7b (Unity) LoadUserAssemblies
0x00007ff6e43e5555 (Unity) <lambda_b37b41f03089e3cb3f55061bbc93253d>::operator()
0x00007ff6e44207b2 (Unity) asio::detail::completion_handler<core::mutable_function<void __cdecl(void)>,asio::io_context::basic_executor_type<std::allocator<void>,0> >::do_complete
0x00007ff6e440c75e (Unity) asio::detail::win_iocp_io_context::do_one
0x00007ff6e440e3c4 (Unity) asio::detail::win_iocp_io_context::run
0x00007ff6e441eb5c (Unity) IOService::Run
0x00007ff6e43f26bf (Unity) AssetImportWorkerClient::Run
0x00007ff6e43bd597 (Unity) RunAssetImportWorkerClientV2
0x00007ff6e43bd61b (Unity) RunAssetImporterV2
0x00007ff6e3bb60e1 (Unity) Application::InitializeProject
0x00007ff6e404a715 (Unity) WinMain
0x00007ff6e542f4be (Unity) __scrt_common_main_seh
0x00007ff93f9b257d (KERNEL32) BaseThreadInitThunk
0x00007ff940a6af28 (ntdll) RtlUserThreadStart

Mono: successfully reloaded assembly
- Finished resetting the current domain, in  1.335 seconds
Domain Reload Profiling: 1946ms
	BeginReloadAssembly (208ms)
		ExecutionOrderSort (0ms)
		DisableScriptedObjects (7ms)
		BackupInstance (0ms)
		ReleaseScriptingObjects (0ms)
		CreateAndSetChildDomain (29ms)
	RebuildCommonClasses (46ms)
	RebuildNativeTypeToScriptingClass (14ms)
	initialDomainReloadingComplete (52ms)
	LoadAllAssembliesAndSetupDomain (290ms)
		LoadAssemblies (415ms)
		RebuildTransferFunctionScriptingTraits (0ms)
		AnalyzeDomain (9ms)
			TypeCache.Refresh (5ms)
				TypeCache.ScanAssembly (0ms)
			ScanForSourceGeneratedMonoScriptInfo (0ms)
			ResolveRequiredComponents (3ms)
	FinalizeReload (1336ms)
		ReleaseScriptCaches (0ms)
		RebuildScriptCaches (0ms)
		SetupLoadedEditorAssemblies (1074ms)
			LogAssemblyErrors (0ms)
			InitializePlatformSupportModulesInManaged (54ms)
			SetLoadedEditorAssemblies (3ms)
			RefreshPlugins (0ms)
			BeforeProcessingInitializeOnLoad (70ms)
			ProcessInitializeOnLoadAttributes (886ms)
			ProcessInitializeOnLoadMethodAttributes (39ms)
			AfterProcessingInitializeOnLoad (22ms)
			EditorAssembliesLoaded (0ms)
		ExecutionOrderSort2 (0ms)
		AwakeInstancesAfterBackupRestoration (35ms)
Refreshing native plugins compatible for Editor in 26.73 ms, found 3 plugins.
Preloading 0 native plugins for Editor in 0.00 ms.
Unloading 664 Unused Serialized files (Serialized files now loaded: 0)
Unloading 188 unused Assets / (84.8 KB). Loaded Objects now: 1069.
Memory consumption went from 72.2 MB to 72.1 MB.
Total: 3.134800 ms (FindLiveObjects: 0.100900 ms CreateObjectMapping: 0.061600 ms MarkObjects: 2.770800 ms  DeleteObjects: 0.200200 ms)

Prepare: number of updated asset objects reloaded= 0
AssetImportParameters requested are different than current active one (requested -> active):
  custom:video-encoder-webm-vp8: eb34c28f22e8b96e1ab97ce403110664 -> 
  custom:video-decoder-webm-vp8: 9c59270c3fd7afecdb556c50c9e8de78 -> 
  custom:audio-decoder-ogg-vorbis: bf7c407c2cedff20999df2af8eb42d56 -> 
  custom:video-decoder-ogg-theora: a1e56fd34408186e4bbccfd4996cb3dc -> 
  custom:audio-encoder-webm-vorbis: bf7c407c2cedff20999df2af8eb42d56 -> 
  custom:SearchIndexIgnoredProperties: e643bd26f0fe6173181afceb89e7c659 -> 
  custom:container-demuxer-ogg: 62fdf1f143b41e24485cea50d1cbac27 -> 
  custom:AudioImporter_EditorPlatform: d09bf68614088b80899f8185d706f6e7 -> 
  custom:CustomObjectIndexerAttribute: 9a22284fe3817be447336de3de66b15e -> 
  custom:framework-win-MediaFoundation: 216162199b28c13a410421893ffa2e32 -> 
  custom:container-demuxer-webm: 4f35f7cbe854078d1ac9338744f61a02 -> 
  custom:container-muxer-webm: aa71ff27fc2769a1b78a27578f13a17b -> 
  custom:video-codec-MediaFoundation-h265: 746d11721c4dcdbdad8f713fa42b33f4 -> 
========================================================================
Received Prepare
Begin MonoManager ReloadAssembly
Symbol file LoadedFromMemory is not a mono symbol file
- Loaded All Assemblies, in  0.736 seconds
Refreshing native plugins compatible for Editor in 23.48 ms, found 3 plugins.
Native extension for WindowsStandalone target not found
Native extension for iOS target not found
Native extension for Android target not found
GPGSUpgrader start
0x00007ff6e304af9d (Unity) StackWalker::GetCurrentCallstack
0x00007ff6e3050069 (Unity) StackWalker::ShowCallstack
0x00007ff6e403ff31 (Unity) GetStacktrace
0x00007ff6e46fb63e (Unity) DebugStringToFile
0x00007ff6e2119108 (Unity) DebugLogHandler_CUSTOM_Internal_Log
0x0000024f6225bc93 (Mono JIT Code) (wrapper managed-to-native) UnityEngine.DebugLogHandler:Internal_Log (UnityEngine.LogType,UnityEngine.LogOption,string,UnityEngine.Object)
0x0000024f6225b96b (Mono JIT Code) UnityEngine.DebugLogHandler:LogFormat (UnityEngine.LogType,UnityEngine.Object,string,object[])
0x0000024f6225b6f0 (Mono JIT Code) UnityEngine.Logger:Log (UnityEngine.LogType,object)
0x0000024f6225b5b8 (Mono JIT Code) UnityEngine.Debug:Log (object)
0x0000024f6225b16b (Mono JIT Code) GooglePlayGames.Editor.GPGSUpgrader:.cctor () (at C:/Users/PUS_DESK/OneDrive/Documents/Far Fly/FarFlyUnity/Far Fly/Assets/GooglePlayGames/com.google.play.games/Editor/GPGSUpgrader.cs:40)
0x0000024f6225b385 (Mono JIT Code) (wrapper runtime-invoke) object:runtime_invoke_void (object,intptr,intptr,intptr)
0x00007ff8a45c4c1e (mono-2.0-bdwgc) mono_jit_runtime_invoke (at C:/build/output/Unity-Technologies/mono/mono/mini/mini-runtime.c:3445)
0x00007ff8a44fd254 (mono-2.0-bdwgc) do_runtime_invoke (at C:/build/output/Unity-Technologies/mono/mono/metadata/object.c:3068)
0x00007ff8a44f7ff9 (mono-2.0-bdwgc) mono_runtime_class_init_full (at C:/build/output/Unity-Technologies/mono/mono/metadata/object.c:563)
0x00007ff8a442de07 (mono-2.0-bdwgc) ves_icall_System_Runtime_CompilerServices_RuntimeHelpers_RunClassConstructor (at C:/build/output/Unity-Technologies/mono/mono/metadata/icall.c:1292)
0x00007ff8a445feec (mono-2.0-bdwgc) ves_icall_System_Runtime_CompilerServices_RuntimeHelpers_RunClassConstructor_raw (at C:/build/output/Unity-Technologies/mono/mono/metadata/icall-def.h:756)
0x0000024f62928a1a (Mono JIT Code) (wrapper managed-to-native) System.Runtime.CompilerServices.RuntimeHelpers:RunClassConstructor (intptr)
0x0000024f6292892b (Mono JIT Code) System.Runtime.CompilerServices.RuntimeHelpers:RunClassConstructor (System.RuntimeTypeHandle)
0x0000024f62924c5b (Mono JIT Code) UnityEditor.EditorAssemblies:ProcessInitializeOnLoadAttributes (System.Type[])
0x0000024f8461e5f8 (Mono JIT Code) (wrapper runtime-invoke) <Module>:runtime_invoke_void_object (object,intptr,intptr,intptr)
0x00007ff8a45c4c1e (mono-2.0-bdwgc) mono_jit_runtime_invoke (at C:/build/output/Unity-Technologies/mono/mono/mini/mini-runtime.c:3445)
0x00007ff8a44fd254 (mono-2.0-bdwgc) do_runtime_invoke (at C:/build/output/Unity-Technologies/mono/mono/metadata/object.c:3068)
0x00007ff8a44fd3cc (mono-2.0-bdwgc) mono_runtime_invoke (at C:/build/output/Unity-Technologies/mono/mono/metadata/object.c:3115)
0x00007ff6e2f63464 (Unity) scripting_method_invoke
0x00007ff6e2f41154 (Unity) ScriptingInvocation::Invoke
0x00007ff6e2f3bca5 (Unity) ScriptingInvocation::Invoke<void>
0x00007ff6e308d383 (Unity) Scripting::UnityEditor::EditorAssembliesProxy::ProcessInitializeOnLoadAttributes
0x00007ff6e2f35b28 (Unity) MonoManager::SetupLoadedEditorAssemblies
0x00007ff6e2f2b8a9 (Unity) MonoManager::FinalizeReload
0x00007ff6e43392da (Unity) ScriptingInitializer::FinalizeReload
0x00007ff6e3edde7b (Unity) LoadUserAssemblies
0x00007ff6e43e5555 (Unity) <lambda_b37b41f03089e3cb3f55061bbc93253d>::operator()
0x00007ff6e44207b2 (Unity) asio::detail::completion_handler<core::mutable_function<void __cdecl(void)>,asio::io_context::basic_executor_type<std::allocator<void>,0> >::do_complete
0x00007ff6e440c75e (Unity) asio::detail::win_iocp_io_context::do_one
0x00007ff6e440e3c4 (Unity) asio::detail::win_iocp_io_context::run
0x00007ff6e441eb5c (Unity) IOService::Run
0x00007ff6e43f26bf (Unity) AssetImportWorkerClient::Run
0x00007ff6e43bd597 (Unity) RunAssetImportWorkerClientV2
0x00007ff6e43bd61b (Unity) RunAssetImporterV2
0x00007ff6e3bb60e1 (Unity) Application::InitializeProject
0x00007ff6e404a715 (Unity) WinMain
0x00007ff6e542f4be (Unity) __scrt_common_main_seh
0x00007ff93f9b257d (KERNEL32) BaseThreadInitThunk
0x00007ff940a6af28 (ntdll) RtlUserThreadStart

GPGSUpgrader done
0x00007ff6e304af9d (Unity) StackWalker::GetCurrentCallstack
0x00007ff6e3050069 (Unity) StackWalker::ShowCallstack
0x00007ff6e403ff31 (Unity) GetStacktrace
0x00007ff6e46fb63e (Unity) DebugStringToFile
0x00007ff6e2119108 (Unity) DebugLogHandler_CUSTOM_Internal_Log
0x0000024f6225bc93 (Mono JIT Code) (wrapper managed-to-native) UnityEngine.DebugLogHandler:Internal_Log (UnityEngine.LogType,UnityEngine.LogOption,string,UnityEngine.Object)
0x0000024f6225b96b (Mono JIT Code) UnityEngine.DebugLogHandler:LogFormat (UnityEngine.LogType,UnityEngine.Object,string,object[])
0x0000024f6225b6f0 (Mono JIT Code) UnityEngine.Logger:Log (UnityEngine.LogType,object)
0x0000024f6225b5b8 (Mono JIT Code) UnityEngine.Debug:Log (object)
0x0000024f6225b26b (Mono JIT Code) GooglePlayGames.Editor.GPGSUpgrader:.cctor () (at C:/Users/PUS_DESK/OneDrive/Documents/Far Fly/FarFlyUnity/Far Fly/Assets/GooglePlayGames/com.google.play.games/Editor/GPGSUpgrader.cs:58)
0x0000024f6225b385 (Mono JIT Code) (wrapper runtime-invoke) object:runtime_invoke_void (object,intptr,intptr,intptr)
0x00007ff8a45c4c1e (mono-2.0-bdwgc) mono_jit_runtime_invoke (at C:/build/output/Unity-Technologies/mono/mono/mini/mini-runtime.c:3445)
0x00007ff8a44fd254 (mono-2.0-bdwgc) do_runtime_invoke (at C:/build/output/Unity-Technologies/mono/mono/metadata/object.c:3068)
0x00007ff8a44f7ff9 (mono-2.0-bdwgc) mono_runtime_class_init_full (at C:/build/output/Unity-Technologies/mono/mono/metadata/object.c:563)
0x00007ff8a442de07 (mono-2.0-bdwgc) ves_icall_System_Runtime_CompilerServices_RuntimeHelpers_RunClassConstructor (at C:/build/output/Unity-Technologies/mono/mono/metadata/icall.c:1292)
0x00007ff8a445feec (mono-2.0-bdwgc) ves_icall_System_Runtime_CompilerServices_RuntimeHelpers_RunClassConstructor_raw (at C:/build/output/Unity-Technologies/mono/mono/metadata/icall-def.h:756)
0x0000024f62928a1a (Mono JIT Code) (wrapper managed-to-native) System.Runtime.CompilerServices.RuntimeHelpers:RunClassConstructor (intptr)
0x0000024f6292892b (Mono JIT Code) System.Runtime.CompilerServices.RuntimeHelpers:RunClassConstructor (System.RuntimeTypeHandle)
0x0000024f62924c5b (Mono JIT Code) UnityEditor.EditorAssemblies:ProcessInitializeOnLoadAttributes (System.Type[])
0x0000024f8461e5f8 (Mono JIT Code) (wrapper runtime-invoke) <Module>:runtime_invoke_void_object (object,intptr,intptr,intptr)
0x00007ff8a45c4c1e (mono-2.0-bdwgc) mono_jit_runtime_invoke (at C:/build/output/Unity-Technologies/mono/mono/mini/mini-runtime.c:3445)
0x00007ff8a44fd254 (mono-2.0-bdwgc) do_runtime_invoke (at C:/build/output/Unity-Technologies/mono/mono/metadata/object.c:3068)
0x00007ff8a44fd3cc (mono-2.0-bdwgc) mono_runtime_invoke (at C:/build/output/Unity-Technologies/mono/mono/metadata/object.c:3115)
0x00007ff6e2f63464 (Unity) scripting_method_invoke
0x00007ff6e2f41154 (Unity) ScriptingInvocation::Invoke
0x00007ff6e2f3bca5 (Unity) ScriptingInvocation::Invoke<void>
0x00007ff6e308d383 (Unity) Scripting::UnityEditor::EditorAssembliesProxy::ProcessInitializeOnLoadAttributes
0x00007ff6e2f35b28 (Unity) MonoManager::SetupLoadedEditorAssemblies
0x00007ff6e2f2b8a9 (Unity) MonoManager::FinalizeReload
0x00007ff6e43392da (Unity) ScriptingInitializer::FinalizeReload
0x00007ff6e3edde7b (Unity) LoadUserAssemblies
0x00007ff6e43e5555 (Unity) <lambda_b37b41f03089e3cb3f55061bbc93253d>::operator()
0x00007ff6e44207b2 (Unity) asio::detail::completion_handler<core::mutable_function<void __cdecl(void)>,asio::io_context::basic_executor_type<std::allocator<void>,0> >::do_complete
0x00007ff6e440c75e (Unity) asio::detail::win_iocp_io_context::do_one
0x00007ff6e440e3c4 (Unity) asio::detail::win_iocp_io_context::run
0x00007ff6e441eb5c (Unity) IOService::Run
0x00007ff6e43f26bf (Unity) AssetImportWorkerClient::Run
0x00007ff6e43bd597 (Unity) RunAssetImportWorkerClientV2
0x00007ff6e43bd61b (Unity) RunAssetImporterV2
0x00007ff6e3bb60e1 (Unity) Application::InitializeProject
0x00007ff6e404a715 (Unity) WinMain
0x00007ff6e542f4be (Unity) __scrt_common_main_seh
0x00007ff93f9b257d (KERNEL32) BaseThreadInitThunk
0x00007ff940a6af28 (ntdll) RtlUserThreadStart

Mono: successfully reloaded assembly
- Finished resetting the current domain, in  1.405 seconds
Domain Reload Profiling: 2134ms
	BeginReloadAssembly (268ms)
		ExecutionOrderSort (0ms)
		DisableScriptedObjects (10ms)
		BackupInstance (0ms)
		ReleaseScriptingObjects (0ms)
		CreateAndSetChildDomain (38ms)
	RebuildCommonClasses (49ms)
	RebuildNativeTypeToScriptingClass (15ms)
	initialDomainReloadingComplete (61ms)
	LoadAllAssembliesAndSetupDomain (335ms)
		LoadAssemblies (505ms)
		RebuildTransferFunctionScriptingTraits (0ms)
		AnalyzeDomain (10ms)
			TypeCache.Refresh (5ms)
				TypeCache.ScanAssembly (0ms)
			ScanForSourceGeneratedMonoScriptInfo (0ms)
			ResolveRequiredComponents (3ms)
	FinalizeReload (1406ms)
		ReleaseScriptCaches (0ms)
		RebuildScriptCaches (0ms)
		SetupLoadedEditorAssemblies (1155ms)
			LogAssemblyErrors (0ms)
			InitializePlatformSupportModulesInManaged (64ms)
			SetLoadedEditorAssemblies (3ms)
			RefreshPlugins (0ms)
			BeforeProcessingInitializeOnLoad (76ms)
			ProcessInitializeOnLoadAttributes (966ms)
			ProcessInitializeOnLoadMethodAttributes (26ms)
			AfterProcessingInitializeOnLoad (20ms)
			EditorAssembliesLoaded (1ms)
		ExecutionOrderSort2 (0ms)
		AwakeInstancesAfterBackupRestoration (30ms)
Refreshing native plugins compatible for Editor in 26.58 ms, found 3 plugins.
Preloading 0 native plugins for Editor in 0.00 ms.
Unloading 664 Unused Serialized files (Serialized files now loaded: 0)
Unloading 188 unused Assets / (84.8 KB). Loaded Objects now: 1070.
Memory consumption went from 72.2 MB to 72.1 MB.
Total: 3.150400 ms (FindLiveObjects: 0.101700 ms CreateObjectMapping: 0.025700 ms MarkObjects: 2.834100 ms  DeleteObjects: 0.187500 ms)

Prepare: number of updated asset objects reloaded= 0
AssetImportParameters requested are different than current active one (requested -> active):
  custom:video-encoder-webm-vp8: eb34c28f22e8b96e1ab97ce403110664 -> 
  custom:video-decoder-webm-vp8: 9c59270c3fd7afecdb556c50c9e8de78 -> 
  custom:audio-decoder-ogg-vorbis: bf7c407c2cedff20999df2af8eb42d56 -> 
  custom:video-decoder-ogg-theora: a1e56fd34408186e4bbccfd4996cb3dc -> 
  custom:audio-encoder-webm-vorbis: bf7c407c2cedff20999df2af8eb42d56 -> 
  custom:SearchIndexIgnoredProperties: e643bd26f0fe6173181afceb89e7c659 -> 
  custom:container-demuxer-ogg: 62fdf1f143b41e24485cea50d1cbac27 -> 
  custom:AudioImporter_EditorPlatform: d09bf68614088b80899f8185d706f6e7 -> 
  custom:CustomObjectIndexerAttribute: 9a22284fe3817be447336de3de66b15e -> 
  custom:framework-win-MediaFoundation: 216162199b28c13a410421893ffa2e32 -> 
  custom:container-demuxer-webm: 4f35f7cbe854078d1ac9338744f61a02 -> 
  custom:container-muxer-webm: aa71ff27fc2769a1b78a27578f13a17b -> 
  custom:video-codec-MediaFoundation-h265: 746d11721c4dcdbdad8f713fa42b33f4 -> 
========================================================================
Received Prepare
Begin MonoManager ReloadAssembly
Symbol file LoadedFromMemory is not a mono symbol file
- Loaded All Assemblies, in  0.619 seconds
Refreshing native plugins compatible for Editor in 22.53 ms, found 3 plugins.
Native extension for WindowsStandalone target not found
Native extension for iOS target not found
Native extension for Android target not found
GPGSUpgrader start
0x00007ff6e304af9d (Unity) StackWalker::GetCurrentCallstack
0x00007ff6e3050069 (Unity) StackWalker::ShowCallstack
0x00007ff6e403ff31 (Unity) GetStacktrace
0x00007ff6e46fb63e (Unity) DebugStringToFile
0x00007ff6e2119108 (Unity) DebugLogHandler_CUSTOM_Internal_Log
0x0000024f62a4bc93 (Mono JIT Code) (wrapper managed-to-native) UnityEngine.DebugLogHandler:Internal_Log (UnityEngine.LogType,UnityEngine.LogOption,string,UnityEngine.Object)
0x0000024f62a4b96b (Mono JIT Code) UnityEngine.DebugLogHandler:LogFormat (UnityEngine.LogType,UnityEngine.Object,string,object[])
0x0000024f62a4b6f0 (Mono JIT Code) UnityEngine.Logger:Log (UnityEngine.LogType,object)
0x0000024f62a4b5b8 (Mono JIT Code) UnityEngine.Debug:Log (object)
0x0000024f62a4b16b (Mono JIT Code) GooglePlayGames.Editor.GPGSUpgrader:.cctor () (at C:/Users/PUS_DESK/OneDrive/Documents/Far Fly/FarFlyUnity/Far Fly/Assets/GooglePlayGames/com.google.play.games/Editor/GPGSUpgrader.cs:40)
0x0000024f62a4b385 (Mono JIT Code) (wrapper runtime-invoke) object:runtime_invoke_void (object,intptr,intptr,intptr)
0x00007ff8a45c4c1e (mono-2.0-bdwgc) mono_jit_runtime_invoke (at C:/build/output/Unity-Technologies/mono/mono/mini/mini-runtime.c:3445)
0x00007ff8a44fd254 (mono-2.0-bdwgc) do_runtime_invoke (at C:/build/output/Unity-Technologies/mono/mono/metadata/object.c:3068)
0x00007ff8a44f7ff9 (mono-2.0-bdwgc) mono_runtime_class_init_full (at C:/build/output/Unity-Technologies/mono/mono/metadata/object.c:563)
0x00007ff8a442de07 (mono-2.0-bdwgc) ves_icall_System_Runtime_CompilerServices_RuntimeHelpers_RunClassConstructor (at C:/build/output/Unity-Technologies/mono/mono/metadata/icall.c:1292)
0x00007ff8a445feec (mono-2.0-bdwgc) ves_icall_System_Runtime_CompilerServices_RuntimeHelpers_RunClassConstructor_raw (at C:/build/output/Unity-Technologies/mono/mono/metadata/icall-def.h:756)
0x0000024f62958a1a (Mono JIT Code) (wrapper managed-to-native) System.Runtime.CompilerServices.RuntimeHelpers:RunClassConstructor (intptr)
0x0000024f6295892b (Mono JIT Code) System.Runtime.CompilerServices.RuntimeHelpers:RunClassConstructor (System.RuntimeTypeHandle)
0x0000024f62954c5b (Mono JIT Code) UnityEditor.EditorAssemblies:ProcessInitializeOnLoadAttributes (System.Type[])
0x0000024f8461e5f8 (Mono JIT Code) (wrapper runtime-invoke) <Module>:runtime_invoke_void_object (object,intptr,intptr,intptr)
0x00007ff8a45c4c1e (mono-2.0-bdwgc) mono_jit_runtime_invoke (at C:/build/output/Unity-Technologies/mono/mono/mini/mini-runtime.c:3445)
0x00007ff8a44fd254 (mono-2.0-bdwgc) do_runtime_invoke (at C:/build/output/Unity-Technologies/mono/mono/metadata/object.c:3068)
0x00007ff8a44fd3cc (mono-2.0-bdwgc) mono_runtime_invoke (at C:/build/output/Unity-Technologies/mono/mono/metadata/object.c:3115)
0x00007ff6e2f63464 (Unity) scripting_method_invoke
0x00007ff6e2f41154 (Unity) ScriptingInvocation::Invoke
0x00007ff6e2f3bca5 (Unity) ScriptingInvocation::Invoke<void>
0x00007ff6e308d383 (Unity) Scripting::UnityEditor::EditorAssembliesProxy::ProcessInitializeOnLoadAttributes
0x00007ff6e2f35b28 (Unity) MonoManager::SetupLoadedEditorAssemblies
0x00007ff6e2f2b8a9 (Unity) MonoManager::FinalizeReload
0x00007ff6e43392da (Unity) ScriptingInitializer::FinalizeReload
0x00007ff6e3edde7b (Unity) LoadUserAssemblies
0x00007ff6e43e5555 (Unity) <lambda_b37b41f03089e3cb3f55061bbc93253d>::operator()
0x00007ff6e44207b2 (Unity) asio::detail::completion_handler<core::mutable_function<void __cdecl(void)>,asio::io_context::basic_executor_type<std::allocator<void>,0> >::do_complete
0x00007ff6e440c75e (Unity) asio::detail::win_iocp_io_context::do_one
0x00007ff6e440e3c4 (Unity) asio::detail::win_iocp_io_context::run
0x00007ff6e441eb5c (Unity) IOService::Run
0x00007ff6e43f26bf (Unity) AssetImportWorkerClient::Run
0x00007ff6e43bd597 (Unity) RunAssetImportWorkerClientV2
0x00007ff6e43bd61b (Unity) RunAssetImporterV2
0x00007ff6e3bb60e1 (Unity) Application::InitializeProject
0x00007ff6e404a715 (Unity) WinMain
0x00007ff6e542f4be (Unity) __scrt_common_main_seh
0x00007ff93f9b257d (KERNEL32) BaseThreadInitThunk
0x00007ff940a6af28 (ntdll) RtlUserThreadStart

GPGSUpgrader done
0x00007ff6e304af9d (Unity) StackWalker::GetCurrentCallstack
0x00007ff6e3050069 (Unity) StackWalker::ShowCallstack
0x00007ff6e403ff31 (Unity) GetStacktrace
0x00007ff6e46fb63e (Unity) DebugStringToFile
0x00007ff6e2119108 (Unity) DebugLogHandler_CUSTOM_Internal_Log
0x0000024f62a4bc93 (Mono JIT Code) (wrapper managed-to-native) UnityEngine.DebugLogHandler:Internal_Log (UnityEngine.LogType,UnityEngine.LogOption,string,UnityEngine.Object)
0x0000024f62a4b96b (Mono JIT Code) UnityEngine.DebugLogHandler:LogFormat (UnityEngine.LogType,UnityEngine.Object,string,object[])
0x0000024f62a4b6f0 (Mono JIT Code) UnityEngine.Logger:Log (UnityEngine.LogType,object)
0x0000024f62a4b5b8 (Mono JIT Code) UnityEngine.Debug:Log (object)
0x0000024f62a4b26b (Mono JIT Code) GooglePlayGames.Editor.GPGSUpgrader:.cctor () (at C:/Users/PUS_DESK/OneDrive/Documents/Far Fly/FarFlyUnity/Far Fly/Assets/GooglePlayGames/com.google.play.games/Editor/GPGSUpgrader.cs:58)
0x0000024f62a4b385 (Mono JIT Code) (wrapper runtime-invoke) object:runtime_invoke_void (object,intptr,intptr,intptr)
0x00007ff8a45c4c1e (mono-2.0-bdwgc) mono_jit_runtime_invoke (at C:/build/output/Unity-Technologies/mono/mono/mini/mini-runtime.c:3445)
0x00007ff8a44fd254 (mono-2.0-bdwgc) do_runtime_invoke (at C:/build/output/Unity-Technologies/mono/mono/metadata/object.c:3068)
0x00007ff8a44f7ff9 (mono-2.0-bdwgc) mono_runtime_class_init_full (at C:/build/output/Unity-Technologies/mono/mono/metadata/object.c:563)
0x00007ff8a442de07 (mono-2.0-bdwgc) ves_icall_System_Runtime_CompilerServices_RuntimeHelpers_RunClassConstructor (at C:/build/output/Unity-Technologies/mono/mono/metadata/icall.c:1292)
0x00007ff8a445feec (mono-2.0-bdwgc) ves_icall_System_Runtime_CompilerServices_RuntimeHelpers_RunClassConstructor_raw (at C:/build/output/Unity-Technologies/mono/mono/metadata/icall-def.h:756)
0x0000024f62958a1a (Mono JIT Code) (wrapper managed-to-native) System.Runtime.CompilerServices.RuntimeHelpers:RunClassConstructor (intptr)
0x0000024f6295892b (Mono JIT Code) System.Runtime.CompilerServices.RuntimeHelpers:RunClassConstructor (System.RuntimeTypeHandle)
0x0000024f62954c5b (Mono JIT Code) UnityEditor.EditorAssemblies:ProcessInitializeOnLoadAttributes (System.Type[])
0x0000024f8461e5f8 (Mono JIT Code) (wrapper runtime-invoke) <Module>:runtime_invoke_void_object (object,intptr,intptr,intptr)
0x00007ff8a45c4c1e (mono-2.0-bdwgc) mono_jit_runtime_invoke (at C:/build/output/Unity-Technologies/mono/mono/mini/mini-runtime.c:3445)
0x00007ff8a44fd254 (mono-2.0-bdwgc) do_runtime_invoke (at C:/build/output/Unity-Technologies/mono/mono/metadata/object.c:3068)
0x00007ff8a44fd3cc (mono-2.0-bdwgc) mono_runtime_invoke (at C:/build/output/Unity-Technologies/mono/mono/metadata/object.c:3115)
0x00007ff6e2f63464 (Unity) scripting_method_invoke
0x00007ff6e2f41154 (Unity) ScriptingInvocation::Invoke
0x00007ff6e2f3bca5 (Unity) ScriptingInvocation::Invoke<void>
0x00007ff6e308d383 (Unity) Scripting::UnityEditor::EditorAssembliesProxy::ProcessInitializeOnLoadAttributes
0x00007ff6e2f35b28 (Unity) MonoManager::SetupLoadedEditorAssemblies
0x00007ff6e2f2b8a9 (Unity) MonoManager::FinalizeReload
0x00007ff6e43392da (Unity) ScriptingInitializer::FinalizeReload
0x00007ff6e3edde7b (Unity) LoadUserAssemblies
0x00007ff6e43e5555 (Unity) <lambda_b37b41f03089e3cb3f55061bbc93253d>::operator()
0x00007ff6e44207b2 (Unity) asio::detail::completion_handler<core::mutable_function<void __cdecl(void)>,asio::io_context::basic_executor_type<std::allocator<void>,0> >::do_complete
0x00007ff6e440c75e (Unity) asio::detail::win_iocp_io_context::do_one
0x00007ff6e440e3c4 (Unity) asio::detail::win_iocp_io_context::run
0x00007ff6e441eb5c (Unity) IOService::Run
0x00007ff6e43f26bf (Unity) AssetImportWorkerClient::Run
0x00007ff6e43bd597 (Unity) RunAssetImportWorkerClientV2
0x00007ff6e43bd61b (Unity) RunAssetImporterV2
0x00007ff6e3bb60e1 (Unity) Application::InitializeProject
0x00007ff6e404a715 (Unity) WinMain
0x00007ff6e542f4be (Unity) __scrt_common_main_seh
0x00007ff93f9b257d (KERNEL32) BaseThreadInitThunk
0x00007ff940a6af28 (ntdll) RtlUserThreadStart

Mono: successfully reloaded assembly
- Finished resetting the current domain, in  1.386 seconds
Domain Reload Profiling: 1999ms
	BeginReloadAssembly (213ms)
		ExecutionOrderSort (0ms)
		DisableScriptedObjects (6ms)
		BackupInstance (0ms)
		ReleaseScriptingObjects (0ms)
		CreateAndSetChildDomain (32ms)
	RebuildCommonClasses (41ms)
	RebuildNativeTypeToScriptingClass (14ms)
	initialDomainReloadingComplete (52ms)
	LoadAllAssembliesAndSetupDomain (291ms)
		LoadAssemblies (415ms)
		RebuildTransferFunctionScriptingTraits (0ms)
		AnalyzeDomain (12ms)
			TypeCache.Refresh (7ms)
				TypeCache.ScanAssembly (0ms)
			ScanForSourceGeneratedMonoScriptInfo (0ms)
			ResolveRequiredComponents (4ms)
	FinalizeReload (1387ms)
		ReleaseScriptCaches (0ms)
		RebuildScriptCaches (0ms)
		SetupLoadedEditorAssemblies (1113ms)
			LogAssemblyErrors (0ms)
			InitializePlatformSupportModulesInManaged (71ms)
			SetLoadedEditorAssemblies (9ms)
			RefreshPlugins (0ms)
			BeforeProcessingInitializeOnLoad (131ms)
			ProcessInitializeOnLoadAttributes (852ms)
			ProcessInitializeOnLoadMethodAttributes (29ms)
			AfterProcessingInitializeOnLoad (19ms)
			EditorAssembliesLoaded (1ms)
		ExecutionOrderSort2 (0ms)
		AwakeInstancesAfterBackupRestoration (25ms)
Refreshing native plugins compatible for Editor in 26.68 ms, found 3 plugins.
Preloading 0 native plugins for Editor in 0.00 ms.
Unloading 664 Unused Serialized files (Serialized files now loaded: 0)
Unloading 188 unused Assets / (84.8 KB). Loaded Objects now: 1071.
Memory consumption went from 72.3 MB to 72.2 MB.
Total: 2.864300 ms (FindLiveObjects: 0.085000 ms CreateObjectMapping: 0.021700 ms MarkObjects: 2.598800 ms  DeleteObjects: 0.148700 ms)

Prepare: number of updated asset objects reloaded= 0
AssetImportParameters requested are different than current active one (requested -> active):
  custom:video-encoder-webm-vp8: eb34c28f22e8b96e1ab97ce403110664 -> 
  custom:video-decoder-webm-vp8: 9c59270c3fd7afecdb556c50c9e8de78 -> 
  custom:audio-decoder-ogg-vorbis: bf7c407c2cedff20999df2af8eb42d56 -> 
  custom:video-decoder-ogg-theora: a1e56fd34408186e4bbccfd4996cb3dc -> 
  custom:audio-encoder-webm-vorbis: bf7c407c2cedff20999df2af8eb42d56 -> 
  custom:SearchIndexIgnoredProperties: e643bd26f0fe6173181afceb89e7c659 -> 
  custom:container-demuxer-ogg: 62fdf1f143b41e24485cea50d1cbac27 -> 
  custom:AudioImporter_EditorPlatform: d09bf68614088b80899f8185d706f6e7 -> 
  custom:CustomObjectIndexerAttribute: 9a22284fe3817be447336de3de66b15e -> 
  custom:framework-win-MediaFoundation: 216162199b28c13a410421893ffa2e32 -> 
  custom:container-demuxer-webm: 4f35f7cbe854078d1ac9338744f61a02 -> 
  custom:container-muxer-webm: aa71ff27fc2769a1b78a27578f13a17b -> 
  custom:video-codec-MediaFoundation-h265: 746d11721c4dcdbdad8f713fa42b33f4 -> 
========================================================================
Received Prepare
Refreshing native plugins compatible for Editor in 29.68 ms, found 3 plugins.
Preloading 0 native plugins for Editor in 0.00 ms.
Unloading 1 Unused Serialized files (Serialized files now loaded: 0)
Unloading 1 unused Assets / (3.1 KB). Loaded Objects now: 1071.
Memory consumption went from 60.6 MB to 60.6 MB.
Total: 2.626600 ms (FindLiveObjects: 0.079000 ms CreateObjectMapping: 0.019200 ms MarkObjects: 2.508600 ms  DeleteObjects: 0.018700 ms)

Prepare: number of updated asset objects reloaded= 0
AssetImportParameters requested are different than current active one (requested -> active):
  custom:video-encoder-webm-vp8: eb34c28f22e8b96e1ab97ce403110664 -> 
  custom:video-decoder-webm-vp8: 9c59270c3fd7afecdb556c50c9e8de78 -> 
  custom:audio-decoder-ogg-vorbis: bf7c407c2cedff20999df2af8eb42d56 -> 
  custom:video-decoder-ogg-theora: a1e56fd34408186e4bbccfd4996cb3dc -> 
  custom:audio-encoder-webm-vorbis: bf7c407c2cedff20999df2af8eb42d56 -> 
  custom:SearchIndexIgnoredProperties: e643bd26f0fe6173181afceb89e7c659 -> 
  custom:container-demuxer-ogg: 62fdf1f143b41e24485cea50d1cbac27 -> 
  custom:AudioImporter_EditorPlatform: d09bf68614088b80899f8185d706f6e7 -> 
  custom:CustomObjectIndexerAttribute: 9a22284fe3817be447336de3de66b15e -> 
  custom:framework-win-MediaFoundation: 216162199b28c13a410421893ffa2e32 -> 
  custom:container-demuxer-webm: 4f35f7cbe854078d1ac9338744f61a02 -> 
  custom:container-muxer-webm: aa71ff27fc2769a1b78a27578f13a17b -> 
  custom:video-codec-MediaFoundation-h265: 746d11721c4dcdbdad8f713fa42b33f4 -> 
========================================================================
Received Prepare
Refreshing native plugins compatible for Editor in 34.32 ms, found 3 plugins.
Preloading 0 native plugins for Editor in 0.00 ms.
Unloading 1 Unused Serialized files (Serialized files now loaded: 0)
Unloading 1 unused Assets / (3.1 KB). Loaded Objects now: 1071.
Memory consumption went from 60.2 MB to 60.2 MB.
Total: 9.856200 ms (FindLiveObjects: 0.120600 ms CreateObjectMapping: 0.039600 ms MarkObjects: 9.671400 ms  DeleteObjects: 0.023200 ms)

Prepare: number of updated asset objects reloaded= 0
AssetImportParameters requested are different than current active one (requested -> active):
  custom:video-encoder-webm-vp8: eb34c28f22e8b96e1ab97ce403110664 -> 
  custom:video-decoder-webm-vp8: 9c59270c3fd7afecdb556c50c9e8de78 -> 
  custom:audio-decoder-ogg-vorbis: bf7c407c2cedff20999df2af8eb42d56 -> 
  custom:video-decoder-ogg-theora: a1e56fd34408186e4bbccfd4996cb3dc -> 
  custom:audio-encoder-webm-vorbis: bf7c407c2cedff20999df2af8eb42d56 -> 
  custom:SearchIndexIgnoredProperties: e643bd26f0fe6173181afceb89e7c659 -> 
  custom:container-demuxer-ogg: 62fdf1f143b41e24485cea50d1cbac27 -> 
  custom:AudioImporter_EditorPlatform: d09bf68614088b80899f8185d706f6e7 -> 
  custom:CustomObjectIndexerAttribute: 9a22284fe3817be447336de3de66b15e -> 
  custom:framework-win-MediaFoundation: 216162199b28c13a410421893ffa2e32 -> 
  custom:container-demuxer-webm: 4f35f7cbe854078d1ac9338744f61a02 -> 
  custom:container-muxer-webm: aa71ff27fc2769a1b78a27578f13a17b -> 
  custom:video-codec-MediaFoundation-h265: 746d11721c4dcdbdad8f713fa42b33f4 -> 
========================================================================
Received Prepare
Refreshing native plugins compatible for Editor in 156.17 ms, found 3 plugins.
Preloading 0 native plugins for Editor in 0.00 ms.
Unloading 1 Unused Serialized files (Serialized files now loaded: 0)
Unloading 1 unused Assets / (3.1 KB). Loaded Objects now: 1071.
Memory consumption went from 60.2 MB to 60.2 MB.
Total: 5.407500 ms (FindLiveObjects: 0.112800 ms CreateObjectMapping: 0.026600 ms MarkObjects: 5.247700 ms  DeleteObjects: 0.018700 ms)

Prepare: number of updated asset objects reloaded= 0
AssetImportParameters requested are different than current active one (requested -> active):
  custom:video-encoder-webm-vp8: eb34c28f22e8b96e1ab97ce403110664 -> 
  custom:video-decoder-webm-vp8: 9c59270c3fd7afecdb556c50c9e8de78 -> 
  custom:audio-decoder-ogg-vorbis: bf7c407c2cedff20999df2af8eb42d56 -> 
  custom:video-decoder-ogg-theora: a1e56fd34408186e4bbccfd4996cb3dc -> 
  custom:audio-encoder-webm-vorbis: bf7c407c2cedff20999df2af8eb42d56 -> 
  custom:SearchIndexIgnoredProperties: e643bd26f0fe6173181afceb89e7c659 -> 
  custom:container-demuxer-ogg: 62fdf1f143b41e24485cea50d1cbac27 -> 
  custom:AudioImporter_EditorPlatform: d09bf68614088b80899f8185d706f6e7 -> 
  custom:CustomObjectIndexerAttribute: 9a22284fe3817be447336de3de66b15e -> 
  custom:framework-win-MediaFoundation: 216162199b28c13a410421893ffa2e32 -> 
  custom:container-demuxer-webm: 4f35f7cbe854078d1ac9338744f61a02 -> 
  custom:container-muxer-webm: aa71ff27fc2769a1b78a27578f13a17b -> 
  custom:video-codec-MediaFoundation-h265: 746d11721c4dcdbdad8f713fa42b33f4 -> 
